task_id,concept,prompt,target_text,target_first_token,target_token_count,layer,feature_id,feature_train_auroc,feature_test_auroc,feature_test_f1,position_policy,intervention_token_index,intervention_token_text,final_token_index,final_token_text,max_prompt_feature_token_index,max_prompt_feature_token_text,feature_activation,final_token_feature_activation,max_prompt_feature_activation,feature_active_at_intervention,feature_active_at_final_token,feature_active_anywhere,intervention,condition,control_id,random_control_count,delta_activation,perturbation_l2,execution_context_mean_logprob_drift,execution_context_js_drift,baseline_target_prob,modified_target_prob,target_prob_delta,target_logprob_delta,baseline_target_rank,modified_target_rank,target_rank_delta,baseline_target_sequence_logprob,modified_target_sequence_logprob,target_sequence_logprob_delta,baseline_target_mean_logprob,modified_target_mean_logprob,target_mean_logprob_delta,js_divergence,top1_changed
0,positive_sentiment,Sentiment: The meal was wonderful and the staff were kind. Label:, positive, positive,1,14,29229,0.9716435185185186,0.9869791666666667,0.7777777777777778,max_feature_activation,12,.,14,:,12,.,13.987390518188477,0.0,13.987390518188477,1,0,1,ablate,sae_feature,-1,8,-13.987390518188477,13.98738956451416,0.02824115753173828,8.39379572425969e-06,0.00018077554705087095,0.00021588156232610345,3.5106015275232494e-05,0.1774740219116211,678,579,-99,-8.618254661560059,-8.440780639648438,0.1774740219116211,-8.618254661560059,-8.440780639648438,0.1774740219116211,0.00011033914051949978,0
0,positive_sentiment,Sentiment: The meal was wonderful and the staff were kind. Label:, positive, positive,1,14,29229,0.9716435185185186,0.9869791666666667,0.7777777777777778,max_feature_activation,12,.,14,:,12,.,13.987390518188477,0.0,13.987390518188477,1,0,1,ablate,random_norm_matched,0,8,nan,13.987388610839844,0.02824115753173828,8.39379572425969e-06,0.00018077554705087095,0.00020838181080762297,2.7606263756752014e-05,0.14211559295654297,678,589,-89,-8.618254661560059,-8.476139068603516,0.14211559295654297,-8.618254661560059,-8.476139068603516,0.14211559295654297,0.0001128894800785929,0
0,positive_sentiment,Sentiment: The meal was wonderful and the staff were kind. Label:, positive, positive,1,14,29229,0.9716435185185186,0.9869791666666667,0.7777777777777778,max_feature_activation,12,.,14,:,12,.,13.987390518188477,0.0,13.987390518188477,1,0,1,ablate,random_norm_matched,1,8,nan,13.98738956451416,0.02824115753173828,8.39379572425969e-06,0.00018077554705087095,0.00014805389218963683,-3.272165486123413e-05,-0.19967937469482422,678,836,158,-8.618254661560059,-8.817934036254883,-0.19967937469482422,-8.618254661560059,-8.817934036254883,-0.19967937469482422,0.0001720427826512605,0
0,positive_sentiment,Sentiment: The meal was wonderful and the staff were kind. Label:, positive, positive,1,14,29229,0.9716435185185186,0.9869791666666667,0.7777777777777778,max_feature_activation,12,.,14,:,12,.,13.987390518188477,0.0,13.987390518188477,1,0,1,ablate,random_norm_matched,2,8,nan,13.98738956451416,0.02824115753173828,8.39379572425969e-06,0.00018077554705087095,0.00016967150440905243,-1.1104042641818523e-05,-0.06339168548583984,678,720,42,-8.618254661560059,-8.681646347045898,-0.06339168548583984,-8.618254661560059,-8.681646347045898,-0.06339168548583984,6.864385795779526e-05,0
0,positive_sentiment,Sentiment: The meal was wonderful and the staff were kind. Label:, positive, positive,1,14,29229,0.9716435185185186,0.9869791666666667,0.7777777777777778,max_feature_activation,12,.,14,:,12,.,13.987390518188477,0.0,13.987390518188477,1,0,1,ablate,random_norm_matched,3,8,nan,13.98738956451416,0.02824115753173828,8.39379572425969e-06,0.00018077554705087095,0.00017902368563227355,-1.7518614185974002e-06,-0.009737968444824219,678,676,-2,-8.618254661560059,-8.627992630004883,-0.009737968444824219,-8.618254661560059,-8.627992630004883,-0.009737968444824219,0.00011570201604627073,0
0,positive_sentiment,Sentiment: The meal was wonderful and the staff were kind. Label:, positive, positive,1,14,29229,0.9716435185185186,0.9869791666666667,0.7777777777777778,max_feature_activation,12,.,14,:,12,.,13.987390518188477,0.0,13.987390518188477,1,0,1,ablate,random_norm_matched,4,8,nan,13.987388610839844,0.02824115753173828,8.39379572425969e-06,0.00018077554705087095,0.00016562110977247357,-1.5154437278397381e-05,-0.08755302429199219,678,740,62,-8.618254661560059,-8.70580768585205,-0.08755302429199219,-8.618254661560059,-8.70580768585205,-0.08755302429199219,9.471774683333933e-05,0
0,positive_sentiment,Sentiment: The meal was wonderful and the staff were kind. Label:, positive, positive,1,14,29229,0.9716435185185186,0.9869791666666667,0.7777777777777778,max_feature_activation,12,.,14,:,12,.,13.987390518188477,0.0,13.987390518188477,1,0,1,ablate,random_norm_matched,5,8,nan,13.98738956451416,0.02824115753173828,8.39379572425969e-06,0.00018077554705087095,0.00016840109310578555,-1.2374453945085406e-05,-0.0709075927734375,678,723,45,-8.618254661560059,-8.689162254333496,-0.0709075927734375,-8.618254661560059,-8.689162254333496,-0.0709075927734375,0.00010350282536819577,0
0,positive_sentiment,Sentiment: The meal was wonderful and the staff were kind. Label:, positive, positive,1,14,29229,0.9716435185185186,0.9869791666666667,0.7777777777777778,max_feature_activation,12,.,14,:,12,.,13.987390518188477,0.0,13.987390518188477,1,0,1,ablate,random_norm_matched,6,8,nan,13.987390518188477,0.02824115753173828,8.39379572425969e-06,0.00018077554705087095,0.00018209070549346507,1.315158442594111e-06,0.007248878479003906,678,676,-2,-8.618254661560059,-8.611005783081055,0.007248878479003906,-8.618254661560059,-8.611005783081055,0.007248878479003906,6.610332638956606e-05,0
0,positive_sentiment,Sentiment: The meal was wonderful and the staff were kind. Label:, positive, positive,1,14,29229,0.9716435185185186,0.9869791666666667,0.7777777777777778,max_feature_activation,12,.,14,:,12,.,13.987390518188477,0.0,13.987390518188477,1,0,1,ablate,random_norm_matched,7,8,nan,13.987390518188477,0.02824115753173828,8.39379572425969e-06,0.00018077554705087095,0.00020131331984885037,2.0537772797979414e-05,0.10760688781738281,678,611,-67,-8.618254661560059,-8.510647773742676,0.10760688781738281,-8.618254661560059,-8.510647773742676,0.10760688781738281,7.661983545403928e-05,0
0,positive_sentiment,Sentiment: The meal was wonderful and the staff were kind. Label:, positive, positive,1,14,29229,0.9716435185185186,0.9869791666666667,0.7777777777777778,max_feature_activation,12,.,14,:,12,.,13.987390518188477,0.0,13.987390518188477,1,0,1,amplify_2x,sae_feature,-1,8,13.987390518188477,13.98738956451416,0.02824115753173828,8.39379572425969e-06,0.00018077554705087095,0.00015452892694156617,-2.6246620109304786e-05,-0.1568746566772461,678,796,118,-8.618254661560059,-8.775129318237305,-0.1568746566772461,-8.618254661560059,-8.775129318237305,-0.1568746566772461,9.98008472379297e-05,0
0,positive_sentiment,Sentiment: The meal was wonderful and the staff were kind. Label:, positive, positive,1,14,29229,0.9716435185185186,0.9869791666666667,0.7777777777777778,max_feature_activation,12,.,14,:,12,.,13.987390518188477,0.0,13.987390518188477,1,0,1,amplify_2x,random_norm_matched,0,8,nan,13.98738956451416,0.02824115753173828,8.39379572425969e-06,0.00018077554705087095,0.0002038362144958228,2.3060667444951832e-05,0.12006092071533203,678,602,-76,-8.618254661560059,-8.498193740844727,0.12006092071533203,-8.618254661560059,-8.498193740844727,0.12006092071533203,0.0003367795143276453,0
0,positive_sentiment,Sentiment: The meal was wonderful and the staff were kind. Label:, positive, positive,1,14,29229,0.9716435185185186,0.9869791666666667,0.7777777777777778,max_feature_activation,12,.,14,:,12,.,13.987390518188477,0.0,13.987390518188477,1,0,1,amplify_2x,random_norm_matched,1,8,nan,13.98738956451416,0.02824115753173828,8.39379572425969e-06,0.00018077554705087095,0.0001874665467767045,6.690999725833535e-06,0.03634452819824219,678,656,-22,-8.618254661560059,-8.581910133361816,0.03634452819824219,-8.618254661560059,-8.581910133361816,0.03634452819824219,7.130791345844045e-05,0
0,positive_sentiment,Sentiment: The meal was wonderful and the staff were kind. Label:, positive, positive,1,14,29229,0.9716435185185186,0.9869791666666667,0.7777777777777778,max_feature_activation,12,.,14,:,12,.,13.987390518188477,0.0,13.987390518188477,1,0,1,amplify_2x,random_norm_matched,2,8,nan,13.987390518188477,0.02824115753173828,8.39379572425969e-06,0.00018077554705087095,0.00016433050041086972,-1.6445046640001237e-05,-0.09537601470947266,678,742,64,-8.618254661560059,-8.713630676269531,-0.09537601470947266,-8.618254661560059,-8.713630676269531,-0.09537601470947266,9.713783219922334e-05,0
0,positive_sentiment,Sentiment: The meal was wonderful and the staff were kind. Label:, positive, positive,1,14,29229,0.9716435185185186,0.9869791666666667,0.7777777777777778,max_feature_activation,12,.,14,:,12,.,13.987390518188477,0.0,13.987390518188477,1,0,1,amplify_2x,random_norm_matched,3,8,nan,13.98738956451416,0.02824115753173828,8.39379572425969e-06,0.00018077554705087095,0.0001905917888507247,9.816241799853742e-06,0.052878379821777344,678,644,-34,-8.618254661560059,-8.565376281738281,0.052878379821777344,-8.618254661560059,-8.565376281738281,0.052878379821777344,7.900767377577722e-05,0
0,positive_sentiment,Sentiment: The meal was wonderful and the staff were kind. Label:, positive, positive,1,14,29229,0.9716435185185186,0.9869791666666667,0.7777777777777778,max_feature_activation,12,.,14,:,12,.,13.987390518188477,0.0,13.987390518188477,1,0,1,amplify_2x,random_norm_matched,4,8,nan,13.987388610839844,0.02824115753173828,8.39379572425969e-06,0.00018077554705087095,0.00019244648865424097,1.1670941603370011e-05,0.0625619888305664,678,645,-33,-8.618254661560059,-8.555692672729492,0.0625619888305664,-8.618254661560059,-8.555692672729492,0.0625619888305664,0.00013891098205931485,0
0,positive_sentiment,Sentiment: The meal was wonderful and the staff were kind. Label:, positive, positive,1,14,29229,0.9716435185185186,0.9869791666666667,0.7777777777777778,max_feature_activation,12,.,14,:,12,.,13.987390518188477,0.0,13.987390518188477,1,0,1,amplify_2x,random_norm_matched,5,8,nan,13.98738956451416,0.02824115753173828,8.39379572425969e-06,0.00018077554705087095,0.00017127007595263422,-9.50547109823674e-06,-0.05401420593261719,678,714,36,-8.618254661560059,-8.672268867492676,-0.05401420593261719,-8.618254661560059,-8.672268867492676,-0.05401420593261719,8.167285704985261e-05,0
0,positive_sentiment,Sentiment: The meal was wonderful and the staff were kind. Label:, positive, positive,1,14,29229,0.9716435185185186,0.9869791666666667,0.7777777777777778,max_feature_activation,12,.,14,:,12,.,13.987390518188477,0.0,13.987390518188477,1,0,1,amplify_2x,random_norm_matched,6,8,nan,13.987388610839844,0.02824115753173828,8.39379572425969e-06,0.00018077554705087095,0.00015656907635275275,-2.420647069811821e-05,-0.14375877380371094,678,785,107,-8.618254661560059,-8.76201343536377,-0.14375877380371094,-8.618254661560059,-8.76201343536377,-0.14375877380371094,0.00014384128735400736,0
0,positive_sentiment,Sentiment: The meal was wonderful and the staff were kind. Label:, positive, positive,1,14,29229,0.9716435185185186,0.9869791666666667,0.7777777777777778,max_feature_activation,12,.,14,:,12,.,13.987390518188477,0.0,13.987390518188477,1,0,1,amplify_2x,random_norm_matched,7,8,nan,13.98738956451416,0.02824115753173828,8.39379572425969e-06,0.00018077554705087095,0.00019697871175594628,1.6203164705075324e-05,0.08583927154541016,678,622,-56,-8.618254661560059,-8.532415390014648,0.08583927154541016,-8.618254661560059,-8.532415390014648,0.08583927154541016,0.00023108898312784731,0
1,positive_sentiment,"Sentiment: I loved the thoughtful, beautifully written novel. Label:", positive, positive,1,14,29229,0.9716435185185186,0.9869791666666667,0.7777777777777778,max_feature_activation,11,.,13,:,11,.,12.546708106994629,0.0,12.546708106994629,1,0,1,ablate,sae_feature,-1,8,-12.546708106994629,12.546708106994629,-0.0009002685546875,6.4849809859879315e-06,1.8242340956931002e-05,1.9102917576674372e-05,8.605766197433695e-07,0.046095848083496094,3273,3135,-138,-10.911765098571777,-10.865669250488281,0.046095848083496094,-10.911765098571777,-10.865669250488281,0.046095848083496094,0.00014984258450567722,0
1,positive_sentiment,"Sentiment: I loved the thoughtful, beautifully written novel. Label:", positive, positive,1,14,29229,0.9716435185185186,0.9869791666666667,0.7777777777777778,max_feature_activation,11,.,13,:,11,.,12.546708106994629,0.0,12.546708106994629,1,0,1,ablate,random_norm_matched,0,8,nan,12.546708106994629,-0.0009002685546875,6.4849809859879315e-06,1.8242340956931002e-05,1.6889278413145803e-05,-1.3530625437851995e-06,-0.07706642150878906,3273,3412,139,-10.911765098571777,-10.988831520080566,-0.07706642150878906,-10.911765098571777,-10.988831520080566,-0.07706642150878906,0.00013117969501763582,0
1,positive_sentiment,"Sentiment: I loved the thoughtful, beautifully written novel. Label:", positive, positive,1,14,29229,0.9716435185185186,0.9869791666666667,0.7777777777777778,max_feature_activation,11,.,13,:,11,.,12.546708106994629,0.0,12.546708106994629,1,0,1,ablate,random_norm_matched,1,8,nan,12.546710014343262,-0.0009002685546875,6.4849809859879315e-06,1.8242340956931002e-05,1.7579739505890757e-05,-6.626014510402456e-07,-0.036998748779296875,3273,3305,32,-10.911765098571777,-10.948763847351074,-0.036998748779296875,-10.911765098571777,-10.948763847351074,-0.036998748779296875,0.00013484503142535686,0
1,positive_sentiment,"Sentiment: I loved the thoughtful, beautifully written novel. Label:", positive, positive,1,14,29229,0.9716435185185186,0.9869791666666667,0.7777777777777778,max_feature_activation,11,.,13,:,11,.,12.546708106994629,0.0,12.546708106994629,1,0,1,ablate,random_norm_matched,2,8,nan,12.546708106994629,-0.0009002685546875,6.4849809859879315e-06,1.8242340956931002e-05,1.7620061043999158e-05,-6.222799129318446e-07,-0.034707069396972656,3273,3349,76,-10.911765098571777,-10.94647216796875,-0.034707069396972656,-10.911765098571777,-10.94647216796875,-0.034707069396972656,7.150541932787746e-05,0
1,positive_sentiment,"Sentiment: I loved the thoughtful, beautifully written novel. Label:", positive, positive,1,14,29229,0.9716435185185186,0.9869791666666667,0.7777777777777778,max_feature_activation,11,.,13,:,11,.,12.546708106994629,0.0,12.546708106994629,1,0,1,ablate,random_norm_matched,3,8,nan,12.546708106994629,-0.0009002685546875,6.4849809859879315e-06,1.8242340956931002e-05,1.9178227375959978e-05,9.358864190289751e-07,0.050029754638671875,3273,3147,-126,-10.911765098571777,-10.861735343933105,0.050029754638671875,-10.911765098571777,-10.861735343933105,0.050029754638671875,8.264859206974506e-05,0
1,positive_sentiment,"Sentiment: I loved the thoughtful, beautifully written novel. Label:", positive, positive,1,14,29229,0.9716435185185186,0.9869791666666667,0.7777777777777778,max_feature_activation,11,.,13,:,11,.,12.546708106994629,0.0,12.546708106994629,1,0,1,ablate,random_norm_matched,4,8,nan,12.546708106994629,-0.0009002685546875,6.4849809859879315e-06,1.8242340956931002e-05,1.9166218407917768e-05,9.238774509867653e-07,0.049404144287109375,3273,3186,-87,-10.911765098571777,-10.862360954284668,0.049404144287109375,-10.911765098571777,-10.862360954284668,0.049404144287109375,3.1727919122204185e-05,0
1,positive_sentiment,"Sentiment: I loved the thoughtful, beautifully written novel. Label:", positive, positive,1,14,29229,0.9716435185185186,0.9869791666666667,0.7777777777777778,max_feature_activation,11,.,13,:,11,.,12.546708106994629,0.0,12.546708106994629,1,0,1,ablate,random_norm_matched,5,8,nan,12.546708106994629,-0.0009002685546875,6.4849809859879315e-06,1.8242340956931002e-05,1.786077336873859e-05,-3.8156758819241077e-07,-0.02113819122314453,3273,3363,90,-10.911765098571777,-10.932903289794922,-0.02113819122314453,-10.911765098571777,-10.932903289794922,-0.02113819122314453,8.856074418872595e-05,0
1,positive_sentiment,"Sentiment: I loved the thoughtful, beautifully written novel. Label:", positive, positive,1,14,29229,0.9716435185185186,0.9869791666666667,0.7777777777777778,max_feature_activation,11,.,13,:,11,.,12.546708106994629,0.0,12.546708106994629,1,0,1,ablate,random_norm_matched,6,8,nan,12.546708106994629,-0.0009002685546875,6.4849809859879315e-06,1.8242340956931002e-05,1.8768381778500043e-05,5.260408215690404e-07,0.028428077697753906,3273,3204,-69,-10.911765098571777,-10.883337020874023,0.028428077697753906,-10.911765098571777,-10.883337020874023,0.028428077697753906,4.796628491021693e-05,0
1,positive_sentiment,"Sentiment: I loved the thoughtful, beautifully written novel. Label:", positive, positive,1,14,29229,0.9716435185185186,0.9869791666666667,0.7777777777777778,max_feature_activation,11,.,13,:,11,.,12.546708106994629,0.0,12.546708106994629,1,0,1,ablate,random_norm_matched,7,8,nan,12.546708106994629,-0.0009002685546875,6.4849809859879315e-06,1.8242340956931002e-05,1.85332046385156e-05,2.9086368158459663e-07,0.01581859588623047,3273,3257,-16,-10.911765098571777,-10.895946502685547,0.01581859588623047,-10.911765098571777,-10.895946502685547,0.01581859588623047,3.669859142974019e-05,0
1,positive_sentiment,"Sentiment: I loved the thoughtful, beautifully written novel. Label:", positive, positive,1,14,29229,0.9716435185185186,0.9869791666666667,0.7777777777777778,max_feature_activation,11,.,13,:,11,.,12.546708106994629,0.0,12.546708106994629,1,0,1,amplify_2x,sae_feature,-1,8,12.546708106994629,12.546708106994629,-0.0009002685546875,6.4849809859879315e-06,1.8242340956931002e-05,1.7444863260607235e-05,-7.974776963237673e-07,-0.04470062255859375,3273,3429,156,-10.911765098571777,-10.956465721130371,-0.04470062255859375,-10.911765098571777,-10.956465721130371,-0.04470062255859375,9.261193918064237e-05,0
1,positive_sentiment,"Sentiment: I loved the thoughtful, beautifully written novel. Label:", positive, positive,1,14,29229,0.9716435185185186,0.9869791666666667,0.7777777777777778,max_feature_activation,11,.,13,:,11,.,12.546708106994629,0.0,12.546708106994629,1,0,1,amplify_2x,random_norm_matched,0,8,nan,12.546708106994629,-0.0009002685546875,6.4849809859879315e-06,1.8242340956931002e-05,1.8376780644757673e-05,1.344396878266707e-07,0.007342338562011719,3273,3250,-23,-10.911765098571777,-10.904422760009766,0.007342338562011719,-10.911765098571777,-10.904422760009766,0.007342338562011719,7.3466551839374e-05,0
1,positive_sentiment,"Sentiment: I loved the thoughtful, beautifully written novel. Label:", positive, positive,1,14,29229,0.9716435185185186,0.9869791666666667,0.7777777777777778,max_feature_activation,11,.,13,:,11,.,12.546708106994629,0.0,12.546708106994629,1,0,1,amplify_2x,random_norm_matched,1,8,nan,12.546708106994629,-0.0009002685546875,6.4849809859879315e-06,1.8242340956931002e-05,1.868694380391389e-05,4.446028469828889e-07,0.024079322814941406,3273,3224,-49,-10.911765098571777,-10.887685775756836,0.024079322814941406,-10.911765098571777,-10.887685775756836,0.024079322814941406,3.191955329384655e-05,0
1,positive_sentiment,"Sentiment: I loved the thoughtful, beautifully written novel. Label:", positive, positive,1,14,29229,0.9716435185185186,0.9869791666666667,0.7777777777777778,max_feature_activation,11,.,13,:,11,.,12.546708106994629,0.0,12.546708106994629,1,0,1,amplify_2x,random_norm_matched,2,8,nan,12.546707153320312,-0.0009002685546875,6.4849809859879315e-06,1.8242340956931002e-05,1.7263966583414003e-05,-9.783743735169992e-07,-0.05512428283691406,3273,3410,137,-10.911765098571777,-10.966889381408691,-0.05512428283691406,-10.911765098571777,-10.966889381408691,-0.05512428283691406,2.7819594833999872e-05,0
1,positive_sentiment,"Sentiment: I loved the thoughtful, beautifully written novel. Label:", positive, positive,1,14,29229,0.9716435185185186,0.9869791666666667,0.7777777777777778,max_feature_activation,11,.,13,:,11,.,12.546708106994629,0.0,12.546708106994629,1,0,1,amplify_2x,random_norm_matched,3,8,nan,12.546708106994629,-0.0009002685546875,6.4849809859879315e-06,1.8242340956931002e-05,1.9176331989001483e-05,9.339910320704803e-07,0.04993152618408203,3273,3170,-103,-10.911765098571777,-10.861833572387695,0.04993152618408203,-10.911765098571777,-10.861833572387695,0.04993152618408203,4.4161897676531225e-05,0
1,positive_sentiment,"Sentiment: I loved the thoughtful, beautifully written novel. Label:", positive, positive,1,14,29229,0.9716435185185186,0.9869791666666667,0.7777777777777778,max_feature_activation,11,.,13,:,11,.,12.546708106994629,0.0,12.546708106994629,1,0,1,amplify_2x,random_norm_matched,4,8,nan,12.546708106994629,-0.0009002685546875,6.4849809859879315e-06,1.8242340956931002e-05,1.8504424588172697e-05,2.620836312416941e-07,0.014264106750488281,3273,3261,-12,-10.911765098571777,-10.897500991821289,0.014264106750488281,-10.911765098571777,-10.897500991821289,0.014264106750488281,4.649523179978132e-05,0
1,positive_sentiment,"Sentiment: I loved the thoughtful, beautifully written novel. Label:", positive, positive,1,14,29229,0.9716435185185186,0.9869791666666667,0.7777777777777778,max_feature_activation,11,.,13,:,11,.,12.546708106994629,0.0,12.546708106994629,1,0,1,amplify_2x,random_norm_matched,5,8,nan,12.546708106994629,-0.0009002685546875,6.4849809859879315e-06,1.8242340956931002e-05,1.8093000107910484e-05,-1.4934084902051836e-07,-0.008220672607421875,3273,3342,69,-10.911765098571777,-10.9199857711792,-0.008220672607421875,-10.911765098571777,-10.9199857711792,-0.008220672607421875,5.890079773962498e-05,0
1,positive_sentiment,"Sentiment: I loved the thoughtful, beautifully written novel. Label:", positive, positive,1,14,29229,0.9716435185185186,0.9869791666666667,0.7777777777777778,max_feature_activation,11,.,13,:,11,.,12.546708106994629,0.0,12.546708106994629,1,0,1,amplify_2x,random_norm_matched,6,8,nan,12.546708106994629,-0.0009002685546875,6.4849809859879315e-06,1.8242340956931002e-05,1.7242749891011044e-05,-9.99591065919958e-07,-0.05635356903076172,3273,3393,120,-10.911765098571777,-10.968118667602539,-0.05635356903076172,-10.911765098571777,-10.968118667602539,-0.05635356903076172,5.378114292398095e-05,0
1,positive_sentiment,"Sentiment: I loved the thoughtful, beautifully written novel. Label:", positive, positive,1,14,29229,0.9716435185185186,0.9869791666666667,0.7777777777777778,max_feature_activation,11,.,13,:,11,.,12.546708106994629,0.0,12.546708106994629,1,0,1,amplify_2x,random_norm_matched,7,8,nan,12.546709060668945,-0.0009002685546875,6.4849809859879315e-06,1.8242340956931002e-05,1.744610744935926e-05,-7.962335075717419e-07,-0.04462909698486328,3273,3367,94,-10.911765098571777,-10.95639419555664,-0.04462909698486328,-10.911765098571777,-10.95639419555664,-0.04462909698486328,4.500756040215492e-05,0
2,positive_sentiment,Sentiment: The service was fast and extremely helpful. Label:, positive, positive,1,14,29229,0.9716435185185186,0.9869791666666667,0.7777777777777778,max_feature_activation,10,.,12,:,10,.,14.827260971069336,0.0,14.827260971069336,1,0,1,ablate,sae_feature,-1,8,-14.827260971069336,14.82726001739502,0.03220653533935547,2.2502499632537365e-05,0.011724600568413734,0.01315837912261486,0.001433778554201126,0.11536931991577148,12,10,-2,-4.446065902709961,-4.3306965827941895,0.11536931991577148,-4.446065902709961,-4.3306965827941895,0.11536931991577148,0.00046487947111018,0
2,positive_sentiment,Sentiment: The service was fast and extremely helpful. Label:, positive, positive,1,14,29229,0.9716435185185186,0.9869791666666667,0.7777777777777778,max_feature_activation,10,.,12,:,10,.,14.827260971069336,0.0,14.827260971069336,1,0,1,ablate,random_norm_matched,0,8,nan,14.827259063720703,0.03220653533935547,2.2502499632537365e-05,0.011724600568413734,0.012287773191928864,0.0005631726235151291,0.04691505432128906,12,11,-1,-4.446065902709961,-4.399150848388672,0.04691505432128906,-4.446065902709961,-4.399150848388672,0.04691505432128906,0.00018835111404769123,0
2,positive_sentiment,Sentiment: The service was fast and extremely helpful. Label:, positive, positive,1,14,29229,0.9716435185185186,0.9869791666666667,0.7777777777777778,max_feature_activation,10,.,12,:,10,.,14.827260971069336,0.0,14.827260971069336,1,0,1,ablate,random_norm_matched,1,8,nan,14.82726001739502,0.03220653533935547,2.2502499632537365e-05,0.011724600568413734,0.011347324587404728,-0.0003772759810090065,-0.03270721435546875,12,13,1,-4.446065902709961,-4.47877311706543,-0.03270721435546875,-4.446065902709961,-4.47877311706543,-0.03270721435546875,6.394156662281603e-05,0
2,positive_sentiment,Sentiment: The service was fast and extremely helpful. Label:, positive, positive,1,14,29229,0.9716435185185186,0.9869791666666667,0.7777777777777778,max_feature_activation,10,.,12,:,10,.,14.827260971069336,0.0,14.827260971069336,1,0,1,ablate,random_norm_matched,2,8,nan,14.827260971069336,0.03220653533935547,2.2502499632537365e-05,0.011724600568413734,0.011962215416133404,0.00023761484771966934,0.020063400268554688,12,12,0,-4.446065902709961,-4.426002502441406,0.020063400268554688,-4.446065902709961,-4.426002502441406,0.020063400268554688,6.382309948094189e-05,0
2,positive_sentiment,Sentiment: The service was fast and extremely helpful. Label:, positive, positive,1,14,29229,0.9716435185185186,0.9869791666666667,0.7777777777777778,max_feature_activation,10,.,12,:,10,.,14.827260971069336,0.0,14.827260971069336,1,0,1,ablate,random_norm_matched,3,8,nan,14.82726001739502,0.03220653533935547,2.2502499632537365e-05,0.011724600568413734,0.011634177528321743,-9.042304009199142e-05,-0.0077419281005859375,12,13,1,-4.446065902709961,-4.453807830810547,-0.0077419281005859375,-4.446065902709961,-4.453807830810547,-0.0077419281005859375,8.42802255647257e-05,0
2,positive_sentiment,Sentiment: The service was fast and extremely helpful. Label:, positive, positive,1,14,29229,0.9716435185185186,0.9869791666666667,0.7777777777777778,max_feature_activation,10,.,12,:,10,.,14.827260971069336,0.0,14.827260971069336,1,0,1,ablate,random_norm_matched,4,8,nan,14.827260971069336,0.03220653533935547,2.2502499632537365e-05,0.011724600568413734,0.010695688426494598,-0.001028912141919136,-0.09184837341308594,12,13,1,-4.446065902709961,-4.537914276123047,-0.09184837341308594,-4.446065902709961,-4.537914276123047,-0.09184837341308594,0.0001413460704497993,0
2,positive_sentiment,Sentiment: The service was fast and extremely helpful. Label:, positive, positive,1,14,29229,0.9716435185185186,0.9869791666666667,0.7777777777777778,max_feature_activation,10,.,12,:,10,.,14.827260971069336,0.0,14.827260971069336,1,0,1,ablate,random_norm_matched,5,8,nan,14.827259063720703,0.03220653533935547,2.2502499632537365e-05,0.011724600568413734,0.01106930710375309,-0.0006552934646606445,-0.05751323699951172,12,13,1,-4.446065902709961,-4.503579139709473,-0.05751323699951172,-4.446065902709961,-4.503579139709473,-0.05751323699951172,0.00014002967509441078,0
2,positive_sentiment,Sentiment: The service was fast and extremely helpful. Label:, positive, positive,1,14,29229,0.9716435185185186,0.9869791666666667,0.7777777777777778,max_feature_activation,10,.,12,:,10,.,14.827260971069336,0.0,14.827260971069336,1,0,1,ablate,random_norm_matched,6,8,nan,14.82726001739502,0.03220653533935547,2.2502499632537365e-05,0.011724600568413734,0.01123933494091034,-0.0004852656275033951,-0.04226970672607422,12,13,1,-4.446065902709961,-4.488335609436035,-0.04226970672607422,-4.446065902709961,-4.488335609436035,-0.04226970672607422,0.00016016236622817814,0
2,positive_sentiment,Sentiment: The service was fast and extremely helpful. Label:, positive, positive,1,14,29229,0.9716435185185186,0.9869791666666667,0.7777777777777778,max_feature_activation,10,.,12,:,10,.,14.827260971069336,0.0,14.827260971069336,1,0,1,ablate,random_norm_matched,7,8,nan,14.82726001739502,0.03220653533935547,2.2502499632537365e-05,0.011724600568413734,0.010731621645390987,-0.000992978923022747,-0.08849477767944336,12,13,1,-4.446065902709961,-4.534560680389404,-0.08849477767944336,-4.446065902709961,-4.534560680389404,-0.08849477767944336,0.00032530096359550953,0
2,positive_sentiment,Sentiment: The service was fast and extremely helpful. Label:, positive, positive,1,14,29229,0.9716435185185186,0.9869791666666667,0.7777777777777778,max_feature_activation,10,.,12,:,10,.,14.827260971069336,0.0,14.827260971069336,1,0,1,amplify_2x,sae_feature,-1,8,14.827260971069336,14.82726001739502,0.03220653533935547,2.2502499632537365e-05,0.011724600568413734,0.010571311227977276,-0.0011532893404364586,-0.1035456657409668,12,13,1,-4.446065902709961,-4.549611568450928,-0.1035456657409668,-4.446065902709961,-4.549611568450928,-0.1035456657409668,0.0003780740371439606,0
2,positive_sentiment,Sentiment: The service was fast and extremely helpful. Label:, positive, positive,1,14,29229,0.9716435185185186,0.9869791666666667,0.7777777777777778,max_feature_activation,10,.,12,:,10,.,14.827260971069336,0.0,14.827260971069336,1,0,1,amplify_2x,random_norm_matched,0,8,nan,14.82726001739502,0.03220653533935547,2.2502499632537365e-05,0.011724600568413734,0.011339724995195866,-0.0003848755732178688,-0.033377647399902344,12,13,1,-4.446065902709961,-4.479443550109863,-0.033377647399902344,-4.446065902709961,-4.479443550109863,-0.033377647399902344,0.0001147888251580298,0
2,positive_sentiment,Sentiment: The service was fast and extremely helpful. Label:, positive, positive,1,14,29229,0.9716435185185186,0.9869791666666667,0.7777777777777778,max_feature_activation,10,.,12,:,10,.,14.827260971069336,0.0,14.827260971069336,1,0,1,amplify_2x,random_norm_matched,1,8,nan,14.82726001739502,0.03220653533935547,2.2502499632537365e-05,0.011724600568413734,0.011621322482824326,-0.00010327808558940887,-0.008848190307617188,12,12,0,-4.446065902709961,-4.454914093017578,-0.008848190307617188,-4.446065902709961,-4.454914093017578,-0.008848190307617188,9.838605183176696e-05,0
2,positive_sentiment,Sentiment: The service was fast and extremely helpful. Label:, positive, positive,1,14,29229,0.9716435185185186,0.9869791666666667,0.7777777777777778,max_feature_activation,10,.,12,:,10,.,14.827260971069336,0.0,14.827260971069336,1,0,1,amplify_2x,random_norm_matched,2,8,nan,14.827260971069336,0.03220653533935547,2.2502499632537365e-05,0.011724600568413734,0.01303985808044672,0.0013152575120329857,0.10632133483886719,12,11,-1,-4.446065902709961,-4.339744567871094,0.10632133483886719,-4.446065902709961,-4.339744567871094,0.10632133483886719,0.00021693181770388037,0
2,positive_sentiment,Sentiment: The service was fast and extremely helpful. Label:, positive, positive,1,14,29229,0.9716435185185186,0.9869791666666667,0.7777777777777778,max_feature_activation,10,.,12,:,10,.,14.827260971069336,0.0,14.827260971069336,1,0,1,amplify_2x,random_norm_matched,3,8,nan,14.82726001739502,0.03220653533935547,2.2502499632537365e-05,0.011724600568413734,0.010129880160093307,-0.001594720408320427,-0.14620018005371094,12,13,1,-4.446065902709961,-4.592266082763672,-0.14620018005371094,-4.446065902709961,-4.592266082763672,-0.14620018005371094,0.0002807127311825752,0
2,positive_sentiment,Sentiment: The service was fast and extremely helpful. Label:, positive, positive,1,14,29229,0.9716435185185186,0.9869791666666667,0.7777777777777778,max_feature_activation,10,.,12,:,10,.,14.827260971069336,0.0,14.827260971069336,1,0,1,amplify_2x,random_norm_matched,4,8,nan,14.827258110046387,0.03220653533935547,2.2502499632537365e-05,0.011724600568413734,0.012308583594858646,0.000583983026444912,0.04860734939575195,12,11,-1,-4.446065902709961,-4.397458553314209,0.04860734939575195,-4.446065902709961,-4.397458553314209,0.04860734939575195,0.00012594556028489023,0
2,positive_sentiment,Sentiment: The service was fast and extremely helpful. Label:, positive, positive,1,14,29229,0.9716435185185186,0.9869791666666667,0.7777777777777778,max_feature_activation,10,.,12,:,10,.,14.827260971069336,0.0,14.827260971069336,1,0,1,amplify_2x,random_norm_matched,5,8,nan,14.827258110046387,0.03220653533935547,2.2502499632537365e-05,0.011724600568413734,0.011630733497440815,-9.386707097291946e-05,-0.008038520812988281,12,12,0,-4.446065902709961,-4.454104423522949,-0.008038520812988281,-4.446065902709961,-4.454104423522949,-0.008038520812988281,0.0001161779509857297,0
2,positive_sentiment,Sentiment: The service was fast and extremely helpful. Label:, positive, positive,1,14,29229,0.9716435185185186,0.9869791666666667,0.7777777777777778,max_feature_activation,10,.,12,:,10,.,14.827260971069336,0.0,14.827260971069336,1,0,1,amplify_2x,random_norm_matched,6,8,nan,14.82726001739502,0.03220653533935547,2.2502499632537365e-05,0.011724600568413734,0.011931750923395157,0.00020715035498142242,0.017513751983642578,12,13,1,-4.446065902709961,-4.428552150726318,0.017513751983642578,-4.446065902709961,-4.428552150726318,0.017513751983642578,0.00010236283560516313,0
2,positive_sentiment,Sentiment: The service was fast and extremely helpful. Label:, positive, positive,1,14,29229,0.9716435185185186,0.9869791666666667,0.7777777777777778,max_feature_activation,10,.,12,:,10,.,14.827260971069336,0.0,14.827260971069336,1,0,1,amplify_2x,random_norm_matched,7,8,nan,14.827260971069336,0.03220653533935547,2.2502499632537365e-05,0.011724600568413734,0.012685400433838367,0.000960799865424633,0.07876253128051758,12,11,-1,-4.446065902709961,-4.367303371429443,0.07876253128051758,-4.446065902709961,-4.367303371429443,0.07876253128051758,0.00023873943428043276,0
3,positive_sentiment,Sentiment: The journey was comfortable and enjoyable. Label:, positive, positive,1,14,29229,0.9716435185185186,0.9869791666666667,0.7777777777777778,max_feature_activation,9,.,11,:,9,.,9.413132667541504,0.0,9.413132667541504,1,0,1,ablate,sae_feature,-1,8,-9.413132667541504,9.413131713867188,-0.04983854293823242,1.0810625099111348e-05,0.0005935031804256141,0.000627451459877193,3.3948279451578856e-05,0.05562400817871094,199,183,-16,-7.429468154907227,-7.373844146728516,0.05562400817871094,-7.429468154907227,-7.373844146728516,0.05562400817871094,2.7094509277958423e-05,0
3,positive_sentiment,Sentiment: The journey was comfortable and enjoyable. Label:, positive, positive,1,14,29229,0.9716435185185186,0.9869791666666667,0.7777777777777778,max_feature_activation,9,.,11,:,9,.,9.413132667541504,0.0,9.413132667541504,1,0,1,ablate,random_norm_matched,0,8,nan,9.413131713867188,-0.04983854293823242,1.0810625099111348e-05,0.0005935031804256141,0.0006023519672453403,8.848786819726229e-06,0.01479959487915039,199,193,-6,-7.429468154907227,-7.414668560028076,0.01479959487915039,-7.429468154907227,-7.414668560028076,0.01479959487915039,2.24325976887485e-05,0
3,positive_sentiment,Sentiment: The journey was comfortable and enjoyable. Label:, positive, positive,1,14,29229,0.9716435185185186,0.9869791666666667,0.7777777777777778,max_feature_activation,9,.,11,:,9,.,9.413132667541504,0.0,9.413132667541504,1,0,1,ablate,random_norm_matched,1,8,nan,9.413131713867188,-0.04983854293823242,1.0810625099111348e-05,0.0005935031804256141,0.0005727150128223002,-2.0788167603313923e-05,-0.03565406799316406,199,209,10,-7.429468154907227,-7.465122222900391,-0.03565406799316406,-7.429468154907227,-7.465122222900391,-0.03565406799316406,3.6628447560360655e-05,0
3,positive_sentiment,Sentiment: The journey was comfortable and enjoyable. Label:, positive, positive,1,14,29229,0.9716435185185186,0.9869791666666667,0.7777777777777778,max_feature_activation,9,.,11,:,9,.,9.413132667541504,0.0,9.413132667541504,1,0,1,ablate,random_norm_matched,2,8,nan,9.413131713867188,-0.04983854293823242,1.0810625099111348e-05,0.0005935031804256141,0.0005726388189941645,-2.0864361431449652e-05,-0.03578758239746094,199,206,7,-7.429468154907227,-7.4652557373046875,-0.03578758239746094,-7.429468154907227,-7.4652557373046875,-0.03578758239746094,3.669122816063464e-05,0
3,positive_sentiment,Sentiment: The journey was comfortable and enjoyable. Label:, positive, positive,1,14,29229,0.9716435185185186,0.9869791666666667,0.7777777777777778,max_feature_activation,9,.,11,:,9,.,9.413132667541504,0.0,9.413132667541504,1,0,1,ablate,random_norm_matched,3,8,nan,9.413131713867188,-0.04983854293823242,1.0810625099111348e-05,0.0005935031804256141,0.000584895838983357,-8.607341442257166e-06,-0.014608383178710938,199,202,3,-7.429468154907227,-7.4440765380859375,-0.014608383178710938,-7.429468154907227,-7.4440765380859375,-0.014608383178710938,4.394029383547604e-05,0
3,positive_sentiment,Sentiment: The journey was comfortable and enjoyable. Label:, positive, positive,1,14,29229,0.9716435185185186,0.9869791666666667,0.7777777777777778,max_feature_activation,9,.,11,:,9,.,9.413132667541504,0.0,9.413132667541504,1,0,1,ablate,random_norm_matched,4,8,nan,9.413131713867188,-0.04983854293823242,1.0810625099111348e-05,0.0005935031804256141,0.0006581383058801293,6.463512545451522e-05,0.10337257385253906,199,174,-25,-7.429468154907227,-7.3260955810546875,0.10337257385253906,-7.429468154907227,-7.3260955810546875,0.10337257385253906,4.727059422293678e-05,0
3,positive_sentiment,Sentiment: The journey was comfortable and enjoyable. Label:, positive, positive,1,14,29229,0.9716435185185186,0.9869791666666667,0.7777777777777778,max_feature_activation,9,.,11,:,9,.,9.413132667541504,0.0,9.413132667541504,1,0,1,ablate,random_norm_matched,5,8,nan,9.413131713867188,-0.04983854293823242,1.0810625099111348e-05,0.0005935031804256141,0.0006286706775426865,3.5167497117072344e-05,0.057564735412597656,199,185,-14,-7.429468154907227,-7.371903419494629,0.057564735412597656,-7.429468154907227,-7.371903419494629,0.057564735412597656,3.5629855119623244e-05,0
3,positive_sentiment,Sentiment: The journey was comfortable and enjoyable. Label:, positive, positive,1,14,29229,0.9716435185185186,0.9869791666666667,0.7777777777777778,max_feature_activation,9,.,11,:,9,.,9.413132667541504,0.0,9.413132667541504,1,0,1,ablate,random_norm_matched,6,8,nan,9.413131713867188,-0.04983854293823242,1.0810625099111348e-05,0.0005935031804256141,0.0006154439179226756,2.194073749706149e-05,0.036301612854003906,199,189,-10,-7.429468154907227,-7.393166542053223,0.036301612854003906,-7.429468154907227,-7.393166542053223,0.036301612854003906,2.6618270567269064e-05,0
3,positive_sentiment,Sentiment: The journey was comfortable and enjoyable. Label:, positive, positive,1,14,29229,0.9716435185185186,0.9869791666666667,0.7777777777777778,max_feature_activation,9,.,11,:,9,.,9.413132667541504,0.0,9.413132667541504,1,0,1,ablate,random_norm_matched,7,8,nan,9.413131713867188,-0.04983854293823242,1.0810625099111348e-05,0.0005935031804256141,0.0005806313129141927,-1.2871867511421442e-05,-0.021926403045654297,199,206,7,-7.429468154907227,-7.451394557952881,-0.021926403045654297,-7.429468154907227,-7.451394557952881,-0.021926403045654297,1.7354566807625815e-05,0
3,positive_sentiment,Sentiment: The journey was comfortable and enjoyable. Label:, positive, positive,1,14,29229,0.9716435185185186,0.9869791666666667,0.7777777777777778,max_feature_activation,9,.,11,:,9,.,9.413132667541504,0.0,9.413132667541504,1,0,1,amplify_2x,sae_feature,-1,8,9.413132667541504,9.413131713867188,-0.04983854293823242,1.0810625099111348e-05,0.0005935031804256141,0.0005744075169786811,-1.909566344693303e-05,-0.032703399658203125,199,206,7,-7.429468154907227,-7.46217155456543,-0.032703399658203125,-7.429468154907227,-7.46217155456543,-0.032703399658203125,3.474686309345998e-05,0
3,positive_sentiment,Sentiment: The journey was comfortable and enjoyable. Label:, positive, positive,1,14,29229,0.9716435185185186,0.9869791666666667,0.7777777777777778,max_feature_activation,9,.,11,:,9,.,9.413132667541504,0.0,9.413132667541504,1,0,1,amplify_2x,random_norm_matched,0,8,nan,9.413131713867188,-0.04983854293823242,1.0810625099111348e-05,0.0005935031804256141,0.0005693568382412195,-2.4146342184394598e-05,-0.0415349006652832,199,211,12,-7.429468154907227,-7.47100305557251,-0.0415349006652832,-7.429468154907227,-7.47100305557251,-0.0415349006652832,3.217444464098662e-05,0
3,positive_sentiment,Sentiment: The journey was comfortable and enjoyable. Label:, positive, positive,1,14,29229,0.9716435185185186,0.9869791666666667,0.7777777777777778,max_feature_activation,9,.,11,:,9,.,9.413132667541504,0.0,9.413132667541504,1,0,1,amplify_2x,random_norm_matched,1,8,nan,9.413131713867188,-0.04983854293823242,1.0810625099111348e-05,0.0005935031804256141,0.0006198224727995694,2.631929237395525e-05,0.043390750885009766,199,185,-14,-7.429468154907227,-7.386077404022217,0.043390750885009766,-7.429468154907227,-7.386077404022217,0.043390750885009766,2.9373401048360392e-05,0
3,positive_sentiment,Sentiment: The journey was comfortable and enjoyable. Label:, positive, positive,1,14,29229,0.9716435185185186,0.9869791666666667,0.7777777777777778,max_feature_activation,9,.,11,:,9,.,9.413132667541504,0.0,9.413132667541504,1,0,1,amplify_2x,random_norm_matched,2,8,nan,9.413131713867188,-0.04983854293823242,1.0810625099111348e-05,0.0005935031804256141,0.0006255736807361245,3.20705003105104e-05,0.052626609802246094,199,184,-15,-7.429468154907227,-7.3768415451049805,0.052626609802246094,-7.429468154907227,-7.3768415451049805,0.052626609802246094,1.813786366255954e-05,0
3,positive_sentiment,Sentiment: The journey was comfortable and enjoyable. Label:, positive, positive,1,14,29229,0.9716435185185186,0.9869791666666667,0.7777777777777778,max_feature_activation,9,.,11,:,9,.,9.413132667541504,0.0,9.413132667541504,1,0,1,amplify_2x,random_norm_matched,3,8,nan,9.413132667541504,-0.04983854293823242,1.0810625099111348e-05,0.0005935031804256141,0.0006070146337151527,1.3511453289538622e-05,0.022510528564453125,199,191,-8,-7.429468154907227,-7.406957626342773,0.022510528564453125,-7.429468154907227,-7.406957626342773,0.022510528564453125,3.208266571164131e-05,0
3,positive_sentiment,Sentiment: The journey was comfortable and enjoyable. Label:, positive, positive,1,14,29229,0.9716435185185186,0.9869791666666667,0.7777777777777778,max_feature_activation,9,.,11,:,9,.,9.413132667541504,0.0,9.413132667541504,1,0,1,amplify_2x,random_norm_matched,4,8,nan,9.413131713867188,-0.04983854293823242,1.0810625099111348e-05,0.0005935031804256141,0.0005471403710544109,-4.6362809371203184e-05,-0.08133697509765625,199,222,23,-7.429468154907227,-7.510805130004883,-0.08133697509765625,-7.429468154907227,-7.510805130004883,-0.08133697509765625,4.2882587877102196e-05,0
3,positive_sentiment,Sentiment: The journey was comfortable and enjoyable. Label:, positive, positive,1,14,29229,0.9716435185185186,0.9869791666666667,0.7777777777777778,max_feature_activation,9,.,11,:,9,.,9.413132667541504,0.0,9.413132667541504,1,0,1,amplify_2x,random_norm_matched,5,8,nan,9.413131713867188,-0.04983854293823242,1.0810625099111348e-05,0.0005935031804256141,0.0005894016940146685,-4.101486410945654e-06,-0.006934165954589844,199,204,5,-7.429468154907227,-7.436402320861816,-0.006934165954589844,-7.429468154907227,-7.436402320861816,-0.006934165954589844,1.7704092897474766e-05,0
3,positive_sentiment,Sentiment: The journey was comfortable and enjoyable. Label:, positive, positive,1,14,29229,0.9716435185185186,0.9869791666666667,0.7777777777777778,max_feature_activation,9,.,11,:,9,.,9.413132667541504,0.0,9.413132667541504,1,0,1,amplify_2x,random_norm_matched,6,8,nan,9.413131713867188,-0.04983854293823242,1.0810625099111348e-05,0.0005935031804256141,0.0005658491281792521,-2.765405224636197e-05,-0.047715187072753906,199,214,15,-7.429468154907227,-7.4771833419799805,-0.047715187072753906,-7.429468154907227,-7.4771833419799805,-0.047715187072753906,2.514226798666641e-05,0
3,positive_sentiment,Sentiment: The journey was comfortable and enjoyable. Label:, positive, positive,1,14,29229,0.9716435185185186,0.9869791666666667,0.7777777777777778,max_feature_activation,9,.,11,:,9,.,9.413132667541504,0.0,9.413132667541504,1,0,1,amplify_2x,random_norm_matched,7,8,nan,9.413131713867188,-0.04983854293823242,1.0810625099111348e-05,0.0005935031804256141,0.0006018679705448449,8.364790119230747e-06,0.013995647430419922,199,192,-7,-7.429468154907227,-7.415472507476807,0.013995647430419922,-7.429468154907227,-7.415472507476807,0.013995647430419922,1.7257887520827353e-05,0
4,negative_sentiment,Sentiment: The meal was awful and the staff were rude. Label:, negative, negative,1,14,14651,0.9971064814814815,1.0,0.9411764705882353,max_feature_activation,12,.,14,:,12,.,15.650394439697266,0.0,15.650394439697266,1,0,1,ablate,sae_feature,-1,8,-15.650394439697266,15.65039348602295,-0.01695704460144043,3.413399099372327e-05,0.08569633960723877,0.09004909545183182,0.004352755844593048,0.0495450496673584,1,1,0,-2.4569451808929443,-2.407400131225586,0.0495450496673584,-2.4569451808929443,-2.407400131225586,0.0495450496673584,0.000906606437638402,0
4,negative_sentiment,Sentiment: The meal was awful and the staff were rude. Label:, negative, negative,1,14,14651,0.9971064814814815,1.0,0.9411764705882353,max_feature_activation,12,.,14,:,12,.,15.650394439697266,0.0,15.650394439697266,1,0,1,ablate,random_norm_matched,0,8,nan,15.650394439697266,-0.01695704460144043,3.413399099372327e-05,0.08569633960723877,0.08939029276371002,0.0036939531564712524,0.042201995849609375,1,1,0,-2.4569451808929443,-2.414743185043335,0.042201995849609375,-2.4569451808929443,-2.414743185043335,0.042201995849609375,0.0006636539474129677,0
4,negative_sentiment,Sentiment: The meal was awful and the staff were rude. Label:, negative, negative,1,14,14651,0.9971064814814815,1.0,0.9411764705882353,max_feature_activation,12,.,14,:,12,.,15.650394439697266,0.0,15.650394439697266,1,0,1,ablate,random_norm_matched,1,8,nan,15.650392532348633,-0.01695704460144043,3.413399099372327e-05,0.08569633960723877,0.08947990834712982,0.0037835687398910522,0.04320406913757324,1,1,0,-2.4569451808929443,-2.413741111755371,0.04320406913757324,-2.4569451808929443,-2.413741111755371,0.04320406913757324,0.0005155004328116775,0
4,negative_sentiment,Sentiment: The meal was awful and the staff were rude. Label:, negative, negative,1,14,14651,0.9971064814814815,1.0,0.9411764705882353,max_feature_activation,12,.,14,:,12,.,15.650394439697266,0.0,15.650394439697266,1,0,1,ablate,random_norm_matched,2,8,nan,15.65039348602295,-0.01695704460144043,3.413399099372327e-05,0.08569633960723877,0.084082692861557,-0.0016136467456817627,-0.01900935173034668,1,1,0,-2.4569451808929443,-2.475954532623291,-0.01900935173034668,-2.4569451808929443,-2.475954532623291,-0.01900935173034668,0.0003779926337301731,0
4,negative_sentiment,Sentiment: The meal was awful and the staff were rude. Label:, negative, negative,1,14,14651,0.9971064814814815,1.0,0.9411764705882353,max_feature_activation,12,.,14,:,12,.,15.650394439697266,0.0,15.650394439697266,1,0,1,ablate,random_norm_matched,3,8,nan,15.650394439697266,-0.01695704460144043,3.413399099372327e-05,0.08569633960723877,0.08421427756547928,-0.001482062041759491,-0.01744556427001953,1,1,0,-2.4569451808929443,-2.474390745162964,-0.01744556427001953,-2.4569451808929443,-2.474390745162964,-0.01744556427001953,0.0001643188006710261,0
4,negative_sentiment,Sentiment: The meal was awful and the staff were rude. Label:, negative, negative,1,14,14651,0.9971064814814815,1.0,0.9411764705882353,max_feature_activation,12,.,14,:,12,.,15.650394439697266,0.0,15.650394439697266,1,0,1,ablate,random_norm_matched,4,8,nan,15.650394439697266,-0.01695704460144043,3.413399099372327e-05,0.08569633960723877,0.08735010772943497,0.0016537681221961975,0.019114255905151367,1,1,0,-2.4569451808929443,-2.437830924987793,0.019114255905151367,-2.4569451808929443,-2.437830924987793,0.019114255905151367,0.0005458146915771067,0
4,negative_sentiment,Sentiment: The meal was awful and the staff were rude. Label:, negative, negative,1,14,14651,0.9971064814814815,1.0,0.9411764705882353,max_feature_activation,12,.,14,:,12,.,15.650394439697266,0.0,15.650394439697266,1,0,1,ablate,random_norm_matched,5,8,nan,15.650394439697266,-0.01695704460144043,3.413399099372327e-05,0.08569633960723877,0.08675559610128403,0.0010592564940452576,0.01228475570678711,1,1,0,-2.4569451808929443,-2.4446604251861572,0.01228475570678711,-2.4569451808929443,-2.4446604251861572,0.01228475570678711,0.0005042383563704789,1
4,negative_sentiment,Sentiment: The meal was awful and the staff were rude. Label:, negative, negative,1,14,14651,0.9971064814814815,1.0,0.9411764705882353,max_feature_activation,12,.,14,:,12,.,15.650394439697266,0.0,15.650394439697266,1,0,1,ablate,random_norm_matched,6,8,nan,15.65039348602295,-0.01695704460144043,3.413399099372327e-05,0.08569633960723877,0.08349239826202393,-0.0022039413452148438,-0.02605462074279785,1,1,0,-2.4569451808929443,-2.482999801635742,-0.02605462074279785,-2.4569451808929443,-2.482999801635742,-0.02605462074279785,0.00025836413260549307,1
4,negative_sentiment,Sentiment: The meal was awful and the staff were rude. Label:, negative, negative,1,14,14651,0.9971064814814815,1.0,0.9411764705882353,max_feature_activation,12,.,14,:,12,.,15.650394439697266,0.0,15.650394439697266,1,0,1,ablate,random_norm_matched,7,8,nan,15.650392532348633,-0.01695704460144043,3.413399099372327e-05,0.08569633960723877,0.0829312726855278,-0.002765066921710968,-0.032797813415527344,1,1,0,-2.4569451808929443,-2.4897429943084717,-0.032797813415527344,-2.4569451808929443,-2.4897429943084717,-0.032797813415527344,0.00035606755409389734,1
4,negative_sentiment,Sentiment: The meal was awful and the staff were rude. Label:, negative, negative,1,14,14651,0.9971064814814815,1.0,0.9411764705882353,max_feature_activation,12,.,14,:,12,.,15.650394439697266,0.0,15.650394439697266,1,0,1,amplify_2x,sae_feature,-1,8,15.650394439697266,15.65039348602295,-0.01695704460144043,3.413399099372327e-05,0.08569633960723877,0.08065006136894226,-0.005046278238296509,-0.06069064140319824,1,2,1,-2.4569451808929443,-2.5176358222961426,-0.06069064140319824,-2.4569451808929443,-2.5176358222961426,-0.06069064140319824,0.000531091820448637,1
4,negative_sentiment,Sentiment: The meal was awful and the staff were rude. Label:, negative, negative,1,14,14651,0.9971064814814815,1.0,0.9411764705882353,max_feature_activation,12,.,14,:,12,.,15.650394439697266,0.0,15.650394439697266,1,0,1,amplify_2x,random_norm_matched,0,8,nan,15.650394439697266,-0.01695704460144043,3.413399099372327e-05,0.08569633960723877,0.09719699621200562,0.011500656604766846,0.1259298324584961,1,1,0,-2.4569451808929443,-2.3310153484344482,0.1259298324584961,-2.4569451808929443,-2.3310153484344482,0.1259298324584961,0.0011953039793297648,0
4,negative_sentiment,Sentiment: The meal was awful and the staff were rude. Label:, negative, negative,1,14,14651,0.9971064814814815,1.0,0.9411764705882353,max_feature_activation,12,.,14,:,12,.,15.650394439697266,0.0,15.650394439697266,1,0,1,amplify_2x,random_norm_matched,1,8,nan,15.650392532348633,-0.01695704460144043,3.413399099372327e-05,0.08569633960723877,0.07965933531522751,-0.006037004292011261,-0.07305097579956055,1,2,1,-2.4569451808929443,-2.529996156692505,-0.07305097579956055,-2.4569451808929443,-2.529996156692505,-0.07305097579956055,0.00034486324875615537,1
4,negative_sentiment,Sentiment: The meal was awful and the staff were rude. Label:, negative, negative,1,14,14651,0.9971064814814815,1.0,0.9411764705882353,max_feature_activation,12,.,14,:,12,.,15.650394439697266,0.0,15.650394439697266,1,0,1,amplify_2x,random_norm_matched,2,8,nan,15.65039348602295,-0.01695704460144043,3.413399099372327e-05,0.08569633960723877,0.08955796808004379,0.003861628472805023,0.044075965881347656,1,1,0,-2.4569451808929443,-2.4128692150115967,0.044075965881347656,-2.4569451808929443,-2.4128692150115967,0.044075965881347656,0.0005198627477511764,0
4,negative_sentiment,Sentiment: The meal was awful and the staff were rude. Label:, negative, negative,1,14,14651,0.9971064814814815,1.0,0.9411764705882353,max_feature_activation,12,.,14,:,12,.,15.650394439697266,0.0,15.650394439697266,1,0,1,amplify_2x,random_norm_matched,3,8,nan,15.65039348602295,-0.01695704460144043,3.413399099372327e-05,0.08569633960723877,0.0858779326081276,0.00018159300088882446,0.0021169185638427734,1,1,0,-2.4569451808929443,-2.4548282623291016,0.0021169185638427734,-2.4569451808929443,-2.4548282623291016,0.0021169185638427734,0.00038473366294056177,0
4,negative_sentiment,Sentiment: The meal was awful and the staff were rude. Label:, negative, negative,1,14,14651,0.9971064814814815,1.0,0.9411764705882353,max_feature_activation,12,.,14,:,12,.,15.650394439697266,0.0,15.650394439697266,1,0,1,amplify_2x,random_norm_matched,4,8,nan,15.65039348602295,-0.01695704460144043,3.413399099372327e-05,0.08569633960723877,0.0865287110209465,0.0008323714137077332,0.009666204452514648,1,1,0,-2.4569451808929443,-2.4472789764404297,0.009666204452514648,-2.4569451808929443,-2.4472789764404297,0.009666204452514648,0.00014439888764172792,0
4,negative_sentiment,Sentiment: The meal was awful and the staff were rude. Label:, negative, negative,1,14,14651,0.9971064814814815,1.0,0.9411764705882353,max_feature_activation,12,.,14,:,12,.,15.650394439697266,0.0,15.650394439697266,1,0,1,amplify_2x,random_norm_matched,5,8,nan,15.65039348602295,-0.01695704460144043,3.413399099372327e-05,0.08569633960723877,0.08728115260601044,0.0015848129987716675,0.01832437515258789,1,1,0,-2.4569451808929443,-2.4386208057403564,0.01832437515258789,-2.4569451808929443,-2.4386208057403564,0.01832437515258789,0.0002442185068503022,0
4,negative_sentiment,Sentiment: The meal was awful and the staff were rude. Label:, negative, negative,1,14,14651,0.9971064814814815,1.0,0.9411764705882353,max_feature_activation,12,.,14,:,12,.,15.650394439697266,0.0,15.650394439697266,1,0,1,amplify_2x,random_norm_matched,6,8,nan,15.65039348602295,-0.01695704460144043,3.413399099372327e-05,0.08569633960723877,0.08650530874729156,0.0008089691400527954,0.009395599365234375,1,1,0,-2.4569451808929443,-2.44754958152771,0.009395599365234375,-2.4569451808929443,-2.44754958152771,0.009395599365234375,0.00038170916377566755,0
4,negative_sentiment,Sentiment: The meal was awful and the staff were rude. Label:, negative, negative,1,14,14651,0.9971064814814815,1.0,0.9411764705882353,max_feature_activation,12,.,14,:,12,.,15.650394439697266,0.0,15.650394439697266,1,0,1,amplify_2x,random_norm_matched,7,8,nan,15.65039348602295,-0.01695704460144043,3.413399099372327e-05,0.08569633960723877,0.087732695043087,0.002036355435848236,0.023484468460083008,1,1,0,-2.4569451808929443,-2.4334607124328613,0.023484468460083008,-2.4569451808929443,-2.4334607124328613,0.023484468460083008,0.0008645475027151406,0
5,negative_sentiment,"Sentiment: I hated the tedious, badly written novel. Label:", negative, negative,1,14,14651,0.9971064814814815,1.0,0.9411764705882353,max_feature_activation,11,.,13,:,11,.,15.002129554748535,0.0,15.002129554748535,1,0,1,ablate,sae_feature,-1,8,-15.002129554748535,15.002128601074219,0.020020484924316406,8.79201979842037e-06,0.00014843804819975048,0.0001155036297859624,-3.293441841378808e-05,-0.2508659362792969,738,917,179,-8.815342903137207,-9.066208839416504,-0.2508659362792969,-8.815342903137207,-9.066208839416504,-0.2508659362792969,0.0007241771090775728,0
5,negative_sentiment,"Sentiment: I hated the tedious, badly written novel. Label:", negative, negative,1,14,14651,0.9971064814814815,1.0,0.9411764705882353,max_feature_activation,11,.,13,:,11,.,15.002129554748535,0.0,15.002129554748535,1,0,1,ablate,random_norm_matched,0,8,nan,15.002127647399902,0.020020484924316406,8.79201979842037e-06,0.00014843804819975048,0.00015398551477119327,5.547466571442783e-06,0.036690711975097656,738,709,-29,-8.815342903137207,-8.77865219116211,0.036690711975097656,-8.815342903137207,-8.77865219116211,0.036690711975097656,0.00011554139200598001,0
5,negative_sentiment,"Sentiment: I hated the tedious, badly written novel. Label:", negative, negative,1,14,14651,0.9971064814814815,1.0,0.9411764705882353,max_feature_activation,11,.,13,:,11,.,15.002129554748535,0.0,15.002129554748535,1,0,1,ablate,random_norm_matched,1,8,nan,15.002128601074219,0.020020484924316406,8.79201979842037e-06,0.00014843804819975048,0.00015545470523647964,7.016657036729157e-06,0.04618644714355469,738,707,-31,-8.815342903137207,-8.769156455993652,0.04618644714355469,-8.815342903137207,-8.769156455993652,0.04618644714355469,8.384139073314145e-05,0
5,negative_sentiment,"Sentiment: I hated the tedious, badly written novel. Label:", negative, negative,1,14,14651,0.9971064814814815,1.0,0.9411764705882353,max_feature_activation,11,.,13,:,11,.,15.002129554748535,0.0,15.002129554748535,1,0,1,ablate,random_norm_matched,2,8,nan,15.002127647399902,0.020020484924316406,8.79201979842037e-06,0.00014843804819975048,0.00015655237075407058,8.114322554320097e-06,0.05322265625,738,691,-47,-8.815342903137207,-8.762120246887207,0.05322265625,-8.815342903137207,-8.762120246887207,0.05322265625,0.00013273104559630156,0
5,negative_sentiment,"Sentiment: I hated the tedious, badly written novel. Label:", negative, negative,1,14,14651,0.9971064814814815,1.0,0.9411764705882353,max_feature_activation,11,.,13,:,11,.,15.002129554748535,0.0,15.002129554748535,1,0,1,ablate,random_norm_matched,3,8,nan,15.002129554748535,0.020020484924316406,8.79201979842037e-06,0.00014843804819975048,0.00014599224959965795,-2.4457986000925303e-06,-0.01661396026611328,738,745,7,-8.815342903137207,-8.83195686340332,-0.01661396026611328,-8.815342903137207,-8.83195686340332,-0.01661396026611328,0.00010205153375864029,0
5,negative_sentiment,"Sentiment: I hated the tedious, badly written novel. Label:", negative, negative,1,14,14651,0.9971064814814815,1.0,0.9411764705882353,max_feature_activation,11,.,13,:,11,.,15.002129554748535,0.0,15.002129554748535,1,0,1,ablate,random_norm_matched,4,8,nan,15.002128601074219,0.020020484924316406,8.79201979842037e-06,0.00014843804819975048,0.00014002610987517983,-8.411938324570656e-06,-0.05833911895751953,738,770,32,-8.815342903137207,-8.873682022094727,-0.05833911895751953,-8.815342903137207,-8.873682022094727,-0.05833911895751953,0.0001894395099952817,0
5,negative_sentiment,"Sentiment: I hated the tedious, badly written novel. Label:", negative, negative,1,14,14651,0.9971064814814815,1.0,0.9411764705882353,max_feature_activation,11,.,13,:,11,.,15.002129554748535,0.0,15.002129554748535,1,0,1,ablate,random_norm_matched,5,8,nan,15.002127647399902,0.020020484924316406,8.79201979842037e-06,0.00014843804819975048,0.00014223471225704998,-6.203335942700505e-06,-0.04268932342529297,738,760,22,-8.815342903137207,-8.8580322265625,-0.04268932342529297,-8.815342903137207,-8.8580322265625,-0.04268932342529297,9.326779399998486e-05,0
5,negative_sentiment,"Sentiment: I hated the tedious, badly written novel. Label:", negative, negative,1,14,14651,0.9971064814814815,1.0,0.9411764705882353,max_feature_activation,11,.,13,:,11,.,15.002129554748535,0.0,15.002129554748535,1,0,1,ablate,random_norm_matched,6,8,nan,15.002128601074219,0.020020484924316406,8.79201979842037e-06,0.00014843804819975048,0.0001489911664975807,5.53118297830224e-07,0.003719329833984375,738,734,-4,-8.815342903137207,-8.811623573303223,0.003719329833984375,-8.815342903137207,-8.811623573303223,0.003719329833984375,0.0001069243298843503,0
5,negative_sentiment,"Sentiment: I hated the tedious, badly written novel. Label:", negative, negative,1,14,14651,0.9971064814814815,1.0,0.9411764705882353,max_feature_activation,11,.,13,:,11,.,15.002129554748535,0.0,15.002129554748535,1,0,1,ablate,random_norm_matched,7,8,nan,15.002127647399902,0.020020484924316406,8.79201979842037e-06,0.00014843804819975048,0.00013873985153622925,-9.69819666352123e-06,-0.0675668716430664,738,776,38,-8.815342903137207,-8.882909774780273,-0.0675668716430664,-8.815342903137207,-8.882909774780273,-0.0675668716430664,0.0001616923836991191,0
5,negative_sentiment,"Sentiment: I hated the tedious, badly written novel. Label:", negative, negative,1,14,14651,0.9971064814814815,1.0,0.9411764705882353,max_feature_activation,11,.,13,:,11,.,15.002129554748535,0.0,15.002129554748535,1,0,1,amplify_2x,sae_feature,-1,8,15.002129554748535,15.002128601074219,0.020020484924316406,8.79201979842037e-06,0.00014843804819975048,0.0001672509970376268,1.881294883787632e-05,0.11932849884033203,738,658,-80,-8.815342903137207,-8.696014404296875,0.11932849884033203,-8.815342903137207,-8.696014404296875,0.11932849884033203,0.00028003548504784703,0
5,negative_sentiment,"Sentiment: I hated the tedious, badly written novel. Label:", negative, negative,1,14,14651,0.9971064814814815,1.0,0.9411764705882353,max_feature_activation,11,.,13,:,11,.,15.002129554748535,0.0,15.002129554748535,1,0,1,amplify_2x,random_norm_matched,0,8,nan,15.002127647399902,0.020020484924316406,8.79201979842037e-06,0.00014843804819975048,0.00014026057033333927,-8.177477866411209e-06,-0.05666542053222656,738,770,32,-8.815342903137207,-8.872008323669434,-0.05666542053222656,-8.815342903137207,-8.872008323669434,-0.05666542053222656,9.120894537772983e-05,0
5,negative_sentiment,"Sentiment: I hated the tedious, badly written novel. Label:", negative, negative,1,14,14651,0.9971064814814815,1.0,0.9411764705882353,max_feature_activation,11,.,13,:,11,.,15.002129554748535,0.0,15.002129554748535,1,0,1,amplify_2x,random_norm_matched,1,8,nan,15.002127647399902,0.020020484924316406,8.79201979842037e-06,0.00014843804819975048,0.00012659472122322768,-2.1843326976522803e-05,-0.15917682647705078,738,853,115,-8.815342903137207,-8.974519729614258,-0.15917682647705078,-8.815342903137207,-8.974519729614258,-0.15917682647705078,0.00037990370765328407,0
5,negative_sentiment,"Sentiment: I hated the tedious, badly written novel. Label:", negative, negative,1,14,14651,0.9971064814814815,1.0,0.9411764705882353,max_feature_activation,11,.,13,:,11,.,15.002129554748535,0.0,15.002129554748535,1,0,1,amplify_2x,random_norm_matched,2,8,nan,15.002129554748535,0.020020484924316406,8.79201979842037e-06,0.00014843804819975048,0.00013834453420713544,-1.0093513992615044e-05,-0.0704202651977539,738,777,39,-8.815342903137207,-8.885763168334961,-0.0704202651977539,-8.815342903137207,-8.885763168334961,-0.0704202651977539,0.00012039049761369824,0
5,negative_sentiment,"Sentiment: I hated the tedious, badly written novel. Label:", negative, negative,1,14,14651,0.9971064814814815,1.0,0.9411764705882353,max_feature_activation,11,.,13,:,11,.,15.002129554748535,0.0,15.002129554748535,1,0,1,amplify_2x,random_norm_matched,3,8,nan,15.002127647399902,0.020020484924316406,8.79201979842037e-06,0.00014843804819975048,0.00013187430158723146,-1.6563746612519026e-05,-0.11831855773925781,738,806,68,-8.815342903137207,-8.933661460876465,-0.11831855773925781,-8.815342903137207,-8.933661460876465,-0.11831855773925781,0.00013320095604285598,0
5,negative_sentiment,"Sentiment: I hated the tedious, badly written novel. Label:", negative, negative,1,14,14651,0.9971064814814815,1.0,0.9411764705882353,max_feature_activation,11,.,13,:,11,.,15.002129554748535,0.0,15.002129554748535,1,0,1,amplify_2x,random_norm_matched,4,8,nan,15.002127647399902,0.020020484924316406,8.79201979842037e-06,0.00014843804819975048,0.00016115547623485327,1.2717428035102785e-05,0.08220195770263672,738,682,-56,-8.815342903137207,-8.73314094543457,0.08220195770263672,-8.815342903137207,-8.73314094543457,0.08220195770263672,8.754651935305446e-05,0
5,negative_sentiment,"Sentiment: I hated the tedious, badly written novel. Label:", negative, negative,1,14,14651,0.9971064814814815,1.0,0.9411764705882353,max_feature_activation,11,.,13,:,11,.,15.002129554748535,0.0,15.002129554748535,1,0,1,amplify_2x,random_norm_matched,5,8,nan,15.002126693725586,0.020020484924316406,8.79201979842037e-06,0.00014843804819975048,0.0001391261030221358,-9.311945177614689e-06,-0.06478691101074219,738,768,30,-8.815342903137207,-8.88012981414795,-0.06478691101074219,-8.815342903137207,-8.88012981414795,-0.06478691101074219,0.00010498787742108107,0
5,negative_sentiment,"Sentiment: I hated the tedious, badly written novel. Label:", negative, negative,1,14,14651,0.9971064814814815,1.0,0.9411764705882353,max_feature_activation,11,.,13,:,11,.,15.002129554748535,0.0,15.002129554748535,1,0,1,amplify_2x,random_norm_matched,6,8,nan,15.002127647399902,0.020020484924316406,8.79201979842037e-06,0.00014843804819975048,0.000137275957968086,-1.1162090231664479e-05,-0.07817459106445312,738,789,51,-8.815342903137207,-8.89351749420166,-0.07817459106445312,-8.815342903137207,-8.89351749420166,-0.07817459106445312,0.00011172029189765453,0
5,negative_sentiment,"Sentiment: I hated the tedious, badly written novel. Label:", negative, negative,1,14,14651,0.9971064814814815,1.0,0.9411764705882353,max_feature_activation,11,.,13,:,11,.,15.002129554748535,0.0,15.002129554748535,1,0,1,amplify_2x,random_norm_matched,7,8,nan,15.002128601074219,0.020020484924316406,8.79201979842037e-06,0.00014843804819975048,0.0001470582647016272,-1.3797834981232882e-06,-0.009339332580566406,738,742,4,-8.815342903137207,-8.824682235717773,-0.009339332580566406,-8.815342903137207,-8.824682235717773,-0.009339332580566406,9.4412243925035e-05,0
6,negative_sentiment,Sentiment: The service was slow and completely unhelpful. Label:, negative, negative,1,14,14651,0.9971064814814815,1.0,0.9411764705882353,max_feature_activation,12,.,14,:,12,.,14.14920711517334,0.0,14.14920711517334,1,0,1,ablate,sae_feature,-1,8,-14.14920711517334,14.149206161499023,0.06027793884277344,2.600555308163166e-05,0.00048132010851986706,0.00043608940904960036,-4.52306994702667e-05,-0.09868526458740234,255,283,28,-7.638978004455566,-7.737663269042969,-0.09868526458740234,-7.638978004455566,-7.737663269042969,-0.09868526458740234,0.000161077463417314,0
6,negative_sentiment,Sentiment: The service was slow and completely unhelpful. Label:, negative, negative,1,14,14651,0.9971064814814815,1.0,0.9411764705882353,max_feature_activation,12,.,14,:,12,.,14.14920711517334,0.0,14.14920711517334,1,0,1,ablate,random_norm_matched,0,8,nan,14.14920711517334,0.06027793884277344,2.600555308163166e-05,0.00048132010851986706,0.0005100613343529403,2.874122583307326e-05,0.0579986572265625,255,235,-20,-7.638978004455566,-7.580979347229004,0.0579986572265625,-7.638978004455566,-7.580979347229004,0.0579986572265625,4.271388752385974e-05,0
6,negative_sentiment,Sentiment: The service was slow and completely unhelpful. Label:, negative, negative,1,14,14651,0.9971064814814815,1.0,0.9411764705882353,max_feature_activation,12,.,14,:,12,.,14.14920711517334,0.0,14.14920711517334,1,0,1,ablate,random_norm_matched,1,8,nan,14.14920425415039,0.06027793884277344,2.600555308163166e-05,0.00048132010851986706,0.0004750291700474918,-6.290938472375274e-06,-0.013156414031982422,255,254,-1,-7.638978004455566,-7.652134418487549,-0.013156414031982422,-7.638978004455566,-7.652134418487549,-0.013156414031982422,8.66641421453096e-05,0
6,negative_sentiment,Sentiment: The service was slow and completely unhelpful. Label:, negative, negative,1,14,14651,0.9971064814814815,1.0,0.9411764705882353,max_feature_activation,12,.,14,:,12,.,14.14920711517334,0.0,14.14920711517334,1,0,1,ablate,random_norm_matched,2,8,nan,14.149206161499023,0.06027793884277344,2.600555308163166e-05,0.00048132010851986706,0.0005025506252422929,2.123051672242582e-05,0.04316425323486328,255,238,-17,-7.638978004455566,-7.595813751220703,0.04316425323486328,-7.638978004455566,-7.595813751220703,0.04316425323486328,7.280483259819448e-05,0
6,negative_sentiment,Sentiment: The service was slow and completely unhelpful. Label:, negative, negative,1,14,14651,0.9971064814814815,1.0,0.9411764705882353,max_feature_activation,12,.,14,:,12,.,14.14920711517334,0.0,14.14920711517334,1,0,1,ablate,random_norm_matched,3,8,nan,14.149206161499023,0.06027793884277344,2.600555308163166e-05,0.00048132010851986706,0.0005280445911921561,4.6724482672289014e-05,0.09264802932739258,255,223,-32,-7.638978004455566,-7.546329975128174,0.09264802932739258,-7.638978004455566,-7.546329975128174,0.09264802932739258,7.984200783539563e-05,0
6,negative_sentiment,Sentiment: The service was slow and completely unhelpful. Label:, negative, negative,1,14,14651,0.9971064814814815,1.0,0.9411764705882353,max_feature_activation,12,.,14,:,12,.,14.14920711517334,0.0,14.14920711517334,1,0,1,ablate,random_norm_matched,4,8,nan,14.14920711517334,0.06027793884277344,2.600555308163166e-05,0.00048132010851986706,0.00046985599328763783,-1.1464115232229233e-05,-0.024106502532958984,255,259,4,-7.638978004455566,-7.663084506988525,-0.024106502532958984,-7.638978004455566,-7.663084506988525,-0.024106502532958984,0.00010725675383582711,0
6,negative_sentiment,Sentiment: The service was slow and completely unhelpful. Label:, negative, negative,1,14,14651,0.9971064814814815,1.0,0.9411764705882353,max_feature_activation,12,.,14,:,12,.,14.14920711517334,0.0,14.14920711517334,1,0,1,ablate,random_norm_matched,5,8,nan,14.14920425415039,0.06027793884277344,2.600555308163166e-05,0.00048132010851986706,0.00048046832671388984,-8.517818059772253e-07,-0.0017709732055664062,255,253,-2,-7.638978004455566,-7.640748977661133,-0.0017709732055664062,-7.638978004455566,-7.640748977661133,-0.0017709732055664062,3.9877548260847107e-05,0
6,negative_sentiment,Sentiment: The service was slow and completely unhelpful. Label:, negative, negative,1,14,14651,0.9971064814814815,1.0,0.9411764705882353,max_feature_activation,12,.,14,:,12,.,14.14920711517334,0.0,14.14920711517334,1,0,1,ablate,random_norm_matched,6,8,nan,14.149206161499023,0.06027793884277344,2.600555308163166e-05,0.00048132010851986706,0.00047880978672765195,-2.510321792215109e-06,-0.005228996276855469,255,253,-2,-7.638978004455566,-7.644207000732422,-0.005228996276855469,-7.638978004455566,-7.644207000732422,-0.005228996276855469,5.357808913686313e-05,0
6,negative_sentiment,Sentiment: The service was slow and completely unhelpful. Label:, negative, negative,1,14,14651,0.9971064814814815,1.0,0.9411764705882353,max_feature_activation,12,.,14,:,12,.,14.14920711517334,0.0,14.14920711517334,1,0,1,ablate,random_norm_matched,7,8,nan,14.149206161499023,0.06027793884277344,2.600555308163166e-05,0.00048132010851986706,0.0004848636162932962,3.5435077734291553e-06,0.007335186004638672,255,248,-7,-7.638978004455566,-7.631642818450928,0.007335186004638672,-7.638978004455566,-7.631642818450928,0.007335186004638672,6.402930739568546e-05,0
6,negative_sentiment,Sentiment: The service was slow and completely unhelpful. Label:, negative, negative,1,14,14651,0.9971064814814815,1.0,0.9411764705882353,max_feature_activation,12,.,14,:,12,.,14.14920711517334,0.0,14.14920711517334,1,0,1,amplify_2x,sae_feature,-1,8,14.14920711517334,14.149206161499023,0.06027793884277344,2.600555308163166e-05,0.00048132010851986706,0.0005017360090278089,2.0415900507941842e-05,0.04154157638549805,255,239,-16,-7.638978004455566,-7.597436428070068,0.04154157638549805,-7.638978004455566,-7.597436428070068,0.04154157638549805,7.260942948050797e-05,0
6,negative_sentiment,Sentiment: The service was slow and completely unhelpful. Label:, negative, negative,1,14,14651,0.9971064814814815,1.0,0.9411764705882353,max_feature_activation,12,.,14,:,12,.,14.14920711517334,0.0,14.14920711517334,1,0,1,amplify_2x,random_norm_matched,0,8,nan,14.149206161499023,0.06027793884277344,2.600555308163166e-05,0.00048132010851986706,0.0004430305561982095,-3.828955232165754e-05,-0.08289384841918945,255,271,16,-7.638978004455566,-7.721871852874756,-0.08289384841918945,-7.638978004455566,-7.721871852874756,-0.08289384841918945,3.301040851511061e-05,0
6,negative_sentiment,Sentiment: The service was slow and completely unhelpful. Label:, negative, negative,1,14,14651,0.9971064814814815,1.0,0.9411764705882353,max_feature_activation,12,.,14,:,12,.,14.14920711517334,0.0,14.14920711517334,1,0,1,amplify_2x,random_norm_matched,1,8,nan,14.149206161499023,0.06027793884277344,2.600555308163166e-05,0.00048132010851986706,0.0004804345080628991,-8.856004569679499e-07,-0.0018415451049804688,255,253,-2,-7.638978004455566,-7.640819549560547,-0.0018415451049804688,-7.638978004455566,-7.640819549560547,-0.0018415451049804688,3.2879295758903027e-05,0
6,negative_sentiment,Sentiment: The service was slow and completely unhelpful. Label:, negative, negative,1,14,14651,0.9971064814814815,1.0,0.9411764705882353,max_feature_activation,12,.,14,:,12,.,14.14920711517334,0.0,14.14920711517334,1,0,1,amplify_2x,random_norm_matched,2,8,nan,14.14920425415039,0.06027793884277344,2.600555308163166e-05,0.00048132010851986706,0.00043275620555505157,-4.85639029648155e-05,-0.10635805130004883,255,279,24,-7.638978004455566,-7.745336055755615,-0.10635805130004883,-7.638978004455566,-7.745336055755615,-0.10635805130004883,8.48223571665585e-05,0
6,negative_sentiment,Sentiment: The service was slow and completely unhelpful. Label:, negative, negative,1,14,14651,0.9971064814814815,1.0,0.9411764705882353,max_feature_activation,12,.,14,:,12,.,14.14920711517334,0.0,14.14920711517334,1,0,1,amplify_2x,random_norm_matched,3,8,nan,14.14920711517334,0.06027793884277344,2.600555308163166e-05,0.00048132010851986706,0.0004463574441615492,-3.496266435831785e-05,-0.07541275024414062,255,272,17,-7.638978004455566,-7.714390754699707,-0.07541275024414062,-7.638978004455566,-7.714390754699707,-0.07541275024414062,8.219237497542053e-05,0
6,negative_sentiment,Sentiment: The service was slow and completely unhelpful. Label:, negative, negative,1,14,14651,0.9971064814814815,1.0,0.9411764705882353,max_feature_activation,12,.,14,:,12,.,14.14920711517334,0.0,14.14920711517334,1,0,1,amplify_2x,random_norm_matched,4,8,nan,14.149206161499023,0.06027793884277344,2.600555308163166e-05,0.00048132010851986706,0.0004928088164888322,1.1488707968965173e-05,0.02358865737915039,255,243,-12,-7.638978004455566,-7.615389347076416,0.02358865737915039,-7.638978004455566,-7.615389347076416,0.02358865737915039,7.657731475774199e-05,0
6,negative_sentiment,Sentiment: The service was slow and completely unhelpful. Label:, negative, negative,1,14,14651,0.9971064814814815,1.0,0.9411764705882353,max_feature_activation,12,.,14,:,12,.,14.14920711517334,0.0,14.14920711517334,1,0,1,amplify_2x,random_norm_matched,5,8,nan,14.14920711517334,0.06027793884277344,2.600555308163166e-05,0.00048132010851986706,0.000522048503626138,4.072839510627091e-05,0.08122825622558594,255,226,-29,-7.638978004455566,-7.5577497482299805,0.08122825622558594,-7.638978004455566,-7.5577497482299805,0.08122825622558594,4.986619751434773e-05,0
6,negative_sentiment,Sentiment: The service was slow and completely unhelpful. Label:, negative, negative,1,14,14651,0.9971064814814815,1.0,0.9411764705882353,max_feature_activation,12,.,14,:,12,.,14.14920711517334,0.0,14.14920711517334,1,0,1,amplify_2x,random_norm_matched,6,8,nan,14.149206161499023,0.06027793884277344,2.600555308163166e-05,0.00048132010851986706,0.00048036823864094913,-9.518698789179325e-07,-0.001979827880859375,255,251,-4,-7.638978004455566,-7.640957832336426,-0.001979827880859375,-7.638978004455566,-7.640957832336426,-0.001979827880859375,4.15460963267833e-05,0
6,negative_sentiment,Sentiment: The service was slow and completely unhelpful. Label:, negative, negative,1,14,14651,0.9971064814814815,1.0,0.9411764705882353,max_feature_activation,12,.,14,:,12,.,14.14920711517334,0.0,14.14920711517334,1,0,1,amplify_2x,random_norm_matched,7,8,nan,14.149206161499023,0.06027793884277344,2.600555308163166e-05,0.00048132010851986706,0.00047256614197976887,-8.75396654009819e-06,-0.01835489273071289,255,261,6,-7.638978004455566,-7.657332897186279,-0.01835489273071289,-7.638978004455566,-7.657332897186279,-0.01835489273071289,3.9153954276116565e-05,0
7,negative_sentiment,Sentiment: The journey was stressful and unpleasant. Label:, negative, negative,1,14,14651,0.9971064814814815,1.0,0.9411764705882353,max_feature_activation,9,.,11,:,9,.,17.947124481201172,0.0,17.947124481201172,1,0,1,ablate,sae_feature,-1,8,-17.947124481201172,17.94712257385254,-0.011888265609741211,2.2936961613595486e-05,0.3003493547439575,0.28940489888191223,-0.010944455862045288,-0.03711962699890137,1,1,0,-1.2028089761734009,-1.2399286031723022,-0.03711962699890137,-1.2028089761734009,-1.2399286031723022,-0.03711962699890137,0.003745787311345339,0
7,negative_sentiment,Sentiment: The journey was stressful and unpleasant. Label:, negative, negative,1,14,14651,0.9971064814814815,1.0,0.9411764705882353,max_feature_activation,9,.,11,:,9,.,17.947124481201172,0.0,17.947124481201172,1,0,1,ablate,random_norm_matched,0,8,nan,17.94712257385254,-0.011888265609741211,2.2936961613595486e-05,0.3003493547439575,0.3139846622943878,0.013635307550430298,0.044397830963134766,1,1,0,-1.2028089761734009,-1.1584111452102661,0.044397830963134766,-1.2028089761734009,-1.1584111452102661,0.044397830963134766,0.0002723389770835638,0
7,negative_sentiment,Sentiment: The journey was stressful and unpleasant. Label:, negative, negative,1,14,14651,0.9971064814814815,1.0,0.9411764705882353,max_feature_activation,9,.,11,:,9,.,17.947124481201172,0.0,17.947124481201172,1,0,1,ablate,random_norm_matched,1,8,nan,17.947124481201172,-0.011888265609741211,2.2936961613595486e-05,0.3003493547439575,0.3033175468444824,0.0029681921005249023,0.009833931922912598,1,1,0,-1.2028089761734009,-1.1929750442504883,0.009833931922912598,-1.2028089761734009,-1.1929750442504883,0.009833931922912598,0.00023894291371107101,0
7,negative_sentiment,Sentiment: The journey was stressful and unpleasant. Label:, negative, negative,1,14,14651,0.9971064814814815,1.0,0.9411764705882353,max_feature_activation,9,.,11,:,9,.,17.947124481201172,0.0,17.947124481201172,1,0,1,ablate,random_norm_matched,2,8,nan,17.94712257385254,-0.011888265609741211,2.2936961613595486e-05,0.3003493547439575,0.2957456111907959,-0.004603743553161621,-0.015446662902832031,1,1,0,-1.2028089761734009,-1.218255639076233,-0.015446662902832031,-1.2028089761734009,-1.218255639076233,-0.015446662902832031,0.00010673364158719778,0
7,negative_sentiment,Sentiment: The journey was stressful and unpleasant. Label:, negative, negative,1,14,14651,0.9971064814814815,1.0,0.9411764705882353,max_feature_activation,9,.,11,:,9,.,17.947124481201172,0.0,17.947124481201172,1,0,1,ablate,random_norm_matched,3,8,nan,17.947124481201172,-0.011888265609741211,2.2936961613595486e-05,0.3003493547439575,0.2938518822193146,-0.006497472524642944,-0.02187049388885498,1,1,0,-1.2028089761734009,-1.2246794700622559,-0.02187049388885498,-1.2028089761734009,-1.2246794700622559,-0.02187049388885498,0.00043026599450968206,0
7,negative_sentiment,Sentiment: The journey was stressful and unpleasant. Label:, negative, negative,1,14,14651,0.9971064814814815,1.0,0.9411764705882353,max_feature_activation,9,.,11,:,9,.,17.947124481201172,0.0,17.947124481201172,1,0,1,ablate,random_norm_matched,4,8,nan,17.94712257385254,-0.011888265609741211,2.2936961613595486e-05,0.3003493547439575,0.30190184712409973,0.001552492380142212,0.005155682563781738,1,1,0,-1.2028089761734009,-1.1976532936096191,0.005155682563781738,-1.2028089761734009,-1.1976532936096191,0.005155682563781738,0.0003229625290259719,0
7,negative_sentiment,Sentiment: The journey was stressful and unpleasant. Label:, negative, negative,1,14,14651,0.9971064814814815,1.0,0.9411764705882353,max_feature_activation,9,.,11,:,9,.,17.947124481201172,0.0,17.947124481201172,1,0,1,ablate,random_norm_matched,5,8,nan,17.947124481201172,-0.011888265609741211,2.2936961613595486e-05,0.3003493547439575,0.3266012370586395,0.026251882314682007,0.0837937593460083,1,1,0,-1.2028089761734009,-1.1190152168273926,0.0837937593460083,-1.2028089761734009,-1.1190152168273926,0.0837937593460083,0.002918034791946411,0
7,negative_sentiment,Sentiment: The journey was stressful and unpleasant. Label:, negative, negative,1,14,14651,0.9971064814814815,1.0,0.9411764705882353,max_feature_activation,9,.,11,:,9,.,17.947124481201172,0.0,17.947124481201172,1,0,1,ablate,random_norm_matched,6,8,nan,17.94712257385254,-0.011888265609741211,2.2936961613595486e-05,0.3003493547439575,0.28599420189857483,-0.01435515284538269,-0.04897475242614746,1,1,0,-1.2028089761734009,-1.2517837285995483,-0.04897475242614746,-1.2028089761734009,-1.2517837285995483,-0.04897475242614746,0.00040715531213209033,0
7,negative_sentiment,Sentiment: The journey was stressful and unpleasant. Label:, negative, negative,1,14,14651,0.9971064814814815,1.0,0.9411764705882353,max_feature_activation,9,.,11,:,9,.,17.947124481201172,0.0,17.947124481201172,1,0,1,ablate,random_norm_matched,7,8,nan,17.94712257385254,-0.011888265609741211,2.2936961613595486e-05,0.3003493547439575,0.29124966263771057,-0.009099692106246948,-0.030765414237976074,1,1,0,-1.2028089761734009,-1.233574390411377,-0.030765414237976074,-1.2028089761734009,-1.233574390411377,-0.030765414237976074,0.0006300128297880292,0
7,negative_sentiment,Sentiment: The journey was stressful and unpleasant. Label:, negative, negative,1,14,14651,0.9971064814814815,1.0,0.9411764705882353,max_feature_activation,9,.,11,:,9,.,17.947124481201172,0.0,17.947124481201172,1,0,1,amplify_2x,sae_feature,-1,8,17.947124481201172,17.94712257385254,-0.011888265609741211,2.2936961613595486e-05,0.3003493547439575,0.2907472550868988,-0.009602099657058716,-0.03249204158782959,1,1,0,-1.2028089761734009,-1.2353010177612305,-0.03249204158782959,-1.2028089761734009,-1.2353010177612305,-0.03249204158782959,0.0012520869495347142,0
7,negative_sentiment,Sentiment: The journey was stressful and unpleasant. Label:, negative, negative,1,14,14651,0.9971064814814815,1.0,0.9411764705882353,max_feature_activation,9,.,11,:,9,.,17.947124481201172,0.0,17.947124481201172,1,0,1,amplify_2x,random_norm_matched,0,8,nan,17.94712257385254,-0.011888265609741211,2.2936961613595486e-05,0.3003493547439575,0.33413949608802795,0.033790141344070435,0.1066122055053711,1,1,0,-1.2028089761734009,-1.0961967706680298,0.1066122055053711,-1.2028089761734009,-1.0961967706680298,0.1066122055053711,0.002952501643449068,0
7,negative_sentiment,Sentiment: The journey was stressful and unpleasant. Label:, negative, negative,1,14,14651,0.9971064814814815,1.0,0.9411764705882353,max_feature_activation,9,.,11,:,9,.,17.947124481201172,0.0,17.947124481201172,1,0,1,amplify_2x,random_norm_matched,1,8,nan,17.947124481201172,-0.011888265609741211,2.2936961613595486e-05,0.3003493547439575,0.3009727895259857,0.0006234347820281982,0.00207364559173584,1,1,0,-1.2028089761734009,-1.200735330581665,0.00207364559173584,-1.2028089761734009,-1.200735330581665,0.00207364559173584,0.0002817366039380431,0
7,negative_sentiment,Sentiment: The journey was stressful and unpleasant. Label:, negative, negative,1,14,14651,0.9971064814814815,1.0,0.9411764705882353,max_feature_activation,9,.,11,:,9,.,17.947124481201172,0.0,17.947124481201172,1,0,1,amplify_2x,random_norm_matched,2,8,nan,17.947124481201172,-0.011888265609741211,2.2936961613595486e-05,0.3003493547439575,0.2995612323284149,-0.0007881224155426025,-0.0026274919509887695,1,1,0,-1.2028089761734009,-1.2054364681243896,-0.0026274919509887695,-1.2028089761734009,-1.2054364681243896,-0.0026274919509887695,0.00031904171919450164,0
7,negative_sentiment,Sentiment: The journey was stressful and unpleasant. Label:, negative, negative,1,14,14651,0.9971064814814815,1.0,0.9411764705882353,max_feature_activation,9,.,11,:,9,.,17.947124481201172,0.0,17.947124481201172,1,0,1,amplify_2x,random_norm_matched,3,8,nan,17.94712257385254,-0.011888265609741211,2.2936961613595486e-05,0.3003493547439575,0.29140040278434753,-0.008948951959609985,-0.030248045921325684,1,1,0,-1.2028089761734009,-1.2330570220947266,-0.030248045921325684,-1.2028089761734009,-1.2330570220947266,-0.030248045921325684,0.0008919629035517573,0
7,negative_sentiment,Sentiment: The journey was stressful and unpleasant. Label:, negative, negative,1,14,14651,0.9971064814814815,1.0,0.9411764705882353,max_feature_activation,9,.,11,:,9,.,17.947124481201172,0.0,17.947124481201172,1,0,1,amplify_2x,random_norm_matched,4,8,nan,17.947120666503906,-0.011888265609741211,2.2936961613595486e-05,0.3003493547439575,0.28797683119773865,-0.012372523546218872,-0.042066335678100586,1,1,0,-1.2028089761734009,-1.2448753118515015,-0.042066335678100586,-1.2028089761734009,-1.2448753118515015,-0.042066335678100586,0.0004230791237205267,0
7,negative_sentiment,Sentiment: The journey was stressful and unpleasant. Label:, negative, negative,1,14,14651,0.9971064814814815,1.0,0.9411764705882353,max_feature_activation,9,.,11,:,9,.,17.947124481201172,0.0,17.947124481201172,1,0,1,amplify_2x,random_norm_matched,5,8,nan,17.94712257385254,-0.011888265609741211,2.2936961613595486e-05,0.3003493547439575,0.30103975534439087,0.0006904006004333496,0.0022960901260375977,1,1,0,-1.2028089761734009,-1.2005128860473633,0.0022960901260375977,-1.2028089761734009,-1.2005128860473633,0.0022960901260375977,0.00022145744878798723,0
7,negative_sentiment,Sentiment: The journey was stressful and unpleasant. Label:, negative, negative,1,14,14651,0.9971064814814815,1.0,0.9411764705882353,max_feature_activation,9,.,11,:,9,.,17.947124481201172,0.0,17.947124481201172,1,0,1,amplify_2x,random_norm_matched,6,8,nan,17.947124481201172,-0.011888265609741211,2.2936961613595486e-05,0.3003493547439575,0.2978559732437134,-0.0024933815002441406,-0.008336305618286133,1,1,0,-1.2028089761734009,-1.211145281791687,-0.008336305618286133,-1.2028089761734009,-1.211145281791687,-0.008336305618286133,0.0002018077066168189,0
7,negative_sentiment,Sentiment: The journey was stressful and unpleasant. Label:, negative, negative,1,14,14651,0.9971064814814815,1.0,0.9411764705882353,max_feature_activation,9,.,11,:,9,.,17.947124481201172,0.0,17.947124481201172,1,0,1,amplify_2x,random_norm_matched,7,8,nan,17.947120666503906,-0.011888265609741211,2.2936961613595486e-05,0.3003493547439575,0.2872539460659027,-0.01309540867805481,-0.04457962512969971,1,1,0,-1.2028089761734009,-1.2473886013031006,-0.04457962512969971,-1.2028089761734009,-1.2473886013031006,-0.04457962512969971,0.0002874230849556625,0
8,mathematics,2 + 3 =, 5, ,2,26,12177,0.9982638888888888,1.0,0.9333333333333333,max_feature_activation,4, =,4, =,4, =,136.66253662109375,136.66253662109375,136.66253662109375,1,1,1,ablate,sae_feature,-1,8,-136.66253662109375,136.6625213623047,0.0015427470207214355,9.143187753579696e-07,0.8744862079620361,0.8964499235153198,0.02196371555328369,0.02480587363243103,1,1,0,-1.4193642139434814,-1.3941338062286377,0.02523040771484375,-0.7096821069717407,-0.6970669031143188,0.012615203857421875,0.0008824467658996582,0
8,mathematics,2 + 3 =, 5, ,2,26,12177,0.9982638888888888,1.0,0.9333333333333333,max_feature_activation,4, =,4, =,4, =,136.66253662109375,136.66253662109375,136.66253662109375,1,1,1,ablate,random_norm_matched,0,8,nan,136.66253662109375,0.0015427470207214355,9.143187753579696e-07,0.8744862079620361,0.8786528706550598,0.004166662693023682,0.004753366112709045,1,1,0,-1.4193642139434814,-1.4069210290908813,0.012443184852600098,-0.7096821069717407,-0.7034605145454407,0.006221592426300049,0.000385488907340914,0
8,mathematics,2 + 3 =, 5, ,2,26,12177,0.9982638888888888,1.0,0.9333333333333333,max_feature_activation,4, =,4, =,4, =,136.66253662109375,136.66253662109375,136.66253662109375,1,1,1,ablate,random_norm_matched,1,8,nan,136.6625213623047,0.0015427470207214355,9.143187753579696e-07,0.8744862079620361,0.8790696263313293,0.004583418369293213,0.0052275508642196655,1,1,0,-1.4193642139434814,-1.4075891971588135,0.011775016784667969,-0.7096821069717407,-0.7037945985794067,0.005887508392333984,0.00018327379075344652,0
8,mathematics,2 + 3 =, 5, ,2,26,12177,0.9982638888888888,1.0,0.9333333333333333,max_feature_activation,4, =,4, =,4, =,136.66253662109375,136.66253662109375,136.66253662109375,1,1,1,ablate,random_norm_matched,2,8,nan,136.6625213623047,0.0015427470207214355,9.143187753579696e-07,0.8744862079620361,0.8705563545227051,-0.003929853439331055,-0.004504039883613586,1,1,0,-1.4193642139434814,-1.4366803169250488,-0.017316102981567383,-0.7096821069717407,-0.7183401584625244,-0.008658051490783691,0.00019003641500603408,0
8,mathematics,2 + 3 =, 5, ,2,26,12177,0.9982638888888888,1.0,0.9333333333333333,max_feature_activation,4, =,4, =,4, =,136.66253662109375,136.66253662109375,136.66253662109375,1,1,1,ablate,random_norm_matched,3,8,nan,136.6625213623047,0.0015427470207214355,9.143187753579696e-07,0.8744862079620361,0.881432056427002,0.00694584846496582,0.007911339402198792,1,1,0,-1.4193642139434814,-1.4143946170806885,0.004969596862792969,-0.7096821069717407,-0.7071973085403442,0.0024847984313964844,0.0002719963085837662,0
8,mathematics,2 + 3 =, 5, ,2,26,12177,0.9982638888888888,1.0,0.9333333333333333,max_feature_activation,4, =,4, =,4, =,136.66253662109375,136.66253662109375,136.66253662109375,1,1,1,ablate,random_norm_matched,4,8,nan,136.66250610351562,0.0015427470207214355,9.143187753579696e-07,0.8744862079620361,0.8887718319892883,0.014285624027252197,0.016203999519348145,1,1,0,-1.4193642139434814,-1.3886582851409912,0.030705928802490234,-0.7096821069717407,-0.6943291425704956,0.015352964401245117,0.00044319493463262916,0
8,mathematics,2 + 3 =, 5, ,2,26,12177,0.9982638888888888,1.0,0.9333333333333333,max_feature_activation,4, =,4, =,4, =,136.66253662109375,136.66253662109375,136.66253662109375,1,1,1,ablate,random_norm_matched,5,8,nan,136.6625213623047,0.0015427470207214355,9.143187753579696e-07,0.8744862079620361,0.8949229121208191,0.02043670415878296,0.02310100942850113,1,1,0,-1.4193642139434814,-1.3980140686035156,0.02135014533996582,-0.7096821069717407,-0.6990070343017578,0.01067507266998291,0.0007902784855104983,0
8,mathematics,2 + 3 =, 5, ,2,26,12177,0.9982638888888888,1.0,0.9333333333333333,max_feature_activation,4, =,4, =,4, =,136.66253662109375,136.66253662109375,136.66253662109375,1,1,1,ablate,random_norm_matched,6,8,nan,136.6625213623047,0.0015427470207214355,9.143187753579696e-07,0.8744862079620361,0.8755863308906555,0.0011001229286193848,0.001257181167602539,1,1,0,-1.4193642139434814,-1.4161245822906494,0.0032396316528320312,-0.7096821069717407,-0.7080622911453247,0.0016198158264160156,0.0001490848808316514,0
8,mathematics,2 + 3 =, 5, ,2,26,12177,0.9982638888888888,1.0,0.9333333333333333,max_feature_activation,4, =,4, =,4, =,136.66253662109375,136.66253662109375,136.66253662109375,1,1,1,ablate,random_norm_matched,7,8,nan,136.66250610351562,0.0015427470207214355,9.143187753579696e-07,0.8744862079620361,0.8578141927719116,-0.01667201519012451,-0.01924900710582733,1,1,0,-1.4193642139434814,-1.434302806854248,-0.014938592910766602,-0.7096821069717407,-0.717151403427124,-0.007469296455383301,0.0006263264804147184,0
8,mathematics,2 + 3 =, 5, ,2,26,12177,0.9982638888888888,1.0,0.9333333333333333,max_feature_activation,4, =,4, =,4, =,136.66253662109375,136.66253662109375,136.66253662109375,1,1,1,amplify_2x,sae_feature,-1,8,136.66253662109375,136.6625213623047,0.0015427470207214355,9.143187753579696e-07,0.8744862079620361,0.8557546138763428,-0.01873159408569336,-0.021652892231941223,1,1,0,-1.4193642139434814,-1.4405322074890137,-0.021167993545532227,-0.7096821069717407,-0.7202661037445068,-0.010583996772766113,0.0006680559599772096,0
8,mathematics,2 + 3 =, 5, ,2,26,12177,0.9982638888888888,1.0,0.9333333333333333,max_feature_activation,4, =,4, =,4, =,136.66253662109375,136.66253662109375,136.66253662109375,1,1,1,amplify_2x,random_norm_matched,0,8,nan,136.6625213623047,0.0015427470207214355,9.143187753579696e-07,0.8744862079620361,0.8829483389854431,0.008462131023406982,0.009630165994167328,1,1,0,-1.4193642139434814,-1.4004740715026855,0.0188901424407959,-0.7096821069717407,-0.7002370357513428,0.00944507122039795,0.0002692357811611146,0
8,mathematics,2 + 3 =, 5, ,2,26,12177,0.9982638888888888,1.0,0.9333333333333333,max_feature_activation,4, =,4, =,4, =,136.66253662109375,136.66253662109375,136.66253662109375,1,1,1,amplify_2x,random_norm_matched,1,8,nan,136.66253662109375,0.0015427470207214355,9.143187753579696e-07,0.8744862079620361,0.8687084913253784,-0.005777716636657715,-0.006628930568695068,1,1,0,-1.4193642139434814,-1.4261178970336914,-0.006753683090209961,-0.7096821069717407,-0.7130589485168457,-0.0033768415451049805,0.000219512585317716,0
8,mathematics,2 + 3 =, 5, ,2,26,12177,0.9982638888888888,1.0,0.9333333333333333,max_feature_activation,4, =,4, =,4, =,136.66253662109375,136.66253662109375,136.66253662109375,1,1,1,amplify_2x,random_norm_matched,2,8,nan,136.66250610351562,0.0015427470207214355,9.143187753579696e-07,0.8744862079620361,0.8903979063034058,0.01591169834136963,0.018031924962997437,1,1,0,-1.4193642139434814,-1.399617075920105,0.019747138023376465,-0.7096821069717407,-0.6998085379600525,0.009873569011688232,0.00046225404366850853,0
8,mathematics,2 + 3 =, 5, ,2,26,12177,0.9982638888888888,1.0,0.9333333333333333,max_feature_activation,4, =,4, =,4, =,136.66253662109375,136.66253662109375,136.66253662109375,1,1,1,amplify_2x,random_norm_matched,3,8,nan,136.6625213623047,0.0015427470207214355,9.143187753579696e-07,0.8744862079620361,0.8654729723930359,-0.009013235569000244,-0.01036040484905243,1,1,0,-1.4193642139434814,-1.417380690574646,0.0019835233688354492,-0.7096821069717407,-0.708690345287323,0.0009917616844177246,0.00022383153554983437,0
8,mathematics,2 + 3 =, 5, ,2,26,12177,0.9982638888888888,1.0,0.9333333333333333,max_feature_activation,4, =,4, =,4, =,136.66253662109375,136.66253662109375,136.66253662109375,1,1,1,amplify_2x,random_norm_matched,4,8,nan,136.6625213623047,0.0015427470207214355,9.143187753579696e-07,0.8744862079620361,0.867519199848175,-0.006967008113861084,-0.007998883724212646,1,1,0,-1.4193642139434814,-1.4291270971298218,-0.009762883186340332,-0.7096821069717407,-0.7145635485649109,-0.004881441593170166,0.00017914568888954818,0
8,mathematics,2 + 3 =, 5, ,2,26,12177,0.9982638888888888,1.0,0.9333333333333333,max_feature_activation,4, =,4, =,4, =,136.66253662109375,136.66253662109375,136.66253662109375,1,1,1,amplify_2x,random_norm_matched,5,8,nan,136.66250610351562,0.0015427470207214355,9.143187753579696e-07,0.8744862079620361,0.8827201724052429,0.008233964443206787,0.009371690452098846,1,1,0,-1.4193642139434814,-1.3886882066726685,0.03067600727081299,-0.7096821069717407,-0.6943441033363342,0.015338003635406494,0.00033387038274668157,0
8,mathematics,2 + 3 =, 5, ,2,26,12177,0.9982638888888888,1.0,0.9333333333333333,max_feature_activation,4, =,4, =,4, =,136.66253662109375,136.66253662109375,136.66253662109375,1,1,1,amplify_2x,random_norm_matched,6,8,nan,136.66250610351562,0.0015427470207214355,9.143187753579696e-07,0.8744862079620361,0.8651688694953918,-0.009317338466644287,-0.010711848735809326,1,1,0,-1.4193642139434814,-1.4154579639434814,0.00390625,-0.7096821069717407,-0.7077289819717407,0.001953125,0.00033459835685789585,0
8,mathematics,2 + 3 =, 5, ,2,26,12177,0.9982638888888888,1.0,0.9333333333333333,max_feature_activation,4, =,4, =,4, =,136.66253662109375,136.66253662109375,136.66253662109375,1,1,1,amplify_2x,random_norm_matched,7,8,nan,136.6625213623047,0.0015427470207214355,9.143187753579696e-07,0.8744862079620361,0.9011595845222473,0.02667337656021118,0.03004581481218338,1,1,0,-1.4193642139434814,-1.385585904121399,0.03377830982208252,-0.7096821069717407,-0.6927929520606995,0.01688915491104126,0.001073647290468216,0
9,mathematics,7 - 4 =, 3, ,2,26,12177,0.9982638888888888,1.0,0.9333333333333333,max_feature_activation,4, =,4, =,4, =,176.70884704589844,176.70884704589844,176.70884704589844,1,1,1,ablate,sae_feature,-1,8,-176.70884704589844,176.70883178710938,0.0020850151777267456,6.171012500999495e-07,0.8756558299064636,0.9024972319602966,0.026841402053833008,0.030192464590072632,1,1,0,-0.41530364751815796,-0.38187742233276367,0.03342622518539429,-0.20765182375907898,-0.19093871116638184,0.016713112592697144,0.0012447135522961617,0
9,mathematics,7 - 4 =, 3, ,2,26,12177,0.9982638888888888,1.0,0.9333333333333333,max_feature_activation,4, =,4, =,4, =,176.70884704589844,176.70884704589844,176.70884704589844,1,1,1,ablate,random_norm_matched,0,8,nan,176.70883178710938,0.0020850151777267456,6.171012500999495e-07,0.8756558299064636,0.8775812387466431,0.0019254088401794434,0.002196401357650757,1,1,0,-0.41530364751815796,-0.40951377153396606,0.0057898759841918945,-0.20765182375907898,-0.20475688576698303,0.0028949379920959473,0.0003303418052382767,0
9,mathematics,7 - 4 =, 3, ,2,26,12177,0.9982638888888888,1.0,0.9333333333333333,max_feature_activation,4, =,4, =,4, =,176.70884704589844,176.70884704589844,176.70884704589844,1,1,1,ablate,random_norm_matched,1,8,nan,176.7088165283203,0.0020850151777267456,6.171012500999495e-07,0.8756558299064636,0.8767071962356567,0.0010513663291931152,0.0011999011039733887,1,1,0,-0.41530364751815796,-0.41322922706604004,0.00207442045211792,-0.20765182375907898,-0.20661461353302002,0.00103721022605896,0.00021139041928108782,0
9,mathematics,7 - 4 =, 3, ,2,26,12177,0.9982638888888888,1.0,0.9333333333333333,max_feature_activation,4, =,4, =,4, =,176.70884704589844,176.70884704589844,176.70884704589844,1,1,1,ablate,random_norm_matched,2,8,nan,176.70883178710938,0.0020850151777267456,6.171012500999495e-07,0.8756558299064636,0.8723270297050476,-0.0033288002014160156,-0.0038087964057922363,1,1,0,-0.41530364751815796,-0.4131050109863281,0.002198636531829834,-0.20765182375907898,-0.20655250549316406,0.001099318265914917,0.00024839755496941507,0
9,mathematics,7 - 4 =, 3, ,2,26,12177,0.9982638888888888,1.0,0.9333333333333333,max_feature_activation,4, =,4, =,4, =,176.70884704589844,176.70884704589844,176.70884704589844,1,1,1,ablate,random_norm_matched,3,8,nan,176.7088165283203,0.0020850151777267456,6.171012500999495e-07,0.8756558299064636,0.863081693649292,-0.01257413625717163,-0.01446378231048584,1,1,0,-0.41530364751815796,-0.43526190519332886,-0.0199582576751709,-0.20765182375907898,-0.21763095259666443,-0.00997912883758545,0.0004889716510660946,0
9,mathematics,7 - 4 =, 3, ,2,26,12177,0.9982638888888888,1.0,0.9333333333333333,max_feature_activation,4, =,4, =,4, =,176.70884704589844,176.70884704589844,176.70884704589844,1,1,1,ablate,random_norm_matched,4,8,nan,176.7088165283203,0.0020850151777267456,6.171012500999495e-07,0.8756558299064636,0.8776547908782959,0.0019989609718322754,0.002280205488204956,1,1,0,-0.41530364751815796,-0.4144434928894043,0.0008601546287536621,-0.20765182375907898,-0.20722174644470215,0.00043007731437683105,0.0003864261379931122,0
9,mathematics,7 - 4 =, 3, ,2,26,12177,0.9982638888888888,1.0,0.9333333333333333,max_feature_activation,4, =,4, =,4, =,176.70884704589844,176.70884704589844,176.70884704589844,1,1,1,ablate,random_norm_matched,5,8,nan,176.70883178710938,0.0020850151777267456,6.171012500999495e-07,0.8756558299064636,0.8918060660362244,0.016150236129760742,0.018275544047355652,1,1,0,-0.41530364751815796,-0.4051077365875244,0.010195910930633545,-0.20765182375907898,-0.2025538682937622,0.0050979554653167725,0.0006895828992128372,0
9,mathematics,7 - 4 =, 3, ,2,26,12177,0.9982638888888888,1.0,0.9333333333333333,max_feature_activation,4, =,4, =,4, =,176.70884704589844,176.70884704589844,176.70884704589844,1,1,1,ablate,random_norm_matched,6,8,nan,176.7088165283203,0.0020850151777267456,6.171012500999495e-07,0.8756558299064636,0.8885918855667114,0.012936055660247803,0.014664925634860992,1,1,0,-0.41530364751815796,-0.3934120833873749,0.02189156413078308,-0.20765182375907898,-0.19670604169368744,0.01094578206539154,0.0007176147191785276,0
9,mathematics,7 - 4 =, 3, ,2,26,12177,0.9982638888888888,1.0,0.9333333333333333,max_feature_activation,4, =,4, =,4, =,176.70884704589844,176.70884704589844,176.70884704589844,1,1,1,ablate,random_norm_matched,7,8,nan,176.70883178710938,0.0020850151777267456,6.171012500999495e-07,0.8756558299064636,0.8912746906280518,0.015618860721588135,0.017679527401924133,1,1,0,-0.41530364751815796,-0.39618104696273804,0.019122600555419922,-0.20765182375907898,-0.19809052348136902,0.009561300277709961,0.0005268850363790989,0
9,mathematics,7 - 4 =, 3, ,2,26,12177,0.9982638888888888,1.0,0.9333333333333333,max_feature_activation,4, =,4, =,4, =,176.70884704589844,176.70884704589844,176.70884704589844,1,1,1,amplify_2x,sae_feature,-1,8,176.70884704589844,176.70883178710938,0.0020850151777267456,6.171012500999495e-07,0.8756558299064636,0.8429906964302063,-0.032665133476257324,-0.03801724314689636,1,1,0,-0.41530364751815796,-0.4544544219970703,-0.039150774478912354,-0.20765182375907898,-0.22722721099853516,-0.019575387239456177,0.001486344262957573,0
9,mathematics,7 - 4 =, 3, ,2,26,12177,0.9982638888888888,1.0,0.9333333333333333,max_feature_activation,4, =,4, =,4, =,176.70884704589844,176.70884704589844,176.70884704589844,1,1,1,amplify_2x,random_norm_matched,0,8,nan,176.70883178710938,0.0020850151777267456,6.171012500999495e-07,0.8756558299064636,0.8755223155021667,-0.000133514404296875,-0.00015249848365783691,1,1,0,-0.41530364751815796,-0.42456668615341187,-0.009263038635253906,-0.20765182375907898,-0.21228334307670593,-0.004631519317626953,0.0002552260411903262,0
9,mathematics,7 - 4 =, 3, ,2,26,12177,0.9982638888888888,1.0,0.9333333333333333,max_feature_activation,4, =,4, =,4, =,176.70884704589844,176.70884704589844,176.70884704589844,1,1,1,amplify_2x,random_norm_matched,1,8,nan,176.70883178710938,0.0020850151777267456,6.171012500999495e-07,0.8756558299064636,0.8657091856002808,-0.009946644306182861,-0.011424094438552856,1,1,0,-0.41530364751815796,-0.42403554916381836,-0.0087319016456604,-0.20765182375907898,-0.21201777458190918,-0.0043659508228302,0.0006008535856381059,0
9,mathematics,7 - 4 =, 3, ,2,26,12177,0.9982638888888888,1.0,0.9333333333333333,max_feature_activation,4, =,4, =,4, =,176.70884704589844,176.70884704589844,176.70884704589844,1,1,1,amplify_2x,random_norm_matched,2,8,nan,176.70883178710938,0.0020850151777267456,6.171012500999495e-07,0.8756558299064636,0.8876780271530151,0.012022197246551514,0.013635940849781036,1,1,0,-0.41530364751815796,-0.4088110327720642,0.00649261474609375,-0.20765182375907898,-0.2044055163860321,0.003246307373046875,0.0005705072544515133,0
9,mathematics,7 - 4 =, 3, ,2,26,12177,0.9982638888888888,1.0,0.9333333333333333,max_feature_activation,4, =,4, =,4, =,176.70884704589844,176.70884704589844,176.70884704589844,1,1,1,amplify_2x,random_norm_matched,3,8,nan,176.70884704589844,0.0020850151777267456,6.171012500999495e-07,0.8756558299064636,0.8953313231468201,0.019675493240356445,0.0222206711769104,1,1,0,-0.41530364751815796,-0.391684889793396,0.023618757724761963,-0.20765182375907898,-0.195842444896698,0.011809378862380981,0.0006676551420241594,0
9,mathematics,7 - 4 =, 3, ,2,26,12177,0.9982638888888888,1.0,0.9333333333333333,max_feature_activation,4, =,4, =,4, =,176.70884704589844,176.70884704589844,176.70884704589844,1,1,1,amplify_2x,random_norm_matched,4,8,nan,176.70884704589844,0.0020850151777267456,6.171012500999495e-07,0.8756558299064636,0.8783305287361145,0.002674698829650879,0.003049805760383606,1,1,0,-0.41530364751815796,-0.40851840376853943,0.00678524374961853,-0.20765182375907898,-0.20425920188426971,0.003392621874809265,0.0002893387572839856,0
9,mathematics,7 - 4 =, 3, ,2,26,12177,0.9982638888888888,1.0,0.9333333333333333,max_feature_activation,4, =,4, =,4, =,176.70884704589844,176.70884704589844,176.70884704589844,1,1,1,amplify_2x,random_norm_matched,5,8,nan,176.7088165283203,0.0020850151777267456,6.171012500999495e-07,0.8756558299064636,0.8829039335250854,0.007248103618621826,0.00824323296546936,1,1,0,-0.41530364751815796,-0.41458797454833984,0.0007156729698181152,-0.20765182375907898,-0.20729398727416992,0.0003578364849090576,0.0003378905530553311,0
9,mathematics,7 - 4 =, 3, ,2,26,12177,0.9982638888888888,1.0,0.9333333333333333,max_feature_activation,4, =,4, =,4, =,176.70884704589844,176.70884704589844,176.70884704589844,1,1,1,amplify_2x,random_norm_matched,6,8,nan,176.70883178710938,0.0020850151777267456,6.171012500999495e-07,0.8756558299064636,0.8569021821022034,-0.018753647804260254,-0.021649375557899475,1,1,0,-0.41530364751815796,-0.4374941885471344,-0.02219054102897644,-0.20765182375907898,-0.2187470942735672,-0.01109527051448822,0.0007382079493254423,0
9,mathematics,7 - 4 =, 3, ,2,26,12177,0.9982638888888888,1.0,0.9333333333333333,max_feature_activation,4, =,4, =,4, =,176.70884704589844,176.70884704589844,176.70884704589844,1,1,1,amplify_2x,random_norm_matched,7,8,nan,176.70883178710938,0.0020850151777267456,6.171012500999495e-07,0.8756558299064636,0.8567458987236023,-0.018909931182861328,-0.021831810474395752,1,1,0,-0.41530364751815796,-0.4349367618560791,-0.019633114337921143,-0.20765182375907898,-0.21746838092803955,-0.009816557168960571,0.0008331910357810557,0
10,mathematics,6 * 2 =, 12, ,3,26,12177,0.9982638888888888,1.0,0.9333333333333333,max_feature_activation,4, =,4, =,4, =,157.94781494140625,157.94781494140625,157.94781494140625,1,1,1,ablate,sae_feature,-1,8,-157.94781494140625,157.94781494140625,0.0014098137617111206,4.5836532081011683e-07,0.908487856388092,0.9291303753852844,0.020642518997192383,0.022467538714408875,1,1,0,-0.3833167850971222,-0.3540249168872833,0.029291868209838867,-0.1277722716331482,-0.11800830811262131,0.009763963520526886,0.0009772975463420153,0
10,mathematics,6 * 2 =, 12, ,3,26,12177,0.9982638888888888,1.0,0.9333333333333333,max_feature_activation,4, =,4, =,4, =,157.94781494140625,157.94781494140625,157.94781494140625,1,1,1,ablate,random_norm_matched,0,8,nan,157.94781494140625,0.0014098137617111206,4.5836532081011683e-07,0.908487856388092,0.899454653263092,-0.009033203125,-0.009992904961109161,1,1,0,-0.3833167850971222,-0.3951336145401001,-0.011816829442977905,-0.1277722716331482,-0.1317112147808075,-0.003938943147659302,0.00046372460201382637,0
10,mathematics,6 * 2 =, 12, ,3,26,12177,0.9982638888888888,1.0,0.9333333333333333,max_feature_activation,4, =,4, =,4, =,157.94781494140625,157.94781494140625,157.94781494140625,1,1,1,ablate,random_norm_matched,1,8,nan,157.94781494140625,0.0014098137617111206,4.5836532081011683e-07,0.908487856388092,0.9059154987335205,-0.002572357654571533,-0.002835497260093689,1,1,0,-0.3833167850971222,-0.3871803879737854,-0.003863602876663208,-0.1277722716331482,-0.12906013429164886,-0.0012878626585006714,0.00019597448408603668,0
10,mathematics,6 * 2 =, 12, ,3,26,12177,0.9982638888888888,1.0,0.9333333333333333,max_feature_activation,4, =,4, =,4, =,157.94781494140625,157.94781494140625,157.94781494140625,1,1,1,ablate,random_norm_matched,2,8,nan,157.94781494140625,0.0014098137617111206,4.5836532081011683e-07,0.908487856388092,0.8928495645523071,-0.015638291835784912,-0.017363443970680237,1,1,0,-0.3833167850971222,-0.39773380756378174,-0.014417022466659546,-0.1277722716331482,-0.13257794082164764,-0.004805669188499451,0.0006110173999331892,0
10,mathematics,6 * 2 =, 12, ,3,26,12177,0.9982638888888888,1.0,0.9333333333333333,max_feature_activation,4, =,4, =,4, =,157.94781494140625,157.94781494140625,157.94781494140625,1,1,1,ablate,random_norm_matched,3,8,nan,157.94781494140625,0.0014098137617111206,4.5836532081011683e-07,0.908487856388092,0.9067977070808411,-0.0016901493072509766,-0.0018621087074279785,1,1,0,-0.3833167850971222,-0.3800254464149475,0.0032913386821746826,-0.1277722716331482,-0.12667515873908997,0.0010971128940582275,0.00022101377544458956,0
10,mathematics,6 * 2 =, 12, ,3,26,12177,0.9982638888888888,1.0,0.9333333333333333,max_feature_activation,4, =,4, =,4, =,157.94781494140625,157.94781494140625,157.94781494140625,1,1,1,ablate,random_norm_matched,4,8,nan,157.9477996826172,0.0014098137617111206,4.5836532081011683e-07,0.908487856388092,0.8851887583732605,-0.023299098014831543,-0.025980621576309204,1,1,0,-0.3833167850971222,-0.4043472409248352,-0.021030455827713013,-0.1277722716331482,-0.13478241860866547,-0.007010146975517273,0.0009353460045531392,0
10,mathematics,6 * 2 =, 12, ,3,26,12177,0.9982638888888888,1.0,0.9333333333333333,max_feature_activation,4, =,4, =,4, =,157.94781494140625,157.94781494140625,157.94781494140625,1,1,1,ablate,random_norm_matched,5,8,nan,157.94781494140625,0.0014098137617111206,4.5836532081011683e-07,0.908487856388092,0.9246469736099243,0.016159117221832275,0.017630472779273987,1,1,0,-0.3833167850971222,-0.37064507603645325,0.012671709060668945,-0.1277722716331482,-0.12354835867881775,0.004223912954330444,0.0005831263842992485,0
10,mathematics,6 * 2 =, 12, ,3,26,12177,0.9982638888888888,1.0,0.9333333333333333,max_feature_activation,4, =,4, =,4, =,157.94781494140625,157.94781494140625,157.94781494140625,1,1,1,ablate,random_norm_matched,6,8,nan,157.94781494140625,0.0014098137617111206,4.5836532081011683e-07,0.908487856388092,0.9152072072029114,0.006719350814819336,0.0073689743876457214,1,1,0,-0.3833167850971222,-0.3787379264831543,0.0045788586139678955,-0.1277722716331482,-0.12624597549438477,0.0015262961387634277,0.0002027039008680731,0
10,mathematics,6 * 2 =, 12, ,3,26,12177,0.9982638888888888,1.0,0.9333333333333333,max_feature_activation,4, =,4, =,4, =,157.94781494140625,157.94781494140625,157.94781494140625,1,1,1,ablate,random_norm_matched,7,8,nan,157.9478302001953,0.0014098137617111206,4.5836532081011683e-07,0.908487856388092,0.9159696102142334,0.007481753826141357,0.008201651275157928,1,1,0,-0.3833167850971222,-0.37975141406059265,0.003565371036529541,-0.1277722716331482,-0.12658381462097168,0.0011884570121765137,0.00031693006167188287,0
10,mathematics,6 * 2 =, 12, ,3,26,12177,0.9982638888888888,1.0,0.9333333333333333,max_feature_activation,4, =,4, =,4, =,157.94781494140625,157.94781494140625,157.94781494140625,1,1,1,amplify_2x,sae_feature,-1,8,157.94781494140625,157.94781494140625,0.0014098137617111206,4.5836532081011683e-07,0.908487856388092,0.8838129639625549,-0.02467489242553711,-0.02753608673810959,1,1,0,-0.3833167850971222,-0.4196068048477173,-0.03629001975059509,-0.1277722716331482,-0.13986894488334656,-0.012096673250198364,0.001155216246843338,0
10,mathematics,6 * 2 =, 12, ,3,26,12177,0.9982638888888888,1.0,0.9333333333333333,max_feature_activation,4, =,4, =,4, =,157.94781494140625,157.94781494140625,157.94781494140625,1,1,1,amplify_2x,random_norm_matched,0,8,nan,157.94781494140625,0.0014098137617111206,4.5836532081011683e-07,0.908487856388092,0.9288880825042725,0.02040022611618042,0.022206731140613556,1,1,0,-0.3833167850971222,-0.362050861120224,0.021265923976898193,-0.1277722716331482,-0.12068362534046173,0.007088646292686462,0.0009031958761624992,0
10,mathematics,6 * 2 =, 12, ,3,26,12177,0.9982638888888888,1.0,0.9333333333333333,max_feature_activation,4, =,4, =,4, =,157.94781494140625,157.94781494140625,157.94781494140625,1,1,1,amplify_2x,random_norm_matched,1,8,nan,157.94781494140625,0.0014098137617111206,4.5836532081011683e-07,0.908487856388092,0.9140216112136841,0.005533754825592041,0.00607270747423172,1,1,0,-0.3833167850971222,-0.37425506114959717,0.009061723947525024,-0.1277722716331482,-0.12475168704986572,0.0030205845832824707,0.00044263870222494006,0
10,mathematics,6 * 2 =, 12, ,3,26,12177,0.9982638888888888,1.0,0.9333333333333333,max_feature_activation,4, =,4, =,4, =,157.94781494140625,157.94781494140625,157.94781494140625,1,1,1,amplify_2x,random_norm_matched,2,8,nan,157.94781494140625,0.0014098137617111206,4.5836532081011683e-07,0.908487856388092,0.902153730392456,-0.006334125995635986,-0.006996572017669678,1,1,0,-0.3833167850971222,-0.39432400465011597,-0.011007219552993774,-0.1277722716331482,-0.13144133985042572,-0.003669068217277527,0.00020129684708081186,0
10,mathematics,6 * 2 =, 12, ,3,26,12177,0.9982638888888888,1.0,0.9333333333333333,max_feature_activation,4, =,4, =,4, =,157.94781494140625,157.94781494140625,157.94781494140625,1,1,1,amplify_2x,random_norm_matched,3,8,nan,157.9477996826172,0.0014098137617111206,4.5836532081011683e-07,0.908487856388092,0.9157132506370544,0.007225394248962402,0.007921718060970306,1,1,0,-0.3833167850971222,-0.37321287393569946,0.01010391116142273,-0.1277722716331482,-0.12440429627895355,0.003367975354194641,0.00030421913834288716,0
10,mathematics,6 * 2 =, 12, ,3,26,12177,0.9982638888888888,1.0,0.9333333333333333,max_feature_activation,4, =,4, =,4, =,157.94781494140625,157.94781494140625,157.94781494140625,1,1,1,amplify_2x,random_norm_matched,4,8,nan,157.94781494140625,0.0014098137617111206,4.5836532081011683e-07,0.908487856388092,0.9255276918411255,0.017039835453033447,0.01858251541852951,1,1,0,-0.3833167850971222,-0.36955273151397705,0.013764053583145142,-0.1277722716331482,-0.12318424880504608,0.004588022828102112,0.0006149473483674228,0
10,mathematics,6 * 2 =, 12, ,3,26,12177,0.9982638888888888,1.0,0.9333333333333333,max_feature_activation,4, =,4, =,4, =,157.94781494140625,157.94781494140625,157.94781494140625,1,1,1,amplify_2x,random_norm_matched,5,8,nan,157.94781494140625,0.0014098137617111206,4.5836532081011683e-07,0.908487856388092,0.906951367855072,-0.0015364885330200195,-0.0016927048563957214,1,1,0,-0.3833167850971222,-0.387021541595459,-0.003704756498336792,-0.1277722716331482,-0.12900719046592712,-0.0012349188327789307,0.00023707319633103907,0
10,mathematics,6 * 2 =, 12, ,3,26,12177,0.9982638888888888,1.0,0.9333333333333333,max_feature_activation,4, =,4, =,4, =,157.94781494140625,157.94781494140625,157.94781494140625,1,1,1,amplify_2x,random_norm_matched,6,8,nan,157.9477996826172,0.0014098137617111206,4.5836532081011683e-07,0.908487856388092,0.9086281657218933,0.00014030933380126953,0.00015445053577423096,1,1,0,-0.3833167850971222,-0.3845213055610657,-0.0012045204639434814,-0.1277722716331482,-0.12817376852035522,-0.00040149688720703125,0.0004228462348692119,0
10,mathematics,6 * 2 =, 12, ,3,26,12177,0.9982638888888888,1.0,0.9333333333333333,max_feature_activation,4, =,4, =,4, =,157.94781494140625,157.94781494140625,157.94781494140625,1,1,1,amplify_2x,random_norm_matched,7,8,nan,157.94781494140625,0.0014098137617111206,4.5836532081011683e-07,0.908487856388092,0.8981712460517883,-0.010316610336303711,-0.01142074167728424,1,1,0,-0.3833167850971222,-0.39020681381225586,-0.006890028715133667,-0.1277722716331482,-0.13006894290447235,-0.0022966712713241577,0.00033086203620769083,0
11,mathematics,The square root of 81 is, 9, ,2,26,12177,0.9982638888888888,1.0,0.9333333333333333,max_feature_activation,6,1,7, is,6,1,200.87808227539062,197.72793579101562,200.87808227539062,1,1,1,ablate,sae_feature,-1,8,-200.87808227539062,200.87806701660156,-0.0015064477920532227,6.317859515547752e-06,0.5005343556404114,0.5016918182373047,0.0011574625968933105,0.0023097991943359375,1,1,0,-0.7198755741119385,-0.7177327275276184,0.0021428465843200684,-0.35993778705596924,-0.3588663637638092,0.0010714232921600342,5.897101800655946e-06,0
11,mathematics,The square root of 81 is, 9, ,2,26,12177,0.9982638888888888,1.0,0.9333333333333333,max_feature_activation,6,1,7, is,6,1,200.87808227539062,197.72793579101562,200.87808227539062,1,1,1,ablate,random_norm_matched,0,8,nan,200.8780517578125,-0.0015064477920532227,6.317859515547752e-06,0.5005343556404114,0.502096951007843,0.0015625953674316406,0.003117084503173828,1,1,0,-0.7198755741119385,-0.7164390087127686,0.003436565399169922,-0.35993778705596924,-0.3582195043563843,0.001718282699584961,7.557566277682781e-06,0
11,mathematics,The square root of 81 is, 9, ,2,26,12177,0.9982638888888888,1.0,0.9333333333333333,max_feature_activation,6,1,7, is,6,1,200.87808227539062,197.72793579101562,200.87808227539062,1,1,1,ablate,random_norm_matched,1,8,nan,200.87806701660156,-0.0015064477920532227,6.317859515547752e-06,0.5005343556404114,0.4984418451786041,-0.002092510461807251,-0.004189252853393555,1,1,0,-0.7198755741119385,-0.7243861556053162,-0.0045105814933776855,-0.35993778705596924,-0.3621930778026581,-0.0022552907466888428,1.1435084161348641e-05,0
11,mathematics,The square root of 81 is, 9, ,2,26,12177,0.9982638888888888,1.0,0.9333333333333333,max_feature_activation,6,1,7, is,6,1,200.87808227539062,197.72793579101562,200.87808227539062,1,1,1,ablate,random_norm_matched,2,8,nan,200.87806701660156,-0.0015064477920532227,6.317859515547752e-06,0.5005343556404114,0.4984895586967468,-0.0020447969436645508,-0.004093587398529053,1,1,0,-0.7198755741119385,-0.724387526512146,-0.0045119524002075195,-0.35993778705596924,-0.362193763256073,-0.0022559762001037598,9.9116878118366e-06,0
11,mathematics,The square root of 81 is, 9, ,2,26,12177,0.9982638888888888,1.0,0.9333333333333333,max_feature_activation,6,1,7, is,6,1,200.87808227539062,197.72793579101562,200.87808227539062,1,1,1,ablate,random_norm_matched,3,8,nan,200.87806701660156,-0.0015064477920532227,6.317859515547752e-06,0.5005343556404114,0.5002707839012146,-0.00026357173919677734,-0.0005266666412353516,1,1,0,-0.7198755741119385,-0.7210044860839844,-0.0011289119720458984,-0.35993778705596924,-0.3605022430419922,-0.0005644559860229492,4.850371624343097e-06,0
11,mathematics,The square root of 81 is, 9, ,2,26,12177,0.9982638888888888,1.0,0.9333333333333333,max_feature_activation,6,1,7, is,6,1,200.87808227539062,197.72793579101562,200.87808227539062,1,1,1,ablate,random_norm_matched,4,8,nan,200.87806701660156,-0.0015064477920532227,6.317859515547752e-06,0.5005343556404114,0.49974989891052246,-0.000784456729888916,-0.001568436622619629,1,1,0,-0.7198755741119385,-0.7223765850067139,-0.0025010108947753906,-0.35993778705596924,-0.36118829250335693,-0.0012505054473876953,7.76445449446328e-06,0
11,mathematics,The square root of 81 is, 9, ,2,26,12177,0.9982638888888888,1.0,0.9333333333333333,max_feature_activation,6,1,7, is,6,1,200.87808227539062,197.72793579101562,200.87808227539062,1,1,1,ablate,random_norm_matched,5,8,nan,200.87806701660156,-0.0015064477920532227,6.317859515547752e-06,0.5005343556404114,0.5025489330291748,0.0020145773887634277,0.00401681661605835,1,1,0,-0.7198755741119385,-0.715639054775238,0.0042365193367004395,-0.35993778705596924,-0.357819527387619,0.0021182596683502197,1.0572119208518416e-05,0
11,mathematics,The square root of 81 is, 9, ,2,26,12177,0.9982638888888888,1.0,0.9333333333333333,max_feature_activation,6,1,7, is,6,1,200.87808227539062,197.72793579101562,200.87808227539062,1,1,1,ablate,random_norm_matched,6,8,nan,200.8780517578125,-0.0015064477920532227,6.317859515547752e-06,0.5005343556404114,0.499496728181839,-0.0010376274585723877,-0.0020751357078552246,1,1,0,-0.7198755741119385,-0.7221181392669678,-0.002242565155029297,-0.35993778705596924,-0.3610590696334839,-0.0011212825775146484,7.883319995016791e-06,0
11,mathematics,The square root of 81 is, 9, ,2,26,12177,0.9982638888888888,1.0,0.9333333333333333,max_feature_activation,6,1,7, is,6,1,200.87808227539062,197.72793579101562,200.87808227539062,1,1,1,ablate,random_norm_matched,7,8,nan,200.8780517578125,-0.0015064477920532227,6.317859515547752e-06,0.5005343556404114,0.5031055808067322,0.0025712251663208008,0.00512385368347168,1,1,0,-0.7198755741119385,-0.7153570055961609,0.004518568515777588,-0.35993778705596924,-0.35767850279808044,0.002259284257888794,1.3297336408868432e-05,0
11,mathematics,The square root of 81 is, 9, ,2,26,12177,0.9982638888888888,1.0,0.9333333333333333,max_feature_activation,6,1,7, is,6,1,200.87808227539062,197.72793579101562,200.87808227539062,1,1,1,amplify_2x,sae_feature,-1,8,200.87808227539062,200.87806701660156,-0.0015064477920532227,6.317859515547752e-06,0.5005343556404114,0.49878108501434326,-0.0017532706260681152,-0.003508925437927246,1,1,0,-0.7198755741119385,-0.7233944535255432,-0.0035188794136047363,-0.35993778705596924,-0.3616972267627716,-0.0017594397068023682,7.373218977591023e-06,0
11,mathematics,The square root of 81 is, 9, ,2,26,12177,0.9982638888888888,1.0,0.9333333333333333,max_feature_activation,6,1,7, is,6,1,200.87808227539062,197.72793579101562,200.87808227539062,1,1,1,amplify_2x,random_norm_matched,0,8,nan,200.87806701660156,-0.0015064477920532227,6.317859515547752e-06,0.5005343556404114,0.5016432404518127,0.0011088848114013672,0.002213001251220703,1,1,0,-0.7198755741119385,-0.7178268432617188,0.0020487308502197266,-0.35993778705596924,-0.3589134216308594,0.0010243654251098633,6.6618558776099235e-06,0
11,mathematics,The square root of 81 is, 9, ,2,26,12177,0.9982638888888888,1.0,0.9333333333333333,max_feature_activation,6,1,7, is,6,1,200.87808227539062,197.72793579101562,200.87808227539062,1,1,1,amplify_2x,random_norm_matched,1,8,nan,200.87806701660156,-0.0015064477920532227,6.317859515547752e-06,0.5005343556404114,0.4953501522541046,-0.005184203386306763,-0.010411322116851807,1,1,0,-0.7198755741119385,-0.730678379535675,-0.010802805423736572,-0.35993778705596924,-0.3653391897678375,-0.005401402711868286,2.6811962015926838e-05,0
11,mathematics,The square root of 81 is, 9, ,2,26,12177,0.9982638888888888,1.0,0.9333333333333333,max_feature_activation,6,1,7, is,6,1,200.87808227539062,197.72793579101562,200.87808227539062,1,1,1,amplify_2x,random_norm_matched,2,8,nan,200.87806701660156,-0.0015064477920532227,6.317859515547752e-06,0.5005343556404114,0.4991353750228882,-0.0013989806175231934,-0.0027988553047180176,1,1,0,-0.7198755741119385,-0.7231270670890808,-0.003251492977142334,-0.35993778705596924,-0.3615635335445404,-0.001625746488571167,7.173024641815573e-06,0
11,mathematics,The square root of 81 is, 9, ,2,26,12177,0.9982638888888888,1.0,0.9333333333333333,max_feature_activation,6,1,7, is,6,1,200.87808227539062,197.72793579101562,200.87808227539062,1,1,1,amplify_2x,random_norm_matched,3,8,nan,200.8780517578125,-0.0015064477920532227,6.317859515547752e-06,0.5005343556404114,0.5006219148635864,8.755922317504883e-05,0.00017493963241577148,1,1,0,-0.7198755741119385,-0.7198002338409424,7.534027099609375e-05,-0.35993778705596924,-0.3599001169204712,3.7670135498046875e-05,8.75476689543575e-06,0
11,mathematics,The square root of 81 is, 9, ,2,26,12177,0.9982638888888888,1.0,0.9333333333333333,max_feature_activation,6,1,7, is,6,1,200.87808227539062,197.72793579101562,200.87808227539062,1,1,1,amplify_2x,random_norm_matched,4,8,nan,200.8780975341797,-0.0015064477920532227,6.317859515547752e-06,0.5005343556404114,0.5051790475845337,0.0046446919441223145,0.009236752986907959,1,1,0,-0.7198755741119385,-0.7115594148635864,0.00831615924835205,-0.35993778705596924,-0.3557797074317932,0.004158079624176025,2.34053295571357e-05,0
11,mathematics,The square root of 81 is, 9, ,2,26,12177,0.9982638888888888,1.0,0.9333333333333333,max_feature_activation,6,1,7, is,6,1,200.87808227539062,197.72793579101562,200.87808227539062,1,1,1,amplify_2x,random_norm_matched,5,8,nan,200.87806701660156,-0.0015064477920532227,6.317859515547752e-06,0.5005343556404114,0.5022509694099426,0.00171661376953125,0.003423750400543213,1,1,0,-0.7198755741119385,-0.7164434790611267,0.0034320950508117676,-0.35993778705596924,-0.35822173953056335,0.0017160475254058838,7.0144596975296736e-06,0
11,mathematics,The square root of 81 is, 9, ,2,26,12177,0.9982638888888888,1.0,0.9333333333333333,max_feature_activation,6,1,7, is,6,1,200.87808227539062,197.72793579101562,200.87808227539062,1,1,1,amplify_2x,random_norm_matched,6,8,nan,200.8780517578125,-0.0015064477920532227,6.317859515547752e-06,0.5005343556404114,0.4998001158237457,-0.0007342398166656494,-0.0014680027961730957,1,1,0,-0.7198755741119385,-0.7215782403945923,-0.0017026662826538086,-0.35993778705596924,-0.36078912019729614,-0.0008513331413269043,1.1921263649128377e-05,0
11,mathematics,The square root of 81 is, 9, ,2,26,12177,0.9982638888888888,1.0,0.9333333333333333,max_feature_activation,6,1,7, is,6,1,200.87808227539062,197.72793579101562,200.87808227539062,1,1,1,amplify_2x,random_norm_matched,7,8,nan,200.87806701660156,-0.0015064477920532227,6.317859515547752e-06,0.5005343556404114,0.5008288025856018,0.0002944469451904297,0.0005881190299987793,1,1,0,-0.7198755741119385,-0.7193117141723633,0.0005638599395751953,-0.35993778705596924,-0.35965585708618164,0.00028192996978759766,8.713061106391251e-06,0
12,code,Python function declaration keyword:, def, def,1,26,19655,0.9881365740740741,0.9661458333333334,0.8235294117647058,max_feature_activation,2, declaration,4,:,2, declaration,270.3924255371094,86.84413146972656,270.3924255371094,1,1,1,ablate,sae_feature,-1,8,-270.3924255371094,270.39239501953125,-0.009992361068725586,8.427170541835949e-06,0.14794830977916718,0.14821237325668335,0.0002640634775161743,0.0017832517623901367,1,1,0,-1.910892367362976,-1.909109115600586,0.0017832517623901367,-1.910892367362976,-1.909109115600586,0.0017832517623901367,7.185566573753022e-06,0
12,code,Python function declaration keyword:, def, def,1,26,19655,0.9881365740740741,0.9661458333333334,0.8235294117647058,max_feature_activation,2, declaration,4,:,2, declaration,270.3924255371094,86.84413146972656,270.3924255371094,1,1,1,ablate,random_norm_matched,0,8,nan,270.39239501953125,-0.009992361068725586,8.427170541835949e-06,0.14794830977916718,0.14764508605003357,-0.00030322372913360596,-0.0020515918731689453,1,1,0,-1.910892367362976,-1.912943959236145,-0.0020515918731689453,-1.910892367362976,-1.912943959236145,-0.0020515918731689453,7.884947990532964e-06,0
12,code,Python function declaration keyword:, def, def,1,26,19655,0.9881365740740741,0.9661458333333334,0.8235294117647058,max_feature_activation,2, declaration,4,:,2, declaration,270.3924255371094,86.84413146972656,270.3924255371094,1,1,1,ablate,random_norm_matched,1,8,nan,270.39239501953125,-0.009992361068725586,8.427170541835949e-06,0.14794830977916718,0.14748188853263855,-0.0004664212465286255,-0.003157496452331543,1,1,0,-1.910892367362976,-1.9140498638153076,-0.003157496452331543,-1.910892367362976,-1.9140498638153076,-0.003157496452331543,7.382912372122519e-06,0
12,code,Python function declaration keyword:, def, def,1,26,19655,0.9881365740740741,0.9661458333333334,0.8235294117647058,max_feature_activation,2, declaration,4,:,2, declaration,270.3924255371094,86.84413146972656,270.3924255371094,1,1,1,ablate,random_norm_matched,2,8,nan,270.39239501953125,-0.009992361068725586,8.427170541835949e-06,0.14794830977916718,0.1475832462310791,-0.00036506354808807373,-0.0024704933166503906,1,1,0,-1.910892367362976,-1.9133628606796265,-0.0024704933166503906,-1.910892367362976,-1.9133628606796265,-0.0024704933166503906,8.299968612845987e-06,0
12,code,Python function declaration keyword:, def, def,1,26,19655,0.9881365740740741,0.9661458333333334,0.8235294117647058,max_feature_activation,2, declaration,4,:,2, declaration,270.3924255371094,86.84413146972656,270.3924255371094,1,1,1,ablate,random_norm_matched,3,8,nan,270.39239501953125,-0.009992361068725586,8.427170541835949e-06,0.14794830977916718,0.14818528294563293,0.00023697316646575928,0.001600503921508789,1,1,0,-1.910892367362976,-1.9092918634414673,0.001600503921508789,-1.910892367362976,-1.9092918634414673,0.001600503921508789,5.515865268534981e-06,0
12,code,Python function declaration keyword:, def, def,1,26,19655,0.9881365740740741,0.9661458333333334,0.8235294117647058,max_feature_activation,2, declaration,4,:,2, declaration,270.3924255371094,86.84413146972656,270.3924255371094,1,1,1,ablate,random_norm_matched,4,8,nan,270.39239501953125,-0.009992361068725586,8.427170541835949e-06,0.14794830977916718,0.14763198792934418,-0.00031632184982299805,-0.0021402835845947266,1,1,0,-1.910892367362976,-1.9130326509475708,-0.0021402835845947266,-1.910892367362976,-1.9130326509475708,-0.0021402835845947266,6.362335170706501e-06,0
12,code,Python function declaration keyword:, def, def,1,26,19655,0.9881365740740741,0.9661458333333334,0.8235294117647058,max_feature_activation,2, declaration,4,:,2, declaration,270.3924255371094,86.84413146972656,270.3924255371094,1,1,1,ablate,random_norm_matched,5,8,nan,270.3924255371094,-0.009992361068725586,8.427170541835949e-06,0.14794830977916718,0.14827272295951843,0.0003244131803512573,0.0021904706954956055,1,1,0,-1.910892367362976,-1.9087018966674805,0.0021904706954956055,-1.910892367362976,-1.9087018966674805,0.0021904706954956055,6.843892606411828e-06,0
12,code,Python function declaration keyword:, def, def,1,26,19655,0.9881365740740741,0.9661458333333334,0.8235294117647058,max_feature_activation,2, declaration,4,:,2, declaration,270.3924255371094,86.84413146972656,270.3924255371094,1,1,1,ablate,random_norm_matched,6,8,nan,270.39239501953125,-0.009992361068725586,8.427170541835949e-06,0.14794830977916718,0.1479702740907669,2.1964311599731445e-05,0.00014853477478027344,1,1,0,-1.910892367362976,-1.9107438325881958,0.00014853477478027344,-1.910892367362976,-1.9107438325881958,0.00014853477478027344,5.446327122626826e-06,0
12,code,Python function declaration keyword:, def, def,1,26,19655,0.9881365740740741,0.9661458333333334,0.8235294117647058,max_feature_activation,2, declaration,4,:,2, declaration,270.3924255371094,86.84413146972656,270.3924255371094,1,1,1,ablate,random_norm_matched,7,8,nan,270.39239501953125,-0.009992361068725586,8.427170541835949e-06,0.14794830977916718,0.1499103158712387,0.001962006092071533,0.013174295425415039,1,1,0,-1.910892367362976,-1.897718071937561,0.013174295425415039,-1.910892367362976,-1.897718071937561,0.013174295425415039,9.83185600489378e-06,0
12,code,Python function declaration keyword:, def, def,1,26,19655,0.9881365740740741,0.9661458333333334,0.8235294117647058,max_feature_activation,2, declaration,4,:,2, declaration,270.3924255371094,86.84413146972656,270.3924255371094,1,1,1,amplify_2x,sae_feature,-1,8,270.3924255371094,270.39239501953125,-0.009992361068725586,8.427170541835949e-06,0.14794830977916718,0.1479588896036148,1.0579824447631836e-05,7.152557373046875e-05,1,1,0,-1.910892367362976,-1.9108208417892456,7.152557373046875e-05,-1.910892367362976,-1.9108208417892456,7.152557373046875e-05,1.0160034435102716e-05,0
12,code,Python function declaration keyword:, def, def,1,26,19655,0.9881365740740741,0.9661458333333334,0.8235294117647058,max_feature_activation,2, declaration,4,:,2, declaration,270.3924255371094,86.84413146972656,270.3924255371094,1,1,1,amplify_2x,random_norm_matched,0,8,nan,270.39239501953125,-0.009992361068725586,8.427170541835949e-06,0.14794830977916718,0.15007372200489044,0.0021254122257232666,0.014263749122619629,1,1,0,-1.910892367362976,-1.8966286182403564,0.014263749122619629,-1.910892367362976,-1.8966286182403564,0.014263749122619629,1.072938903234899e-05,0
12,code,Python function declaration keyword:, def, def,1,26,19655,0.9881365740740741,0.9661458333333334,0.8235294117647058,max_feature_activation,2, declaration,4,:,2, declaration,270.3924255371094,86.84413146972656,270.3924255371094,1,1,1,amplify_2x,random_norm_matched,1,8,nan,270.39239501953125,-0.009992361068725586,8.427170541835949e-06,0.14794830977916718,0.1481948047876358,0.00024649500846862793,0.0016646385192871094,1,1,0,-1.910892367362976,-1.909227728843689,0.0016646385192871094,-1.910892367362976,-1.909227728843689,0.0016646385192871094,6.297606432781322e-06,0
12,code,Python function declaration keyword:, def, def,1,26,19655,0.9881365740740741,0.9661458333333334,0.8235294117647058,max_feature_activation,2, declaration,4,:,2, declaration,270.3924255371094,86.84413146972656,270.3924255371094,1,1,1,amplify_2x,random_norm_matched,2,8,nan,270.39239501953125,-0.009992361068725586,8.427170541835949e-06,0.14794830977916718,0.14926493167877197,0.0013166218996047974,0.008859872817993164,1,1,0,-1.910892367362976,-1.902032494544983,0.008859872817993164,-1.910892367362976,-1.902032494544983,0.008859872817993164,1.070385769708082e-05,0
12,code,Python function declaration keyword:, def, def,1,26,19655,0.9881365740740741,0.9661458333333334,0.8235294117647058,max_feature_activation,2, declaration,4,:,2, declaration,270.3924255371094,86.84413146972656,270.3924255371094,1,1,1,amplify_2x,random_norm_matched,3,8,nan,270.39239501953125,-0.009992361068725586,8.427170541835949e-06,0.14794830977916718,0.1496231108903885,0.0016748011112213135,0.011256694793701172,1,1,0,-1.910892367362976,-1.899635672569275,0.011256694793701172,-1.910892367362976,-1.899635672569275,0.011256694793701172,8.682078259880655e-06,0
12,code,Python function declaration keyword:, def, def,1,26,19655,0.9881365740740741,0.9661458333333334,0.8235294117647058,max_feature_activation,2, declaration,4,:,2, declaration,270.3924255371094,86.84413146972656,270.3924255371094,1,1,1,amplify_2x,random_norm_matched,4,8,nan,270.39239501953125,-0.009992361068725586,8.427170541835949e-06,0.14794830977916718,0.14825598895549774,0.0003076791763305664,0.002077460289001465,1,1,0,-1.910892367362976,-1.9088149070739746,0.002077460289001465,-1.910892367362976,-1.9088149070739746,0.002077460289001465,6.096317520132288e-06,0
12,code,Python function declaration keyword:, def, def,1,26,19655,0.9881365740740741,0.9661458333333334,0.8235294117647058,max_feature_activation,2, declaration,4,:,2, declaration,270.3924255371094,86.84413146972656,270.3924255371094,1,1,1,amplify_2x,random_norm_matched,5,8,nan,270.3923645019531,-0.009992361068725586,8.427170541835949e-06,0.14794830977916718,0.14812500774860382,0.0001766979694366455,0.0011936426162719727,1,1,0,-1.910892367362976,-1.909698724746704,0.0011936426162719727,-1.910892367362976,-1.909698724746704,0.0011936426162719727,6.943599146325141e-06,0
12,code,Python function declaration keyword:, def, def,1,26,19655,0.9881365740740741,0.9661458333333334,0.8235294117647058,max_feature_activation,2, declaration,4,:,2, declaration,270.3924255371094,86.84413146972656,270.3924255371094,1,1,1,amplify_2x,random_norm_matched,6,8,nan,270.39239501953125,-0.009992361068725586,8.427170541835949e-06,0.14794830977916718,0.147629976272583,-0.0003183335065841675,-0.0021539926528930664,1,1,0,-1.910892367362976,-1.9130463600158691,-0.0021539926528930664,-1.910892367362976,-1.9130463600158691,-0.0021539926528930664,6.686650522169657e-06,0
12,code,Python function declaration keyword:, def, def,1,26,19655,0.9881365740740741,0.9661458333333334,0.8235294117647058,max_feature_activation,2, declaration,4,:,2, declaration,270.3924255371094,86.84413146972656,270.3924255371094,1,1,1,amplify_2x,random_norm_matched,7,8,nan,270.3923645019531,-0.009992361068725586,8.427170541835949e-06,0.14794830977916718,0.1480056196451187,5.7309865951538086e-05,0.0003873109817504883,1,1,0,-1.910892367362976,-1.9105050563812256,0.0003873109817504883,-1.910892367362976,-1.9105050563812256,0.0003873109817504883,5.909347237320617e-06,0
13,code,"In Python, an exception handler begins with the keyword", except, except,1,26,19655,0.9881365740740741,0.9661458333333334,0.8235294117647058,max_feature_activation,5, handler,9, keyword,5, handler,62.80434799194336,0.0,62.80434799194336,1,0,1,ablate,sae_feature,-1,8,-62.80434799194336,62.804344177246094,-0.014159202575683594,7.210677722468972e-06,0.01281705591827631,0.012813345529139042,-3.7103891372680664e-06,-0.0002894401550292969,11,11,0,-4.356978416442871,-4.3572678565979,-0.0002894401550292969,-4.356978416442871,-4.3572678565979,-0.0002894401550292969,7.141516107367352e-07,0
13,code,"In Python, an exception handler begins with the keyword", except, except,1,26,19655,0.9881365740740741,0.9661458333333334,0.8235294117647058,max_feature_activation,5, handler,9, keyword,5, handler,62.80434799194336,0.0,62.80434799194336,1,0,1,ablate,random_norm_matched,0,8,nan,62.804344177246094,-0.014159202575683594,7.210677722468972e-06,0.01281705591827631,0.012788343243300915,-2.8712674975395203e-05,-0.0022430419921875,11,11,0,-4.356978416442871,-4.359221458435059,-0.0022430419921875,-4.356978416442871,-4.359221458435059,-0.0022430419921875,4.529145371634513e-06,0
13,code,"In Python, an exception handler begins with the keyword", except, except,1,26,19655,0.9881365740740741,0.9661458333333334,0.8235294117647058,max_feature_activation,5, handler,9, keyword,5, handler,62.80434799194336,0.0,62.80434799194336,1,0,1,ablate,random_norm_matched,1,8,nan,62.80434799194336,-0.014159202575683594,7.210677722468972e-06,0.01281705591827631,0.012826752848923206,9.696930646896362e-06,0.0007562637329101562,11,11,0,-4.356978416442871,-4.356222152709961,0.0007562637329101562,-4.356978416442871,-4.356222152709961,0.0007562637329101562,2.0098668755963445e-06,0
13,code,"In Python, an exception handler begins with the keyword", except, except,1,26,19655,0.9881365740740741,0.9661458333333334,0.8235294117647058,max_feature_activation,5, handler,9, keyword,5, handler,62.80434799194336,0.0,62.80434799194336,1,0,1,ablate,random_norm_matched,2,8,nan,62.80434799194336,-0.014159202575683594,7.210677722468972e-06,0.01281705591827631,0.012784241698682308,-3.281421959400177e-05,-0.0025634765625,11,11,0,-4.356978416442871,-4.359541893005371,-0.0025634765625,-4.356978416442871,-4.359541893005371,-0.0025634765625,4.315814294386655e-06,0
13,code,"In Python, an exception handler begins with the keyword", except, except,1,26,19655,0.9881365740740741,0.9661458333333334,0.8235294117647058,max_feature_activation,5, handler,9, keyword,5, handler,62.80434799194336,0.0,62.80434799194336,1,0,1,ablate,random_norm_matched,3,8,nan,62.80433654785156,-0.014159202575683594,7.210677722468972e-06,0.01281705591827631,0.012819580733776093,2.5248154997825623e-06,0.00019693374633789062,11,11,0,-4.356978416442871,-4.356781482696533,0.00019693374633789062,-4.356978416442871,-4.356781482696533,0.00019693374633789062,1.1986085155513138e-06,0
13,code,"In Python, an exception handler begins with the keyword", except, except,1,26,19655,0.9881365740740741,0.9661458333333334,0.8235294117647058,max_feature_activation,5, handler,9, keyword,5, handler,62.80434799194336,0.0,62.80434799194336,1,0,1,ablate,random_norm_matched,4,8,nan,62.80434799194336,-0.014159202575683594,7.210677722468972e-06,0.01281705591827631,0.012810938060283661,-6.117857992649078e-06,-0.00047779083251953125,11,11,0,-4.356978416442871,-4.357456207275391,-0.00047779083251953125,-4.356978416442871,-4.357456207275391,-0.00047779083251953125,9.99210897134617e-07,0
13,code,"In Python, an exception handler begins with the keyword", except, except,1,26,19655,0.9881365740740741,0.9661458333333334,0.8235294117647058,max_feature_activation,5, handler,9, keyword,5, handler,62.80434799194336,0.0,62.80434799194336,1,0,1,ablate,random_norm_matched,5,8,nan,62.804344177246094,-0.014159202575683594,7.210677722468972e-06,0.01281705591827631,0.012817265465855598,2.0954757928848267e-07,1.621246337890625e-05,11,11,0,-4.356978416442871,-4.356962203979492,1.621246337890625e-05,-4.356978416442871,-4.356962203979492,1.621246337890625e-05,7.985954653122462e-07,0
13,code,"In Python, an exception handler begins with the keyword", except, except,1,26,19655,0.9881365740740741,0.9661458333333334,0.8235294117647058,max_feature_activation,5, handler,9, keyword,5, handler,62.80434799194336,0.0,62.80434799194336,1,0,1,ablate,random_norm_matched,6,8,nan,62.804344177246094,-0.014159202575683594,7.210677722468972e-06,0.01281705591827631,0.012797858566045761,-1.919735223054886e-05,-0.001499176025390625,11,11,0,-4.356978416442871,-4.358477592468262,-0.001499176025390625,-4.356978416442871,-4.358477592468262,-0.001499176025390625,6.196729373186827e-06,0
13,code,"In Python, an exception handler begins with the keyword", except, except,1,26,19655,0.9881365740740741,0.9661458333333334,0.8235294117647058,max_feature_activation,5, handler,9, keyword,5, handler,62.80434799194336,0.0,62.80434799194336,1,0,1,ablate,random_norm_matched,7,8,nan,62.804344177246094,-0.014159202575683594,7.210677722468972e-06,0.01281705591827631,0.012815311551094055,-1.7443671822547913e-06,-0.00013637542724609375,11,11,0,-4.356978416442871,-4.357114791870117,-0.00013637542724609375,-4.356978416442871,-4.357114791870117,-0.00013637542724609375,4.5048000174574554e-07,0
13,code,"In Python, an exception handler begins with the keyword", except, except,1,26,19655,0.9881365740740741,0.9661458333333334,0.8235294117647058,max_feature_activation,5, handler,9, keyword,5, handler,62.80434799194336,0.0,62.80434799194336,1,0,1,amplify_2x,sae_feature,-1,8,62.80434799194336,62.804344177246094,-0.014159202575683594,7.210677722468972e-06,0.01281705591827631,0.012815541587769985,-1.514330506324768e-06,-0.000118255615234375,11,11,0,-4.356978416442871,-4.3570966720581055,-0.000118255615234375,-4.356978416442871,-4.3570966720581055,-0.000118255615234375,9.893210517475381e-07,0
13,code,"In Python, an exception handler begins with the keyword", except, except,1,26,19655,0.9881365740740741,0.9661458333333334,0.8235294117647058,max_feature_activation,5, handler,9, keyword,5, handler,62.80434799194336,0.0,62.80434799194336,1,0,1,amplify_2x,random_norm_matched,0,8,nan,62.804344177246094,-0.014159202575683594,7.210677722468972e-06,0.01281705591827631,0.012813015840947628,-4.040077328681946e-06,-0.0003151893615722656,11,11,0,-4.356978416442871,-4.357293605804443,-0.0003151893615722656,-4.356978416442871,-4.357293605804443,-0.0003151893615722656,7.170619937824085e-07,0
13,code,"In Python, an exception handler begins with the keyword", except, except,1,26,19655,0.9881365740740741,0.9661458333333334,0.8235294117647058,max_feature_activation,5, handler,9, keyword,5, handler,62.80434799194336,0.0,62.80434799194336,1,0,1,amplify_2x,random_norm_matched,1,8,nan,62.80434036254883,-0.014159202575683594,7.210677722468972e-06,0.01281705591827631,0.012813289649784565,-3.766268491744995e-06,-0.000293731689453125,11,11,0,-4.356978416442871,-4.357272148132324,-0.000293731689453125,-4.356978416442871,-4.357272148132324,-0.000293731689453125,7.155158527893946e-07,0
13,code,"In Python, an exception handler begins with the keyword", except, except,1,26,19655,0.9881365740740741,0.9661458333333334,0.8235294117647058,max_feature_activation,5, handler,9, keyword,5, handler,62.80434799194336,0.0,62.80434799194336,1,0,1,amplify_2x,random_norm_matched,2,8,nan,62.804344177246094,-0.014159202575683594,7.210677722468972e-06,0.01281705591827631,0.012815139256417751,-1.9166618585586548e-06,-0.00014972686767578125,11,11,0,-4.356978416442871,-4.357128143310547,-0.00014972686767578125,-4.356978416442871,-4.357128143310547,-0.00014972686767578125,1.119899025070481e-06,0
13,code,"In Python, an exception handler begins with the keyword", except, except,1,26,19655,0.9881365740740741,0.9661458333333334,0.8235294117647058,max_feature_activation,5, handler,9, keyword,5, handler,62.80434799194336,0.0,62.80434799194336,1,0,1,amplify_2x,random_norm_matched,3,8,nan,62.80434799194336,-0.014159202575683594,7.210677722468972e-06,0.01281705591827631,0.012784399092197418,-3.2656826078891754e-05,-0.0025510787963867188,11,11,0,-4.356978416442871,-4.359529495239258,-0.0025510787963867188,-4.356978416442871,-4.359529495239258,-0.0025510787963867188,4.342517058830708e-06,0
13,code,"In Python, an exception handler begins with the keyword", except, except,1,26,19655,0.9881365740740741,0.9661458333333334,0.8235294117647058,max_feature_activation,5, handler,9, keyword,5, handler,62.80434799194336,0.0,62.80434799194336,1,0,1,amplify_2x,random_norm_matched,4,8,nan,62.804344177246094,-0.014159202575683594,7.210677722468972e-06,0.01281705591827631,0.012815123423933983,-1.932494342327118e-06,-0.0001506805419921875,11,11,0,-4.356978416442871,-4.357129096984863,-0.0001506805419921875,-4.356978416442871,-4.357129096984863,-0.0001506805419921875,4.3203226596233435e-07,0
13,code,"In Python, an exception handler begins with the keyword", except, except,1,26,19655,0.9881365740740741,0.9661458333333334,0.8235294117647058,max_feature_activation,5, handler,9, keyword,5, handler,62.80434799194336,0.0,62.80434799194336,1,0,1,amplify_2x,random_norm_matched,5,8,nan,62.804344177246094,-0.014159202575683594,7.210677722468972e-06,0.01281705591827631,0.01281742099672556,3.650784492492676e-07,2.86102294921875e-05,11,11,0,-4.356978416442871,-4.356949806213379,2.86102294921875e-05,-4.356978416442871,-4.356949806213379,2.86102294921875e-05,6.956151992199011e-07,0
13,code,"In Python, an exception handler begins with the keyword", except, except,1,26,19655,0.9881365740740741,0.9661458333333334,0.8235294117647058,max_feature_activation,5, handler,9, keyword,5, handler,62.80434799194336,0.0,62.80434799194336,1,0,1,amplify_2x,random_norm_matched,6,8,nan,62.80434799194336,-0.014159202575683594,7.210677722468972e-06,0.01281705591827631,0.012786388397216797,-3.066752105951309e-05,-0.0023956298828125,11,11,0,-4.356978416442871,-4.359374046325684,-0.0023956298828125,-4.356978416442871,-4.359374046325684,-0.0023956298828125,4.073175659868866e-06,0
13,code,"In Python, an exception handler begins with the keyword", except, except,1,26,19655,0.9881365740740741,0.9661458333333334,0.8235294117647058,max_feature_activation,5, handler,9, keyword,5, handler,62.80434799194336,0.0,62.80434799194336,1,0,1,amplify_2x,random_norm_matched,7,8,nan,62.804344177246094,-0.014159202575683594,7.210677722468972e-06,0.01281705591827631,0.012817233800888062,1.778826117515564e-07,1.3828277587890625e-05,11,11,0,-4.356978416442871,-4.356964588165283,1.3828277587890625e-05,-4.356978416442871,-4.356964588165283,1.3828277587890625e-05,8.171336958184838e-07,0
14,code,SQL keyword used to retrieve rows:, SELECT, SELECT,1,26,19655,0.9881365740740741,0.9661458333333334,0.8235294117647058,max_feature_activation,5, rows,6,:,5, rows,147.2202911376953,75.18824768066406,147.2202911376953,1,1,1,ablate,sae_feature,-1,8,-147.2202911376953,147.22027587890625,-0.0018374919891357422,5.861089448444545e-06,0.11733010411262512,0.11738278716802597,5.268305540084839e-05,0.0004489421844482422,1,1,0,-2.14276385307312,-2.142314910888672,0.0004489421844482422,-2.14276385307312,-2.142314910888672,0.0004489421844482422,9.238574421033263e-06,0
14,code,SQL keyword used to retrieve rows:, SELECT, SELECT,1,26,19655,0.9881365740740741,0.9661458333333334,0.8235294117647058,max_feature_activation,5, rows,6,:,5, rows,147.2202911376953,75.18824768066406,147.2202911376953,1,1,1,ablate,random_norm_matched,0,8,nan,147.22027587890625,-0.0018374919891357422,5.861089448444545e-06,0.11733010411262512,0.1173204556107521,-9.648501873016357e-06,-8.225440979003906e-05,1,1,0,-2.14276385307312,-2.14284610748291,-8.225440979003906e-05,-2.14276385307312,-2.14284610748291,-8.225440979003906e-05,7.395581633318216e-06,0
14,code,SQL keyword used to retrieve rows:, SELECT, SELECT,1,26,19655,0.9881365740740741,0.9661458333333334,0.8235294117647058,max_feature_activation,5, rows,6,:,5, rows,147.2202911376953,75.18824768066406,147.2202911376953,1,1,1,ablate,random_norm_matched,1,8,nan,147.22027587890625,-0.0018374919891357422,5.861089448444545e-06,0.11733010411262512,0.11744698882102966,0.00011688470840454102,0.000995635986328125,1,1,0,-2.14276385307312,-2.141768217086792,0.000995635986328125,-2.14276385307312,-2.141768217086792,0.000995635986328125,9.908188076224178e-06,0
14,code,SQL keyword used to retrieve rows:, SELECT, SELECT,1,26,19655,0.9881365740740741,0.9661458333333334,0.8235294117647058,max_feature_activation,5, rows,6,:,5, rows,147.2202911376953,75.18824768066406,147.2202911376953,1,1,1,ablate,random_norm_matched,2,8,nan,147.2202911376953,-0.0018374919891357422,5.861089448444545e-06,0.11733010411262512,0.11706608533859253,-0.0002640187740325928,-0.002252817153930664,1,1,0,-2.14276385307312,-2.145016670227051,-0.002252817153930664,-2.14276385307312,-2.145016670227051,-0.002252817153930664,5.501140549313277e-06,0
14,code,SQL keyword used to retrieve rows:, SELECT, SELECT,1,26,19655,0.9881365740740741,0.9661458333333334,0.8235294117647058,max_feature_activation,5, rows,6,:,5, rows,147.2202911376953,75.18824768066406,147.2202911376953,1,1,1,ablate,random_norm_matched,3,8,nan,147.22027587890625,-0.0018374919891357422,5.861089448444545e-06,0.11733010411262512,0.11731135100126266,-1.8753111362457275e-05,-0.00015997886657714844,1,1,0,-2.14276385307312,-2.1429238319396973,-0.00015997886657714844,-2.14276385307312,-2.1429238319396973,-0.00015997886657714844,4.303830792196095e-06,0
14,code,SQL keyword used to retrieve rows:, SELECT, SELECT,1,26,19655,0.9881365740740741,0.9661458333333334,0.8235294117647058,max_feature_activation,5, rows,6,:,5, rows,147.2202911376953,75.18824768066406,147.2202911376953,1,1,1,ablate,random_norm_matched,4,8,nan,147.22027587890625,-0.0018374919891357422,5.861089448444545e-06,0.11733010411262512,0.11733388900756836,3.7848949432373047e-06,3.218650817871094e-05,1,1,0,-2.14276385307312,-2.1427316665649414,3.218650817871094e-05,-2.14276385307312,-2.1427316665649414,3.218650817871094e-05,8.190807420760393e-06,0
14,code,SQL keyword used to retrieve rows:, SELECT, SELECT,1,26,19655,0.9881365740740741,0.9661458333333334,0.8235294117647058,max_feature_activation,5, rows,6,:,5, rows,147.2202911376953,75.18824768066406,147.2202911376953,1,1,1,ablate,random_norm_matched,5,8,nan,147.2202606201172,-0.0018374919891357422,5.861089448444545e-06,0.11733010411262512,0.1171981692314148,-0.00013193488121032715,-0.0011250972747802734,1,1,0,-2.14276385307312,-2.1438889503479004,-0.0011250972747802734,-2.14276385307312,-2.1438889503479004,-0.0011250972747802734,8.070994226727635e-06,0
14,code,SQL keyword used to retrieve rows:, SELECT, SELECT,1,26,19655,0.9881365740740741,0.9661458333333334,0.8235294117647058,max_feature_activation,5, rows,6,:,5, rows,147.2202911376953,75.18824768066406,147.2202911376953,1,1,1,ablate,random_norm_matched,6,8,nan,147.2202606201172,-0.0018374919891357422,5.861089448444545e-06,0.11733010411262512,0.11753151565790176,0.00020141154527664185,0.0017151832580566406,1,1,0,-2.14276385307312,-2.1410486698150635,0.0017151832580566406,-2.14276385307312,-2.1410486698150635,0.0017151832580566406,7.650582119822502e-06,0
14,code,SQL keyword used to retrieve rows:, SELECT, SELECT,1,26,19655,0.9881365740740741,0.9661458333333334,0.8235294117647058,max_feature_activation,5, rows,6,:,5, rows,147.2202911376953,75.18824768066406,147.2202911376953,1,1,1,ablate,random_norm_matched,7,8,nan,147.2202606201172,-0.0018374919891357422,5.861089448444545e-06,0.11733010411262512,0.11735569685697556,2.559274435043335e-05,0.0002181529998779297,1,1,0,-2.14276385307312,-2.142545700073242,0.0002181529998779297,-2.14276385307312,-2.142545700073242,0.0002181529998779297,5.542853614315391e-06,0
14,code,SQL keyword used to retrieve rows:, SELECT, SELECT,1,26,19655,0.9881365740740741,0.9661458333333334,0.8235294117647058,max_feature_activation,5, rows,6,:,5, rows,147.2202911376953,75.18824768066406,147.2202911376953,1,1,1,amplify_2x,sae_feature,-1,8,147.2202911376953,147.22027587890625,-0.0018374919891357422,5.861089448444545e-06,0.11733010411262512,0.11740589141845703,7.578730583190918e-05,0.0006456375122070312,1,1,0,-2.14276385307312,-2.142118215560913,0.0006456375122070312,-2.14276385307312,-2.142118215560913,0.0006456375122070312,1.0195450158789754e-05,0
14,code,SQL keyword used to retrieve rows:, SELECT, SELECT,1,26,19655,0.9881365740740741,0.9661458333333334,0.8235294117647058,max_feature_activation,5, rows,6,:,5, rows,147.2202911376953,75.18824768066406,147.2202911376953,1,1,1,amplify_2x,random_norm_matched,0,8,nan,147.22027587890625,-0.0018374919891357422,5.861089448444545e-06,0.11733010411262512,0.11722257733345032,-0.00010752677917480469,-0.0009169578552246094,1,1,0,-2.14276385307312,-2.1436808109283447,-0.0009169578552246094,-2.14276385307312,-2.1436808109283447,-0.0009169578552246094,6.045302143320441e-06,0
14,code,SQL keyword used to retrieve rows:, SELECT, SELECT,1,26,19655,0.9881365740740741,0.9661458333333334,0.8235294117647058,max_feature_activation,5, rows,6,:,5, rows,147.2202911376953,75.18824768066406,147.2202911376953,1,1,1,amplify_2x,random_norm_matched,1,8,nan,147.22027587890625,-0.0018374919891357422,5.861089448444545e-06,0.11733010411262512,0.11610578745603561,-0.001224316656589508,-0.010489702224731445,1,1,0,-2.14276385307312,-2.1532535552978516,-0.010489702224731445,-2.14276385307312,-2.1532535552978516,-0.010489702224731445,9.663082892075181e-06,0
14,code,SQL keyword used to retrieve rows:, SELECT, SELECT,1,26,19655,0.9881365740740741,0.9661458333333334,0.8235294117647058,max_feature_activation,5, rows,6,:,5, rows,147.2202911376953,75.18824768066406,147.2202911376953,1,1,1,amplify_2x,random_norm_matched,2,8,nan,147.22027587890625,-0.0018374919891357422,5.861089448444545e-06,0.11733010411262512,0.1173228770494461,-7.227063179016113e-06,-6.175041198730469e-05,1,1,0,-2.14276385307312,-2.1428256034851074,-6.175041198730469e-05,-2.14276385307312,-2.1428256034851074,-6.175041198730469e-05,8.57125996844843e-06,0
14,code,SQL keyword used to retrieve rows:, SELECT, SELECT,1,26,19655,0.9881365740740741,0.9661458333333334,0.8235294117647058,max_feature_activation,5, rows,6,:,5, rows,147.2202911376953,75.18824768066406,147.2202911376953,1,1,1,amplify_2x,random_norm_matched,3,8,nan,147.22027587890625,-0.0018374919891357422,5.861089448444545e-06,0.11733010411262512,0.11710499972105026,-0.00022510439157485962,-0.001920461654663086,1,1,0,-2.14276385307312,-2.144684314727783,-0.001920461654663086,-2.14276385307312,-2.144684314727783,-0.001920461654663086,7.144320989027619e-06,0
14,code,SQL keyword used to retrieve rows:, SELECT, SELECT,1,26,19655,0.9881365740740741,0.9661458333333334,0.8235294117647058,max_feature_activation,5, rows,6,:,5, rows,147.2202911376953,75.18824768066406,147.2202911376953,1,1,1,amplify_2x,random_norm_matched,4,8,nan,147.22027587890625,-0.0018374919891357422,5.861089448444545e-06,0.11733010411262512,0.11734568327665329,1.5579164028167725e-05,0.00013256072998046875,1,1,0,-2.14276385307312,-2.1426312923431396,0.00013256072998046875,-2.14276385307312,-2.1426312923431396,0.00013256072998046875,8.793809683993459e-06,0
14,code,SQL keyword used to retrieve rows:, SELECT, SELECT,1,26,19655,0.9881365740740741,0.9661458333333334,0.8235294117647058,max_feature_activation,5, rows,6,:,5, rows,147.2202911376953,75.18824768066406,147.2202911376953,1,1,1,amplify_2x,random_norm_matched,5,8,nan,147.22027587890625,-0.0018374919891357422,5.861089448444545e-06,0.11733010411262512,0.11740536987781525,7.526576519012451e-05,0.0006411075592041016,1,1,0,-2.14276385307312,-2.142122745513916,0.0006411075592041016,-2.14276385307312,-2.142122745513916,0.0006411075592041016,5.1214883569628e-06,0
14,code,SQL keyword used to retrieve rows:, SELECT, SELECT,1,26,19655,0.9881365740740741,0.9661458333333334,0.8235294117647058,max_feature_activation,5, rows,6,:,5, rows,147.2202911376953,75.18824768066406,147.2202911376953,1,1,1,amplify_2x,random_norm_matched,6,8,nan,147.22027587890625,-0.0018374919891357422,5.861089448444545e-06,0.11733010411262512,0.11719471216201782,-0.0001353919506072998,-0.0011546611785888672,1,1,0,-2.14276385307312,-2.143918514251709,-0.0011546611785888672,-2.14276385307312,-2.143918514251709,-0.0011546611785888672,8.064773282967508e-06,0
14,code,SQL keyword used to retrieve rows:, SELECT, SELECT,1,26,19655,0.9881365740740741,0.9661458333333334,0.8235294117647058,max_feature_activation,5, rows,6,:,5, rows,147.2202911376953,75.18824768066406,147.2202911376953,1,1,1,amplify_2x,random_norm_matched,7,8,nan,147.22027587890625,-0.0018374919891357422,5.861089448444545e-06,0.11733010411262512,0.11733702570199966,6.921589374542236e-06,5.888938903808594e-05,1,1,0,-2.14276385307312,-2.142704963684082,5.888938903808594e-05,-2.14276385307312,-2.142704963684082,5.888938903808594e-05,8.294795406982303e-06,0
15,code,A Python conditional branch commonly starts with, if, if,1,26,19655,0.9881365740740741,0.9661458333333334,0.8235294117647058,max_feature_activation,3, branch,6, with,3, branch,193.1134796142578,0.0,193.1134796142578,1,0,1,ablate,sae_feature,-1,8,-193.1134796142578,193.11346435546875,0.009677410125732422,2.1593779820250347e-05,0.04602056369185448,0.045577965676784515,-0.00044259801506996155,-0.009663581848144531,6,6,0,-3.078667163848877,-3.0883307456970215,-0.009663581848144531,-3.078667163848877,-3.0883307456970215,-0.009663581848144531,2.1534724510274827e-05,0
15,code,A Python conditional branch commonly starts with, if, if,1,26,19655,0.9881365740740741,0.9661458333333334,0.8235294117647058,max_feature_activation,3, branch,6, with,3, branch,193.1134796142578,0.0,193.1134796142578,1,0,1,ablate,random_norm_matched,0,8,nan,193.11346435546875,0.009677410125732422,2.1593779820250347e-05,0.04602056369185448,0.04601263627409935,-7.927417755126953e-06,-0.00017213821411132812,6,6,0,-3.078667163848877,-3.0788393020629883,-0.00017213821411132812,-3.078667163848877,-3.0788393020629883,-0.00017213821411132812,3.515051503200084e-07,0
15,code,A Python conditional branch commonly starts with, if, if,1,26,19655,0.9881365740740741,0.9661458333333334,0.8235294117647058,max_feature_activation,3, branch,6, with,3, branch,193.1134796142578,0.0,193.1134796142578,1,0,1,ablate,random_norm_matched,1,8,nan,193.11346435546875,0.009677410125732422,2.1593779820250347e-05,0.04602056369185448,0.04631774127483368,0.00029717758297920227,0.006436824798583984,6,6,0,-3.078667163848877,-3.072230339050293,0.006436824798583984,-3.078667163848877,-3.072230339050293,0.006436824798583984,2.1916639525443316e-05,0
15,code,A Python conditional branch commonly starts with, if, if,1,26,19655,0.9881365740740741,0.9661458333333334,0.8235294117647058,max_feature_activation,3, branch,6, with,3, branch,193.1134796142578,0.0,193.1134796142578,1,0,1,ablate,random_norm_matched,2,8,nan,193.1134490966797,0.009677410125732422,2.1593779820250347e-05,0.04602056369185448,0.046028949320316315,8.385628461837769e-06,0.0001823902130126953,6,6,0,-3.078667163848877,-3.0784847736358643,0.0001823902130126953,-3.078667163848877,-3.0784847736358643,0.0001823902130126953,1.919368514791131e-06,0
15,code,A Python conditional branch commonly starts with, if, if,1,26,19655,0.9881365740740741,0.9661458333333334,0.8235294117647058,max_feature_activation,3, branch,6, with,3, branch,193.1134796142578,0.0,193.1134796142578,1,0,1,ablate,random_norm_matched,3,8,nan,193.11346435546875,0.009677410125732422,2.1593779820250347e-05,0.04602056369185448,0.045943692326545715,-7.68713653087616e-05,-0.0016715526580810547,6,6,0,-3.078667163848877,-3.080338716506958,-0.0016715526580810547,-3.078667163848877,-3.080338716506958,-0.0016715526580810547,3.0188675737008452e-06,0
15,code,A Python conditional branch commonly starts with, if, if,1,26,19655,0.9881365740740741,0.9661458333333334,0.8235294117647058,max_feature_activation,3, branch,6, with,3, branch,193.1134796142578,0.0,193.1134796142578,1,0,1,ablate,random_norm_matched,4,8,nan,193.11346435546875,0.009677410125732422,2.1593779820250347e-05,0.04602056369185448,0.04601942375302315,-1.1399388313293457e-06,-2.4557113647460938e-05,6,6,0,-3.078667163848877,-3.0786917209625244,-2.4557113647460938e-05,-3.078667163848877,-3.0786917209625244,-2.4557113647460938e-05,7.161515895859338e-07,0
15,code,A Python conditional branch commonly starts with, if, if,1,26,19655,0.9881365740740741,0.9661458333333334,0.8235294117647058,max_feature_activation,3, branch,6, with,3, branch,193.1134796142578,0.0,193.1134796142578,1,0,1,ablate,random_norm_matched,5,8,nan,193.11346435546875,0.009677410125732422,2.1593779820250347e-05,0.04602056369185448,0.04601964354515076,-9.201467037200928e-07,-1.9788742065429688e-05,6,6,0,-3.078667163848877,-3.0786869525909424,-1.9788742065429688e-05,-3.078667163848877,-3.0786869525909424,-1.9788742065429688e-05,7.010839908616617e-07,0
15,code,A Python conditional branch commonly starts with, if, if,1,26,19655,0.9881365740740741,0.9661458333333334,0.8235294117647058,max_feature_activation,3, branch,6, with,3, branch,193.1134796142578,0.0,193.1134796142578,1,0,1,ablate,random_norm_matched,6,8,nan,193.11346435546875,0.009677410125732422,2.1593779820250347e-05,0.04602056369185448,0.045972153544425964,-4.841014742851257e-05,-0.0010523796081542969,6,6,0,-3.078667163848877,-3.0797195434570312,-0.0010523796081542969,-3.078667163848877,-3.0797195434570312,-0.0010523796081542969,2.6458874344825745e-06,0
15,code,A Python conditional branch commonly starts with, if, if,1,26,19655,0.9881365740740741,0.9661458333333334,0.8235294117647058,max_feature_activation,3, branch,6, with,3, branch,193.1134796142578,0.0,193.1134796142578,1,0,1,ablate,random_norm_matched,7,8,nan,193.11346435546875,0.009677410125732422,2.1593779820250347e-05,0.04602056369185448,0.04600707069039345,-1.3493001461029053e-05,-0.0002930164337158203,6,6,0,-3.078667163848877,-3.0789601802825928,-0.0002930164337158203,-3.078667163848877,-3.0789601802825928,-0.0002930164337158203,2.120010321959853e-06,0
15,code,A Python conditional branch commonly starts with, if, if,1,26,19655,0.9881365740740741,0.9661458333333334,0.8235294117647058,max_feature_activation,3, branch,6, with,3, branch,193.1134796142578,0.0,193.1134796142578,1,0,1,amplify_2x,sae_feature,-1,8,193.1134796142578,193.11346435546875,0.009677410125732422,2.1593779820250347e-05,0.04602056369185448,0.04597966745495796,-4.089623689651489e-05,-0.000888824462890625,6,6,0,-3.078667163848877,-3.0795559883117676,-0.000888824462890625,-3.078667163848877,-3.0795559883117676,-0.000888824462890625,3.176930476911366e-06,0
15,code,A Python conditional branch commonly starts with, if, if,1,26,19655,0.9881365740740741,0.9661458333333334,0.8235294117647058,max_feature_activation,3, branch,6, with,3, branch,193.1134796142578,0.0,193.1134796142578,1,0,1,amplify_2x,random_norm_matched,0,8,nan,193.11346435546875,0.009677410125732422,2.1593779820250347e-05,0.04602056369185448,0.04604813829064369,2.7574598789215088e-05,0.0005991458892822266,6,6,0,-3.078667163848877,-3.0780680179595947,0.0005991458892822266,-3.078667163848877,-3.0780680179595947,0.0005991458892822266,1.2827340469812043e-06,0
15,code,A Python conditional branch commonly starts with, if, if,1,26,19655,0.9881365740740741,0.9661458333333334,0.8235294117647058,max_feature_activation,3, branch,6, with,3, branch,193.1134796142578,0.0,193.1134796142578,1,0,1,amplify_2x,random_norm_matched,1,8,nan,193.11346435546875,0.009677410125732422,2.1593779820250347e-05,0.04602056369185448,0.04593954607844353,-8.101761341094971e-05,-0.0017619132995605469,6,6,0,-3.078667163848877,-3.0804290771484375,-0.0017619132995605469,-3.078667163848877,-3.0804290771484375,-0.0017619132995605469,3.1259696697816253e-06,0
15,code,A Python conditional branch commonly starts with, if, if,1,26,19655,0.9881365740740741,0.9661458333333334,0.8235294117647058,max_feature_activation,3, branch,6, with,3, branch,193.1134796142578,0.0,193.1134796142578,1,0,1,amplify_2x,random_norm_matched,2,8,nan,193.1134490966797,0.009677410125732422,2.1593779820250347e-05,0.04602056369185448,0.046015068888664246,-5.494803190231323e-06,-0.00011920928955078125,6,6,0,-3.078667163848877,-3.0787863731384277,-0.00011920928955078125,-3.078667163848877,-3.0787863731384277,-0.00011920928955078125,1.925400283653289e-06,0
15,code,A Python conditional branch commonly starts with, if, if,1,26,19655,0.9881365740740741,0.9661458333333334,0.8235294117647058,max_feature_activation,3, branch,6, with,3, branch,193.1134796142578,0.0,193.1134796142578,1,0,1,amplify_2x,random_norm_matched,3,8,nan,193.11346435546875,0.009677410125732422,2.1593779820250347e-05,0.04602056369185448,0.04602276533842087,2.201646566390991e-06,4.8160552978515625e-05,6,6,0,-3.078667163848877,-3.0786190032958984,4.8160552978515625e-05,-3.078667163848877,-3.0786190032958984,4.8160552978515625e-05,2.58473164649331e-07,0
15,code,A Python conditional branch commonly starts with, if, if,1,26,19655,0.9881365740740741,0.9661458333333334,0.8235294117647058,max_feature_activation,3, branch,6, with,3, branch,193.1134796142578,0.0,193.1134796142578,1,0,1,amplify_2x,random_norm_matched,4,8,nan,193.11346435546875,0.009677410125732422,2.1593779820250347e-05,0.04602056369185448,0.04594595730304718,-7.460638880729675e-05,-0.0016222000122070312,6,6,0,-3.078667163848877,-3.080289363861084,-0.0016222000122070312,-3.078667163848877,-3.080289363861084,-0.0016222000122070312,3.5207340260967612e-06,0
15,code,A Python conditional branch commonly starts with, if, if,1,26,19655,0.9881365740740741,0.9661458333333334,0.8235294117647058,max_feature_activation,3, branch,6, with,3, branch,193.1134796142578,0.0,193.1134796142578,1,0,1,amplify_2x,random_norm_matched,5,8,nan,193.11346435546875,0.009677410125732422,2.1593779820250347e-05,0.04602056369185448,0.04557756334543228,-0.00044300034642219543,-0.00967264175415039,6,6,0,-3.078667163848877,-3.0883398056030273,-0.00967264175415039,-3.078667163848877,-3.0883398056030273,-0.00967264175415039,2.2080792405176908e-05,0
15,code,A Python conditional branch commonly starts with, if, if,1,26,19655,0.9881365740740741,0.9661458333333334,0.8235294117647058,max_feature_activation,3, branch,6, with,3, branch,193.1134796142578,0.0,193.1134796142578,1,0,1,amplify_2x,random_norm_matched,6,8,nan,193.11346435546875,0.009677410125732422,2.1593779820250347e-05,0.04602056369185448,0.045918822288513184,-0.00010174140334129333,-0.002213001251220703,6,6,0,-3.078667163848877,-3.0808801651000977,-0.002213001251220703,-3.078667163848877,-3.0808801651000977,-0.002213001251220703,3.984067006967962e-06,0
15,code,A Python conditional branch commonly starts with, if, if,1,26,19655,0.9881365740740741,0.9661458333333334,0.8235294117647058,max_feature_activation,3, branch,6, with,3, branch,193.1134796142578,0.0,193.1134796142578,1,0,1,amplify_2x,random_norm_matched,7,8,nan,193.11346435546875,0.009677410125732422,2.1593779820250347e-05,0.04602056369185448,0.0460151806473732,-5.383044481277466e-06,-0.00011682510375976562,6,6,0,-3.078667163848877,-3.0787839889526367,-0.00011682510375976562,-3.078667163848877,-3.0787839889526367,-0.00011682510375976562,1.828011590987444e-06,0
16,german_language,Translate 'hello' into German:, hallo, hal,2,4,4446,1.0,1.0,0.9333333333333333,max_feature_activation,6,:,6,:,6,:,0.0,0.0,0.0,0,0,0,ablate,sae_feature,-1,8,-0.0,0.0,-0.0034437179565429688,1.1407144484110177e-05,0.0006551280966959894,0.0006551280966959894,0.0,0.0,128,128,0,-7.341464519500732,-7.341464519500732,0.0,-3.670732259750366,-3.670732259750366,0.0,0.0,0
16,german_language,Translate 'hello' into German:, hallo, hal,2,4,4446,1.0,1.0,0.9333333333333333,max_feature_activation,6,:,6,:,6,:,0.0,0.0,0.0,0,0,0,ablate,random_norm_matched,0,8,nan,0.0,-0.0034437179565429688,1.1407144484110177e-05,0.0006551280966959894,0.0006551280966959894,0.0,0.0,128,128,0,-7.341464519500732,-7.341464519500732,0.0,-3.670732259750366,-3.670732259750366,0.0,0.0,0
16,german_language,Translate 'hello' into German:, hallo, hal,2,4,4446,1.0,1.0,0.9333333333333333,max_feature_activation,6,:,6,:,6,:,0.0,0.0,0.0,0,0,0,ablate,random_norm_matched,1,8,nan,0.0,-0.0034437179565429688,1.1407144484110177e-05,0.0006551280966959894,0.0006551280966959894,0.0,0.0,128,128,0,-7.341464519500732,-7.341464519500732,0.0,-3.670732259750366,-3.670732259750366,0.0,0.0,0
16,german_language,Translate 'hello' into German:, hallo, hal,2,4,4446,1.0,1.0,0.9333333333333333,max_feature_activation,6,:,6,:,6,:,0.0,0.0,0.0,0,0,0,ablate,random_norm_matched,2,8,nan,0.0,-0.0034437179565429688,1.1407144484110177e-05,0.0006551280966959894,0.0006551280966959894,0.0,0.0,128,128,0,-7.341464519500732,-7.341464519500732,0.0,-3.670732259750366,-3.670732259750366,0.0,0.0,0
16,german_language,Translate 'hello' into German:, hallo, hal,2,4,4446,1.0,1.0,0.9333333333333333,max_feature_activation,6,:,6,:,6,:,0.0,0.0,0.0,0,0,0,ablate,random_norm_matched,3,8,nan,0.0,-0.0034437179565429688,1.1407144484110177e-05,0.0006551280966959894,0.0006551280966959894,0.0,0.0,128,128,0,-7.341464519500732,-7.341464519500732,0.0,-3.670732259750366,-3.670732259750366,0.0,0.0,0
16,german_language,Translate 'hello' into German:, hallo, hal,2,4,4446,1.0,1.0,0.9333333333333333,max_feature_activation,6,:,6,:,6,:,0.0,0.0,0.0,0,0,0,ablate,random_norm_matched,4,8,nan,0.0,-0.0034437179565429688,1.1407144484110177e-05,0.0006551280966959894,0.0006551280966959894,0.0,0.0,128,128,0,-7.341464519500732,-7.341464519500732,0.0,-3.670732259750366,-3.670732259750366,0.0,0.0,0
16,german_language,Translate 'hello' into German:, hallo, hal,2,4,4446,1.0,1.0,0.9333333333333333,max_feature_activation,6,:,6,:,6,:,0.0,0.0,0.0,0,0,0,ablate,random_norm_matched,5,8,nan,0.0,-0.0034437179565429688,1.1407144484110177e-05,0.0006551280966959894,0.0006551280966959894,0.0,0.0,128,128,0,-7.341464519500732,-7.341464519500732,0.0,-3.670732259750366,-3.670732259750366,0.0,0.0,0
16,german_language,Translate 'hello' into German:, hallo, hal,2,4,4446,1.0,1.0,0.9333333333333333,max_feature_activation,6,:,6,:,6,:,0.0,0.0,0.0,0,0,0,ablate,random_norm_matched,6,8,nan,0.0,-0.0034437179565429688,1.1407144484110177e-05,0.0006551280966959894,0.0006551280966959894,0.0,0.0,128,128,0,-7.341464519500732,-7.341464519500732,0.0,-3.670732259750366,-3.670732259750366,0.0,0.0,0
16,german_language,Translate 'hello' into German:, hallo, hal,2,4,4446,1.0,1.0,0.9333333333333333,max_feature_activation,6,:,6,:,6,:,0.0,0.0,0.0,0,0,0,ablate,random_norm_matched,7,8,nan,0.0,-0.0034437179565429688,1.1407144484110177e-05,0.0006551280966959894,0.0006551280966959894,0.0,0.0,128,128,0,-7.341464519500732,-7.341464519500732,0.0,-3.670732259750366,-3.670732259750366,0.0,0.0,0
16,german_language,Translate 'hello' into German:, hallo, hal,2,4,4446,1.0,1.0,0.9333333333333333,max_feature_activation,6,:,6,:,6,:,0.0,0.0,0.0,0,0,0,amplify_2x,sae_feature,-1,8,0.0,0.0,-0.0034437179565429688,1.1407144484110177e-05,0.0006551280966959894,0.0006551280966959894,0.0,0.0,128,128,0,-7.341464519500732,-7.341464519500732,0.0,-3.670732259750366,-3.670732259750366,0.0,0.0,0
16,german_language,Translate 'hello' into German:, hallo, hal,2,4,4446,1.0,1.0,0.9333333333333333,max_feature_activation,6,:,6,:,6,:,0.0,0.0,0.0,0,0,0,amplify_2x,random_norm_matched,0,8,nan,0.0,-0.0034437179565429688,1.1407144484110177e-05,0.0006551280966959894,0.0006551280966959894,0.0,0.0,128,128,0,-7.341464519500732,-7.341464519500732,0.0,-3.670732259750366,-3.670732259750366,0.0,0.0,0
16,german_language,Translate 'hello' into German:, hallo, hal,2,4,4446,1.0,1.0,0.9333333333333333,max_feature_activation,6,:,6,:,6,:,0.0,0.0,0.0,0,0,0,amplify_2x,random_norm_matched,1,8,nan,0.0,-0.0034437179565429688,1.1407144484110177e-05,0.0006551280966959894,0.0006551280966959894,0.0,0.0,128,128,0,-7.341464519500732,-7.341464519500732,0.0,-3.670732259750366,-3.670732259750366,0.0,0.0,0
16,german_language,Translate 'hello' into German:, hallo, hal,2,4,4446,1.0,1.0,0.9333333333333333,max_feature_activation,6,:,6,:,6,:,0.0,0.0,0.0,0,0,0,amplify_2x,random_norm_matched,2,8,nan,0.0,-0.0034437179565429688,1.1407144484110177e-05,0.0006551280966959894,0.0006551280966959894,0.0,0.0,128,128,0,-7.341464519500732,-7.341464519500732,0.0,-3.670732259750366,-3.670732259750366,0.0,0.0,0
16,german_language,Translate 'hello' into German:, hallo, hal,2,4,4446,1.0,1.0,0.9333333333333333,max_feature_activation,6,:,6,:,6,:,0.0,0.0,0.0,0,0,0,amplify_2x,random_norm_matched,3,8,nan,0.0,-0.0034437179565429688,1.1407144484110177e-05,0.0006551280966959894,0.0006551280966959894,0.0,0.0,128,128,0,-7.341464519500732,-7.341464519500732,0.0,-3.670732259750366,-3.670732259750366,0.0,0.0,0
16,german_language,Translate 'hello' into German:, hallo, hal,2,4,4446,1.0,1.0,0.9333333333333333,max_feature_activation,6,:,6,:,6,:,0.0,0.0,0.0,0,0,0,amplify_2x,random_norm_matched,4,8,nan,0.0,-0.0034437179565429688,1.1407144484110177e-05,0.0006551280966959894,0.0006551280966959894,0.0,0.0,128,128,0,-7.341464519500732,-7.341464519500732,0.0,-3.670732259750366,-3.670732259750366,0.0,0.0,0
16,german_language,Translate 'hello' into German:, hallo, hal,2,4,4446,1.0,1.0,0.9333333333333333,max_feature_activation,6,:,6,:,6,:,0.0,0.0,0.0,0,0,0,amplify_2x,random_norm_matched,5,8,nan,0.0,-0.0034437179565429688,1.1407144484110177e-05,0.0006551280966959894,0.0006551280966959894,0.0,0.0,128,128,0,-7.341464519500732,-7.341464519500732,0.0,-3.670732259750366,-3.670732259750366,0.0,0.0,0
16,german_language,Translate 'hello' into German:, hallo, hal,2,4,4446,1.0,1.0,0.9333333333333333,max_feature_activation,6,:,6,:,6,:,0.0,0.0,0.0,0,0,0,amplify_2x,random_norm_matched,6,8,nan,0.0,-0.0034437179565429688,1.1407144484110177e-05,0.0006551280966959894,0.0006551280966959894,0.0,0.0,128,128,0,-7.341464519500732,-7.341464519500732,0.0,-3.670732259750366,-3.670732259750366,0.0,0.0,0
16,german_language,Translate 'hello' into German:, hallo, hal,2,4,4446,1.0,1.0,0.9333333333333333,max_feature_activation,6,:,6,:,6,:,0.0,0.0,0.0,0,0,0,amplify_2x,random_norm_matched,7,8,nan,0.0,-0.0034437179565429688,1.1407144484110177e-05,0.0006551280966959894,0.0006551280966959894,0.0,0.0,128,128,0,-7.341464519500732,-7.341464519500732,0.0,-3.670732259750366,-3.670732259750366,0.0,0.0,0
17,german_language,Translate 'thank you' into German:, danke, dan,2,4,4446,1.0,1.0,0.9333333333333333,max_feature_activation,7,:,7,:,7,:,0.0,0.0,0.0,0,0,0,ablate,sae_feature,-1,8,-0.0,0.0,-0.00666356086730957,8.401322702411562e-06,0.003779923776164651,0.003779923776164651,0.0,0.0,32,32,0,-5.579110622406006,-5.579110622406006,0.0,-2.789555311203003,-2.789555311203003,0.0,0.0,0
17,german_language,Translate 'thank you' into German:, danke, dan,2,4,4446,1.0,1.0,0.9333333333333333,max_feature_activation,7,:,7,:,7,:,0.0,0.0,0.0,0,0,0,ablate,random_norm_matched,0,8,nan,0.0,-0.00666356086730957,8.401322702411562e-06,0.003779923776164651,0.003779923776164651,0.0,0.0,32,32,0,-5.579110622406006,-5.579110622406006,0.0,-2.789555311203003,-2.789555311203003,0.0,0.0,0
17,german_language,Translate 'thank you' into German:, danke, dan,2,4,4446,1.0,1.0,0.9333333333333333,max_feature_activation,7,:,7,:,7,:,0.0,0.0,0.0,0,0,0,ablate,random_norm_matched,1,8,nan,0.0,-0.00666356086730957,8.401322702411562e-06,0.003779923776164651,0.003779923776164651,0.0,0.0,32,32,0,-5.579110622406006,-5.579110622406006,0.0,-2.789555311203003,-2.789555311203003,0.0,0.0,0
17,german_language,Translate 'thank you' into German:, danke, dan,2,4,4446,1.0,1.0,0.9333333333333333,max_feature_activation,7,:,7,:,7,:,0.0,0.0,0.0,0,0,0,ablate,random_norm_matched,2,8,nan,0.0,-0.00666356086730957,8.401322702411562e-06,0.003779923776164651,0.003779923776164651,0.0,0.0,32,32,0,-5.579110622406006,-5.579110622406006,0.0,-2.789555311203003,-2.789555311203003,0.0,0.0,0
17,german_language,Translate 'thank you' into German:, danke, dan,2,4,4446,1.0,1.0,0.9333333333333333,max_feature_activation,7,:,7,:,7,:,0.0,0.0,0.0,0,0,0,ablate,random_norm_matched,3,8,nan,0.0,-0.00666356086730957,8.401322702411562e-06,0.003779923776164651,0.003779923776164651,0.0,0.0,32,32,0,-5.579110622406006,-5.579110622406006,0.0,-2.789555311203003,-2.789555311203003,0.0,0.0,0
17,german_language,Translate 'thank you' into German:, danke, dan,2,4,4446,1.0,1.0,0.9333333333333333,max_feature_activation,7,:,7,:,7,:,0.0,0.0,0.0,0,0,0,ablate,random_norm_matched,4,8,nan,0.0,-0.00666356086730957,8.401322702411562e-06,0.003779923776164651,0.003779923776164651,0.0,0.0,32,32,0,-5.579110622406006,-5.579110622406006,0.0,-2.789555311203003,-2.789555311203003,0.0,0.0,0
17,german_language,Translate 'thank you' into German:, danke, dan,2,4,4446,1.0,1.0,0.9333333333333333,max_feature_activation,7,:,7,:,7,:,0.0,0.0,0.0,0,0,0,ablate,random_norm_matched,5,8,nan,0.0,-0.00666356086730957,8.401322702411562e-06,0.003779923776164651,0.003779923776164651,0.0,0.0,32,32,0,-5.579110622406006,-5.579110622406006,0.0,-2.789555311203003,-2.789555311203003,0.0,0.0,0
17,german_language,Translate 'thank you' into German:, danke, dan,2,4,4446,1.0,1.0,0.9333333333333333,max_feature_activation,7,:,7,:,7,:,0.0,0.0,0.0,0,0,0,ablate,random_norm_matched,6,8,nan,0.0,-0.00666356086730957,8.401322702411562e-06,0.003779923776164651,0.003779923776164651,0.0,0.0,32,32,0,-5.579110622406006,-5.579110622406006,0.0,-2.789555311203003,-2.789555311203003,0.0,0.0,0
17,german_language,Translate 'thank you' into German:, danke, dan,2,4,4446,1.0,1.0,0.9333333333333333,max_feature_activation,7,:,7,:,7,:,0.0,0.0,0.0,0,0,0,ablate,random_norm_matched,7,8,nan,0.0,-0.00666356086730957,8.401322702411562e-06,0.003779923776164651,0.003779923776164651,0.0,0.0,32,32,0,-5.579110622406006,-5.579110622406006,0.0,-2.789555311203003,-2.789555311203003,0.0,0.0,0
17,german_language,Translate 'thank you' into German:, danke, dan,2,4,4446,1.0,1.0,0.9333333333333333,max_feature_activation,7,:,7,:,7,:,0.0,0.0,0.0,0,0,0,amplify_2x,sae_feature,-1,8,0.0,0.0,-0.00666356086730957,8.401322702411562e-06,0.003779923776164651,0.003779923776164651,0.0,0.0,32,32,0,-5.579110622406006,-5.579110622406006,0.0,-2.789555311203003,-2.789555311203003,0.0,0.0,0
17,german_language,Translate 'thank you' into German:, danke, dan,2,4,4446,1.0,1.0,0.9333333333333333,max_feature_activation,7,:,7,:,7,:,0.0,0.0,0.0,0,0,0,amplify_2x,random_norm_matched,0,8,nan,0.0,-0.00666356086730957,8.401322702411562e-06,0.003779923776164651,0.003779923776164651,0.0,0.0,32,32,0,-5.579110622406006,-5.579110622406006,0.0,-2.789555311203003,-2.789555311203003,0.0,0.0,0
17,german_language,Translate 'thank you' into German:, danke, dan,2,4,4446,1.0,1.0,0.9333333333333333,max_feature_activation,7,:,7,:,7,:,0.0,0.0,0.0,0,0,0,amplify_2x,random_norm_matched,1,8,nan,0.0,-0.00666356086730957,8.401322702411562e-06,0.003779923776164651,0.003779923776164651,0.0,0.0,32,32,0,-5.579110622406006,-5.579110622406006,0.0,-2.789555311203003,-2.789555311203003,0.0,0.0,0
17,german_language,Translate 'thank you' into German:, danke, dan,2,4,4446,1.0,1.0,0.9333333333333333,max_feature_activation,7,:,7,:,7,:,0.0,0.0,0.0,0,0,0,amplify_2x,random_norm_matched,2,8,nan,0.0,-0.00666356086730957,8.401322702411562e-06,0.003779923776164651,0.003779923776164651,0.0,0.0,32,32,0,-5.579110622406006,-5.579110622406006,0.0,-2.789555311203003,-2.789555311203003,0.0,0.0,0
17,german_language,Translate 'thank you' into German:, danke, dan,2,4,4446,1.0,1.0,0.9333333333333333,max_feature_activation,7,:,7,:,7,:,0.0,0.0,0.0,0,0,0,amplify_2x,random_norm_matched,3,8,nan,0.0,-0.00666356086730957,8.401322702411562e-06,0.003779923776164651,0.003779923776164651,0.0,0.0,32,32,0,-5.579110622406006,-5.579110622406006,0.0,-2.789555311203003,-2.789555311203003,0.0,0.0,0
17,german_language,Translate 'thank you' into German:, danke, dan,2,4,4446,1.0,1.0,0.9333333333333333,max_feature_activation,7,:,7,:,7,:,0.0,0.0,0.0,0,0,0,amplify_2x,random_norm_matched,4,8,nan,0.0,-0.00666356086730957,8.401322702411562e-06,0.003779923776164651,0.003779923776164651,0.0,0.0,32,32,0,-5.579110622406006,-5.579110622406006,0.0,-2.789555311203003,-2.789555311203003,0.0,0.0,0
17,german_language,Translate 'thank you' into German:, danke, dan,2,4,4446,1.0,1.0,0.9333333333333333,max_feature_activation,7,:,7,:,7,:,0.0,0.0,0.0,0,0,0,amplify_2x,random_norm_matched,5,8,nan,0.0,-0.00666356086730957,8.401322702411562e-06,0.003779923776164651,0.003779923776164651,0.0,0.0,32,32,0,-5.579110622406006,-5.579110622406006,0.0,-2.789555311203003,-2.789555311203003,0.0,0.0,0
17,german_language,Translate 'thank you' into German:, danke, dan,2,4,4446,1.0,1.0,0.9333333333333333,max_feature_activation,7,:,7,:,7,:,0.0,0.0,0.0,0,0,0,amplify_2x,random_norm_matched,6,8,nan,0.0,-0.00666356086730957,8.401322702411562e-06,0.003779923776164651,0.003779923776164651,0.0,0.0,32,32,0,-5.579110622406006,-5.579110622406006,0.0,-2.789555311203003,-2.789555311203003,0.0,0.0,0
17,german_language,Translate 'thank you' into German:, danke, dan,2,4,4446,1.0,1.0,0.9333333333333333,max_feature_activation,7,:,7,:,7,:,0.0,0.0,0.0,0,0,0,amplify_2x,random_norm_matched,7,8,nan,0.0,-0.00666356086730957,8.401322702411562e-06,0.003779923776164651,0.003779923776164651,0.0,0.0,32,32,0,-5.579110622406006,-5.579110622406006,0.0,-2.789555311203003,-2.789555311203003,0.0,0.0,0
18,german_language,Translate 'yes' into German:, ja, ja,1,4,4446,1.0,1.0,0.9333333333333333,max_feature_activation,6,:,6,:,6,:,0.0,0.0,0.0,0,0,0,ablate,sae_feature,-1,8,-0.0,0.0,-0.011438846588134766,1.3899087207391858e-05,0.007983861491084099,0.007983861491084099,0.0,0.0,10,10,0,-4.830333232879639,-4.830333232879639,0.0,-4.830333232879639,-4.830333232879639,0.0,0.0,0
18,german_language,Translate 'yes' into German:, ja, ja,1,4,4446,1.0,1.0,0.9333333333333333,max_feature_activation,6,:,6,:,6,:,0.0,0.0,0.0,0,0,0,ablate,random_norm_matched,0,8,nan,0.0,-0.011438846588134766,1.3899087207391858e-05,0.007983861491084099,0.007983861491084099,0.0,0.0,10,10,0,-4.830333232879639,-4.830333232879639,0.0,-4.830333232879639,-4.830333232879639,0.0,0.0,0
18,german_language,Translate 'yes' into German:, ja, ja,1,4,4446,1.0,1.0,0.9333333333333333,max_feature_activation,6,:,6,:,6,:,0.0,0.0,0.0,0,0,0,ablate,random_norm_matched,1,8,nan,0.0,-0.011438846588134766,1.3899087207391858e-05,0.007983861491084099,0.007983861491084099,0.0,0.0,10,10,0,-4.830333232879639,-4.830333232879639,0.0,-4.830333232879639,-4.830333232879639,0.0,0.0,0
18,german_language,Translate 'yes' into German:, ja, ja,1,4,4446,1.0,1.0,0.9333333333333333,max_feature_activation,6,:,6,:,6,:,0.0,0.0,0.0,0,0,0,ablate,random_norm_matched,2,8,nan,0.0,-0.011438846588134766,1.3899087207391858e-05,0.007983861491084099,0.007983861491084099,0.0,0.0,10,10,0,-4.830333232879639,-4.830333232879639,0.0,-4.830333232879639,-4.830333232879639,0.0,0.0,0
18,german_language,Translate 'yes' into German:, ja, ja,1,4,4446,1.0,1.0,0.9333333333333333,max_feature_activation,6,:,6,:,6,:,0.0,0.0,0.0,0,0,0,ablate,random_norm_matched,3,8,nan,0.0,-0.011438846588134766,1.3899087207391858e-05,0.007983861491084099,0.007983861491084099,0.0,0.0,10,10,0,-4.830333232879639,-4.830333232879639,0.0,-4.830333232879639,-4.830333232879639,0.0,0.0,0
18,german_language,Translate 'yes' into German:, ja, ja,1,4,4446,1.0,1.0,0.9333333333333333,max_feature_activation,6,:,6,:,6,:,0.0,0.0,0.0,0,0,0,ablate,random_norm_matched,4,8,nan,0.0,-0.011438846588134766,1.3899087207391858e-05,0.007983861491084099,0.007983861491084099,0.0,0.0,10,10,0,-4.830333232879639,-4.830333232879639,0.0,-4.830333232879639,-4.830333232879639,0.0,0.0,0
18,german_language,Translate 'yes' into German:, ja, ja,1,4,4446,1.0,1.0,0.9333333333333333,max_feature_activation,6,:,6,:,6,:,0.0,0.0,0.0,0,0,0,ablate,random_norm_matched,5,8,nan,0.0,-0.011438846588134766,1.3899087207391858e-05,0.007983861491084099,0.007983861491084099,0.0,0.0,10,10,0,-4.830333232879639,-4.830333232879639,0.0,-4.830333232879639,-4.830333232879639,0.0,0.0,0
18,german_language,Translate 'yes' into German:, ja, ja,1,4,4446,1.0,1.0,0.9333333333333333,max_feature_activation,6,:,6,:,6,:,0.0,0.0,0.0,0,0,0,ablate,random_norm_matched,6,8,nan,0.0,-0.011438846588134766,1.3899087207391858e-05,0.007983861491084099,0.007983861491084099,0.0,0.0,10,10,0,-4.830333232879639,-4.830333232879639,0.0,-4.830333232879639,-4.830333232879639,0.0,0.0,0
18,german_language,Translate 'yes' into German:, ja, ja,1,4,4446,1.0,1.0,0.9333333333333333,max_feature_activation,6,:,6,:,6,:,0.0,0.0,0.0,0,0,0,ablate,random_norm_matched,7,8,nan,0.0,-0.011438846588134766,1.3899087207391858e-05,0.007983861491084099,0.007983861491084099,0.0,0.0,10,10,0,-4.830333232879639,-4.830333232879639,0.0,-4.830333232879639,-4.830333232879639,0.0,0.0,0
18,german_language,Translate 'yes' into German:, ja, ja,1,4,4446,1.0,1.0,0.9333333333333333,max_feature_activation,6,:,6,:,6,:,0.0,0.0,0.0,0,0,0,amplify_2x,sae_feature,-1,8,0.0,0.0,-0.011438846588134766,1.3899087207391858e-05,0.007983861491084099,0.007983861491084099,0.0,0.0,10,10,0,-4.830333232879639,-4.830333232879639,0.0,-4.830333232879639,-4.830333232879639,0.0,0.0,0
18,german_language,Translate 'yes' into German:, ja, ja,1,4,4446,1.0,1.0,0.9333333333333333,max_feature_activation,6,:,6,:,6,:,0.0,0.0,0.0,0,0,0,amplify_2x,random_norm_matched,0,8,nan,0.0,-0.011438846588134766,1.3899087207391858e-05,0.007983861491084099,0.007983861491084099,0.0,0.0,10,10,0,-4.830333232879639,-4.830333232879639,0.0,-4.830333232879639,-4.830333232879639,0.0,0.0,0
18,german_language,Translate 'yes' into German:, ja, ja,1,4,4446,1.0,1.0,0.9333333333333333,max_feature_activation,6,:,6,:,6,:,0.0,0.0,0.0,0,0,0,amplify_2x,random_norm_matched,1,8,nan,0.0,-0.011438846588134766,1.3899087207391858e-05,0.007983861491084099,0.007983861491084099,0.0,0.0,10,10,0,-4.830333232879639,-4.830333232879639,0.0,-4.830333232879639,-4.830333232879639,0.0,0.0,0
18,german_language,Translate 'yes' into German:, ja, ja,1,4,4446,1.0,1.0,0.9333333333333333,max_feature_activation,6,:,6,:,6,:,0.0,0.0,0.0,0,0,0,amplify_2x,random_norm_matched,2,8,nan,0.0,-0.011438846588134766,1.3899087207391858e-05,0.007983861491084099,0.007983861491084099,0.0,0.0,10,10,0,-4.830333232879639,-4.830333232879639,0.0,-4.830333232879639,-4.830333232879639,0.0,0.0,0
18,german_language,Translate 'yes' into German:, ja, ja,1,4,4446,1.0,1.0,0.9333333333333333,max_feature_activation,6,:,6,:,6,:,0.0,0.0,0.0,0,0,0,amplify_2x,random_norm_matched,3,8,nan,0.0,-0.011438846588134766,1.3899087207391858e-05,0.007983861491084099,0.007983861491084099,0.0,0.0,10,10,0,-4.830333232879639,-4.830333232879639,0.0,-4.830333232879639,-4.830333232879639,0.0,0.0,0
18,german_language,Translate 'yes' into German:, ja, ja,1,4,4446,1.0,1.0,0.9333333333333333,max_feature_activation,6,:,6,:,6,:,0.0,0.0,0.0,0,0,0,amplify_2x,random_norm_matched,4,8,nan,0.0,-0.011438846588134766,1.3899087207391858e-05,0.007983861491084099,0.007983861491084099,0.0,0.0,10,10,0,-4.830333232879639,-4.830333232879639,0.0,-4.830333232879639,-4.830333232879639,0.0,0.0,0
18,german_language,Translate 'yes' into German:, ja, ja,1,4,4446,1.0,1.0,0.9333333333333333,max_feature_activation,6,:,6,:,6,:,0.0,0.0,0.0,0,0,0,amplify_2x,random_norm_matched,5,8,nan,0.0,-0.011438846588134766,1.3899087207391858e-05,0.007983861491084099,0.007983861491084099,0.0,0.0,10,10,0,-4.830333232879639,-4.830333232879639,0.0,-4.830333232879639,-4.830333232879639,0.0,0.0,0
18,german_language,Translate 'yes' into German:, ja, ja,1,4,4446,1.0,1.0,0.9333333333333333,max_feature_activation,6,:,6,:,6,:,0.0,0.0,0.0,0,0,0,amplify_2x,random_norm_matched,6,8,nan,0.0,-0.011438846588134766,1.3899087207391858e-05,0.007983861491084099,0.007983861491084099,0.0,0.0,10,10,0,-4.830333232879639,-4.830333232879639,0.0,-4.830333232879639,-4.830333232879639,0.0,0.0,0
18,german_language,Translate 'yes' into German:, ja, ja,1,4,4446,1.0,1.0,0.9333333333333333,max_feature_activation,6,:,6,:,6,:,0.0,0.0,0.0,0,0,0,amplify_2x,random_norm_matched,7,8,nan,0.0,-0.011438846588134766,1.3899087207391858e-05,0.007983861491084099,0.007983861491084099,0.0,0.0,10,10,0,-4.830333232879639,-4.830333232879639,0.0,-4.830333232879639,-4.830333232879639,0.0,0.0,0
19,german_language,Translate 'good evening' into German:, guten Abend, guten,3,4,4446,1.0,1.0,0.9333333333333333,max_feature_activation,7,:,7,:,7,:,0.0,0.0,0.0,0,0,0,ablate,sae_feature,-1,8,-0.0,0.0,-5.0067901611328125e-05,7.73818464949727e-06,0.01749907061457634,0.01749907061457634,0.0,0.0,7,7,0,-4.382694721221924,-4.382694721221924,0.0,-1.4608982801437378,-1.4608982801437378,0.0,0.0,0
19,german_language,Translate 'good evening' into German:, guten Abend, guten,3,4,4446,1.0,1.0,0.9333333333333333,max_feature_activation,7,:,7,:,7,:,0.0,0.0,0.0,0,0,0,ablate,random_norm_matched,0,8,nan,0.0,-5.0067901611328125e-05,7.73818464949727e-06,0.01749907061457634,0.01749907061457634,0.0,0.0,7,7,0,-4.382694721221924,-4.382694721221924,0.0,-1.4608982801437378,-1.4608982801437378,0.0,0.0,0
19,german_language,Translate 'good evening' into German:, guten Abend, guten,3,4,4446,1.0,1.0,0.9333333333333333,max_feature_activation,7,:,7,:,7,:,0.0,0.0,0.0,0,0,0,ablate,random_norm_matched,1,8,nan,0.0,-5.0067901611328125e-05,7.73818464949727e-06,0.01749907061457634,0.01749907061457634,0.0,0.0,7,7,0,-4.382694721221924,-4.382694721221924,0.0,-1.4608982801437378,-1.4608982801437378,0.0,0.0,0
19,german_language,Translate 'good evening' into German:, guten Abend, guten,3,4,4446,1.0,1.0,0.9333333333333333,max_feature_activation,7,:,7,:,7,:,0.0,0.0,0.0,0,0,0,ablate,random_norm_matched,2,8,nan,0.0,-5.0067901611328125e-05,7.73818464949727e-06,0.01749907061457634,0.01749907061457634,0.0,0.0,7,7,0,-4.382694721221924,-4.382694721221924,0.0,-1.4608982801437378,-1.4608982801437378,0.0,0.0,0
19,german_language,Translate 'good evening' into German:, guten Abend, guten,3,4,4446,1.0,1.0,0.9333333333333333,max_feature_activation,7,:,7,:,7,:,0.0,0.0,0.0,0,0,0,ablate,random_norm_matched,3,8,nan,0.0,-5.0067901611328125e-05,7.73818464949727e-06,0.01749907061457634,0.01749907061457634,0.0,0.0,7,7,0,-4.382694721221924,-4.382694721221924,0.0,-1.4608982801437378,-1.4608982801437378,0.0,0.0,0
19,german_language,Translate 'good evening' into German:, guten Abend, guten,3,4,4446,1.0,1.0,0.9333333333333333,max_feature_activation,7,:,7,:,7,:,0.0,0.0,0.0,0,0,0,ablate,random_norm_matched,4,8,nan,0.0,-5.0067901611328125e-05,7.73818464949727e-06,0.01749907061457634,0.01749907061457634,0.0,0.0,7,7,0,-4.382694721221924,-4.382694721221924,0.0,-1.4608982801437378,-1.4608982801437378,0.0,0.0,0
19,german_language,Translate 'good evening' into German:, guten Abend, guten,3,4,4446,1.0,1.0,0.9333333333333333,max_feature_activation,7,:,7,:,7,:,0.0,0.0,0.0,0,0,0,ablate,random_norm_matched,5,8,nan,0.0,-5.0067901611328125e-05,7.73818464949727e-06,0.01749907061457634,0.01749907061457634,0.0,0.0,7,7,0,-4.382694721221924,-4.382694721221924,0.0,-1.4608982801437378,-1.4608982801437378,0.0,0.0,0
19,german_language,Translate 'good evening' into German:, guten Abend, guten,3,4,4446,1.0,1.0,0.9333333333333333,max_feature_activation,7,:,7,:,7,:,0.0,0.0,0.0,0,0,0,ablate,random_norm_matched,6,8,nan,0.0,-5.0067901611328125e-05,7.73818464949727e-06,0.01749907061457634,0.01749907061457634,0.0,0.0,7,7,0,-4.382694721221924,-4.382694721221924,0.0,-1.4608982801437378,-1.4608982801437378,0.0,0.0,0
19,german_language,Translate 'good evening' into German:, guten Abend, guten,3,4,4446,1.0,1.0,0.9333333333333333,max_feature_activation,7,:,7,:,7,:,0.0,0.0,0.0,0,0,0,ablate,random_norm_matched,7,8,nan,0.0,-5.0067901611328125e-05,7.73818464949727e-06,0.01749907061457634,0.01749907061457634,0.0,0.0,7,7,0,-4.382694721221924,-4.382694721221924,0.0,-1.4608982801437378,-1.4608982801437378,0.0,0.0,0
19,german_language,Translate 'good evening' into German:, guten Abend, guten,3,4,4446,1.0,1.0,0.9333333333333333,max_feature_activation,7,:,7,:,7,:,0.0,0.0,0.0,0,0,0,amplify_2x,sae_feature,-1,8,0.0,0.0,-5.0067901611328125e-05,7.73818464949727e-06,0.01749907061457634,0.01749907061457634,0.0,0.0,7,7,0,-4.382694721221924,-4.382694721221924,0.0,-1.4608982801437378,-1.4608982801437378,0.0,0.0,0
19,german_language,Translate 'good evening' into German:, guten Abend, guten,3,4,4446,1.0,1.0,0.9333333333333333,max_feature_activation,7,:,7,:,7,:,0.0,0.0,0.0,0,0,0,amplify_2x,random_norm_matched,0,8,nan,0.0,-5.0067901611328125e-05,7.73818464949727e-06,0.01749907061457634,0.01749907061457634,0.0,0.0,7,7,0,-4.382694721221924,-4.382694721221924,0.0,-1.4608982801437378,-1.4608982801437378,0.0,0.0,0
19,german_language,Translate 'good evening' into German:, guten Abend, guten,3,4,4446,1.0,1.0,0.9333333333333333,max_feature_activation,7,:,7,:,7,:,0.0,0.0,0.0,0,0,0,amplify_2x,random_norm_matched,1,8,nan,0.0,-5.0067901611328125e-05,7.73818464949727e-06,0.01749907061457634,0.01749907061457634,0.0,0.0,7,7,0,-4.382694721221924,-4.382694721221924,0.0,-1.4608982801437378,-1.4608982801437378,0.0,0.0,0
19,german_language,Translate 'good evening' into German:, guten Abend, guten,3,4,4446,1.0,1.0,0.9333333333333333,max_feature_activation,7,:,7,:,7,:,0.0,0.0,0.0,0,0,0,amplify_2x,random_norm_matched,2,8,nan,0.0,-5.0067901611328125e-05,7.73818464949727e-06,0.01749907061457634,0.01749907061457634,0.0,0.0,7,7,0,-4.382694721221924,-4.382694721221924,0.0,-1.4608982801437378,-1.4608982801437378,0.0,0.0,0
19,german_language,Translate 'good evening' into German:, guten Abend, guten,3,4,4446,1.0,1.0,0.9333333333333333,max_feature_activation,7,:,7,:,7,:,0.0,0.0,0.0,0,0,0,amplify_2x,random_norm_matched,3,8,nan,0.0,-5.0067901611328125e-05,7.73818464949727e-06,0.01749907061457634,0.01749907061457634,0.0,0.0,7,7,0,-4.382694721221924,-4.382694721221924,0.0,-1.4608982801437378,-1.4608982801437378,0.0,0.0,0
19,german_language,Translate 'good evening' into German:, guten Abend, guten,3,4,4446,1.0,1.0,0.9333333333333333,max_feature_activation,7,:,7,:,7,:,0.0,0.0,0.0,0,0,0,amplify_2x,random_norm_matched,4,8,nan,0.0,-5.0067901611328125e-05,7.73818464949727e-06,0.01749907061457634,0.01749907061457634,0.0,0.0,7,7,0,-4.382694721221924,-4.382694721221924,0.0,-1.4608982801437378,-1.4608982801437378,0.0,0.0,0
19,german_language,Translate 'good evening' into German:, guten Abend, guten,3,4,4446,1.0,1.0,0.9333333333333333,max_feature_activation,7,:,7,:,7,:,0.0,0.0,0.0,0,0,0,amplify_2x,random_norm_matched,5,8,nan,0.0,-5.0067901611328125e-05,7.73818464949727e-06,0.01749907061457634,0.01749907061457634,0.0,0.0,7,7,0,-4.382694721221924,-4.382694721221924,0.0,-1.4608982801437378,-1.4608982801437378,0.0,0.0,0
19,german_language,Translate 'good evening' into German:, guten Abend, guten,3,4,4446,1.0,1.0,0.9333333333333333,max_feature_activation,7,:,7,:,7,:,0.0,0.0,0.0,0,0,0,amplify_2x,random_norm_matched,6,8,nan,0.0,-5.0067901611328125e-05,7.73818464949727e-06,0.01749907061457634,0.01749907061457634,0.0,0.0,7,7,0,-4.382694721221924,-4.382694721221924,0.0,-1.4608982801437378,-1.4608982801437378,0.0,0.0,0
19,german_language,Translate 'good evening' into German:, guten Abend, guten,3,4,4446,1.0,1.0,0.9333333333333333,max_feature_activation,7,:,7,:,7,:,0.0,0.0,0.0,0,0,0,amplify_2x,random_norm_matched,7,8,nan,0.0,-5.0067901611328125e-05,7.73818464949727e-06,0.01749907061457634,0.01749907061457634,0.0,0.0,7,7,0,-4.382694721221924,-4.382694721221924,0.0,-1.4608982801437378,-1.4608982801437378,0.0,0.0,0
20,factual_entities,"The scientist associated with radium research, Marie", Curie, Cur,2,14,29048,0.9745370370370372,0.9075520833333334,0.8235294117647058,max_feature_activation,2, associated,8, Marie,2, associated,25.772615432739258,0.0,25.772615432739258,1,0,1,ablate,sae_feature,-1,8,-25.772615432739258,25.772611618041992,0.00012798607349395752,6.575221505045192e-07,0.8494343161582947,0.8483565449714661,-0.0010777711868286133,-0.001269608736038208,1,1,0,-0.16481436789035797,-0.16613717377185822,-0.0013228058815002441,-0.08240718394517899,-0.08306858688592911,-0.0006614029407501221,7.786380592733622e-06,0
20,factual_entities,"The scientist associated with radium research, Marie", Curie, Cur,2,14,29048,0.9745370370370372,0.9075520833333334,0.8235294117647058,max_feature_activation,2, associated,8, Marie,2, associated,25.772615432739258,0.0,25.772615432739258,1,0,1,ablate,random_norm_matched,0,8,nan,25.772611618041992,0.00012798607349395752,6.575221505045192e-07,0.8494343161582947,0.8495304584503174,9.614229202270508e-05,0.00011320412158966064,1,1,0,-0.16481436789035797,-0.16469544172286987,0.00011892616748809814,-0.08240718394517899,-0.08234772086143494,5.946308374404907e-05,1.0419544196338393e-06,0
20,factual_entities,"The scientist associated with radium research, Marie", Curie, Cur,2,14,29048,0.9745370370370372,0.9075520833333334,0.8235294117647058,max_feature_activation,2, associated,8, Marie,2, associated,25.772615432739258,0.0,25.772615432739258,1,0,1,ablate,random_norm_matched,1,8,nan,25.772611618041992,0.00012798607349395752,6.575221505045192e-07,0.8494343161582947,0.8502771258354187,0.0008428096771240234,0.000991731882095337,1,1,0,-0.16481436789035797,-0.16385559737682343,0.0009587705135345459,-0.08240718394517899,-0.08192779868841171,0.00047938525676727295,6.297012077993713e-06,0
20,factual_entities,"The scientist associated with radium research, Marie", Curie, Cur,2,14,29048,0.9745370370370372,0.9075520833333334,0.8235294117647058,max_feature_activation,2, associated,8, Marie,2, associated,25.772615432739258,0.0,25.772615432739258,1,0,1,ablate,random_norm_matched,2,8,nan,25.772611618041992,0.00012798607349395752,6.575221505045192e-07,0.8494343161582947,0.8456732034683228,-0.003761112689971924,-0.004437610507011414,1,1,0,-0.16481436789035797,-0.16924935579299927,-0.004434987902641296,-0.08240718394517899,-0.08462467789649963,-0.002217493951320648,2.01018774532713e-05,0
20,factual_entities,"The scientist associated with radium research, Marie", Curie, Cur,2,14,29048,0.9745370370370372,0.9075520833333334,0.8235294117647058,max_feature_activation,2, associated,8, Marie,2, associated,25.772615432739258,0.0,25.772615432739258,1,0,1,ablate,random_norm_matched,3,8,nan,25.772611618041992,0.00012798607349395752,6.575221505045192e-07,0.8494343161582947,0.8514001965522766,0.0019658803939819336,0.00231170654296875,1,1,0,-0.16481436789035797,-0.1625531166791916,0.002261251211166382,-0.08240718394517899,-0.0812765583395958,0.001130625605583191,2.191615385527257e-05,0
20,factual_entities,"The scientist associated with radium research, Marie", Curie, Cur,2,14,29048,0.9745370370370372,0.9075520833333334,0.8235294117647058,max_feature_activation,2, associated,8, Marie,2, associated,25.772615432739258,0.0,25.772615432739258,1,0,1,ablate,random_norm_matched,4,8,nan,25.77260971069336,0.00012798607349395752,6.575221505045192e-07,0.8494343161582947,0.8478738069534302,-0.001560509204864502,-0.0018388181924819946,1,1,0,-0.16481436789035797,-0.1666790097951889,-0.0018646419048309326,-0.08240718394517899,-0.08333950489759445,-0.0009323209524154663,2.3656470148125663e-05,0
20,factual_entities,"The scientist associated with radium research, Marie", Curie, Cur,2,14,29048,0.9745370370370372,0.9075520833333334,0.8235294117647058,max_feature_activation,2, associated,8, Marie,2, associated,25.772615432739258,0.0,25.772615432739258,1,0,1,ablate,random_norm_matched,5,8,nan,25.772611618041992,0.00012798607349395752,6.575221505045192e-07,0.8494343161582947,0.8499398231506348,0.0005055069923400879,0.0005949735641479492,1,1,0,-0.16481436789035797,-0.16423094272613525,0.0005834251642227173,-0.08240718394517899,-0.08211547136306763,0.00029171258211135864,5.15997817274183e-06,0
20,factual_entities,"The scientist associated with radium research, Marie", Curie, Cur,2,14,29048,0.9745370370370372,0.9075520833333334,0.8235294117647058,max_feature_activation,2, associated,8, Marie,2, associated,25.772615432739258,0.0,25.772615432739258,1,0,1,ablate,random_norm_matched,6,8,nan,25.772611618041992,0.00012798607349395752,6.575221505045192e-07,0.8494343161582947,0.848027229309082,-0.0014070868492126465,-0.0016578882932662964,1,1,0,-0.16481436789035797,-0.1664983183145523,-0.001683950424194336,-0.08240718394517899,-0.08324915915727615,-0.000841975212097168,5.537585821002722e-06,0
20,factual_entities,"The scientist associated with radium research, Marie", Curie, Cur,2,14,29048,0.9745370370370372,0.9075520833333334,0.8235294117647058,max_feature_activation,2, associated,8, Marie,2, associated,25.772615432739258,0.0,25.772615432739258,1,0,1,ablate,random_norm_matched,7,8,nan,25.77260971069336,0.00012798607349395752,6.575221505045192e-07,0.8494343161582947,0.851519763469696,0.002085447311401367,0.0024520903825759888,1,1,0,-0.16481436789035797,-0.1624055951833725,0.0024087727069854736,-0.08240718394517899,-0.08120279759168625,0.0012043863534927368,8.110914677672554e-06,0
20,factual_entities,"The scientist associated with radium research, Marie", Curie, Cur,2,14,29048,0.9745370370370372,0.9075520833333334,0.8235294117647058,max_feature_activation,2, associated,8, Marie,2, associated,25.772615432739258,0.0,25.772615432739258,1,0,1,amplify_2x,sae_feature,-1,8,25.772615432739258,25.772611618041992,0.00012798607349395752,6.575221505045192e-07,0.8494343161582947,0.8490450978279114,-0.0003892183303833008,-0.0004583001136779785,1,1,0,-0.16481436789035797,-0.1652514785528183,-0.00043711066246032715,-0.08240718394517899,-0.08262573927640915,-0.00021855533123016357,9.175855666399002e-06,0
20,factual_entities,"The scientist associated with radium research, Marie", Curie, Cur,2,14,29048,0.9745370370370372,0.9075520833333334,0.8235294117647058,max_feature_activation,2, associated,8, Marie,2, associated,25.772615432739258,0.0,25.772615432739258,1,0,1,amplify_2x,random_norm_matched,0,8,nan,25.772611618041992,0.00012798607349395752,6.575221505045192e-07,0.8494343161582947,0.8506847023963928,0.0012503862380981445,0.0014709681272506714,1,1,0,-0.16481436789035797,-0.16338041424751282,0.0014339536428451538,-0.08240718394517899,-0.08169020712375641,0.0007169768214225769,3.933504558517598e-06,0
20,factual_entities,"The scientist associated with radium research, Marie", Curie, Cur,2,14,29048,0.9745370370370372,0.9075520833333334,0.8235294117647058,max_feature_activation,2, associated,8, Marie,2, associated,25.772615432739258,0.0,25.772615432739258,1,0,1,amplify_2x,random_norm_matched,1,8,nan,25.772607803344727,0.00012798607349395752,6.575221505045192e-07,0.8494343161582947,0.8477640151977539,-0.0016703009605407715,-0.001968294382095337,1,1,0,-0.16481436789035797,-0.16682158410549164,-0.002007216215133667,-0.08240718394517899,-0.08341079205274582,-0.0010036081075668335,1.747891292325221e-05,0
20,factual_entities,"The scientist associated with radium research, Marie", Curie, Cur,2,14,29048,0.9745370370370372,0.9075520833333334,0.8235294117647058,max_feature_activation,2, associated,8, Marie,2, associated,25.772615432739258,0.0,25.772615432739258,1,0,1,amplify_2x,random_norm_matched,2,8,nan,25.77260971069336,0.00012798607349395752,6.575221505045192e-07,0.8494343161582947,0.846855640411377,-0.0025786757469177246,-0.0030403882265090942,1,1,0,-0.16481436789035797,-0.16783452033996582,-0.003020152449607849,-0.08240718394517899,-0.08391726016998291,-0.0015100762248039246,1.0255520464852452e-05,0
20,factual_entities,"The scientist associated with radium research, Marie", Curie, Cur,2,14,29048,0.9745370370370372,0.9075520833333334,0.8235294117647058,max_feature_activation,2, associated,8, Marie,2, associated,25.772615432739258,0.0,25.772615432739258,1,0,1,amplify_2x,random_norm_matched,3,8,nan,25.772611618041992,0.00012798607349395752,6.575221505045192e-07,0.8494343161582947,0.8492811322212219,-0.0001531839370727539,-0.00018033385276794434,1,1,0,-0.16481436789035797,-0.1649850606918335,-0.0001706928014755249,-0.08240718394517899,-0.08249253034591675,-8.534640073776245e-05,1.5849509509280324e-06,0
20,factual_entities,"The scientist associated with radium research, Marie", Curie, Cur,2,14,29048,0.9745370370370372,0.9075520833333334,0.8235294117647058,max_feature_activation,2, associated,8, Marie,2, associated,25.772615432739258,0.0,25.772615432739258,1,0,1,amplify_2x,random_norm_matched,4,8,nan,25.77260971069336,0.00012798607349395752,6.575221505045192e-07,0.8494343161582947,0.8506545424461365,0.0012202262878417969,0.0014354735612869263,1,1,0,-0.16481436789035797,-0.16337259113788605,0.0014417767524719238,-0.08240718394517899,-0.08168629556894302,0.0007208883762359619,3.226283297408372e-06,0
20,factual_entities,"The scientist associated with radium research, Marie", Curie, Cur,2,14,29048,0.9745370370370372,0.9075520833333334,0.8235294117647058,max_feature_activation,2, associated,8, Marie,2, associated,25.772615432739258,0.0,25.772615432739258,1,0,1,amplify_2x,random_norm_matched,5,8,nan,25.772611618041992,0.00012798607349395752,6.575221505045192e-07,0.8494343161582947,0.85096675157547,0.001532435417175293,0.0018024295568466187,1,1,0,-0.16481436789035797,-0.1630096733570099,0.0018046945333480835,-0.08240718394517899,-0.08150483667850494,0.0009023472666740417,1.1182746675331146e-05,0
20,factual_entities,"The scientist associated with radium research, Marie", Curie, Cur,2,14,29048,0.9745370370370372,0.9075520833333334,0.8235294117647058,max_feature_activation,2, associated,8, Marie,2, associated,25.772615432739258,0.0,25.772615432739258,1,0,1,amplify_2x,random_norm_matched,6,8,nan,25.772615432739258,0.00012798607349395752,6.575221505045192e-07,0.8494343161582947,0.8467357158660889,-0.0026986002922058105,-0.0031820088624954224,1,1,0,-0.16481436789035797,-0.16800981760025024,-0.003195449709892273,-0.08240718394517899,-0.08400490880012512,-0.0015977248549461365,9.089140803553164e-06,0
20,factual_entities,"The scientist associated with radium research, Marie", Curie, Cur,2,14,29048,0.9745370370370372,0.9075520833333334,0.8235294117647058,max_feature_activation,2, associated,8, Marie,2, associated,25.772615432739258,0.0,25.772615432739258,1,0,1,amplify_2x,random_norm_matched,7,8,nan,25.77260971069336,0.00012798607349395752,6.575221505045192e-07,0.8494343161582947,0.8517673015594482,0.0023329854011535645,0.002742752432823181,1,1,0,-0.16481436789035797,-0.1620931476354599,0.0027212202548980713,-0.08240718394517899,-0.08104657381772995,0.0013606101274490356,1.0768351785372943e-05,0
21,factual_entities,"The composer of the Fifth Symphony, Ludwig van", Beethoven, Be,2,14,29048,0.9745370370370372,0.9075520833333334,0.8235294117647058,max_feature_activation,2, of,8, van,2, of,17.79547691345215,0.0,17.79547691345215,1,0,1,ablate,sae_feature,-1,8,-17.79547691345215,17.795475006103516,-8.213333785533905e-05,4.463363438844681e-07,0.990538477897644,0.9904616475105286,-7.683038711547852e-05,-7.757730782032013e-05,1,1,0,-0.009593093767762184,-0.009669359773397446,-7.626600563526154e-05,-0.004796546883881092,-0.004834679886698723,-3.813300281763077e-05,4.351823008619249e-07,0
21,factual_entities,"The composer of the Fifth Symphony, Ludwig van", Beethoven, Be,2,14,29048,0.9745370370370372,0.9075520833333334,0.8235294117647058,max_feature_activation,2, of,8, van,2, of,17.79547691345215,0.0,17.79547691345215,1,0,1,ablate,random_norm_matched,0,8,nan,17.795475006103516,-8.213333785533905e-05,4.463363438844681e-07,0.990538477897644,0.9903358221054077,-0.00020265579223632812,-0.00020461436361074448,1,1,0,-0.009593093767762184,-0.009796635247766972,-0.00020354148000478745,-0.004796546883881092,-0.004898317623883486,-0.00010177074000239372,6.67398126097396e-07,0
21,factual_entities,"The composer of the Fifth Symphony, Ludwig van", Beethoven, Be,2,14,29048,0.9745370370370372,0.9075520833333334,0.8235294117647058,max_feature_activation,2, of,8, van,2, of,17.79547691345215,0.0,17.79547691345215,1,0,1,ablate,random_norm_matched,1,8,nan,17.79547691345215,-8.213333785533905e-05,4.463363438844681e-07,0.990538477897644,0.9906851649284363,0.00014668703079223633,0.00014808494597673416,1,1,0,-0.009593093767762184,-0.00944500882178545,0.00014808494597673416,-0.004796546883881092,-0.004722504410892725,7.404247298836708e-05,4.789544618688524e-07,0
21,factual_entities,"The composer of the Fifth Symphony, Ludwig van", Beethoven, Be,2,14,29048,0.9745370370370372,0.9075520833333334,0.8235294117647058,max_feature_activation,2, of,8, van,2, of,17.79547691345215,0.0,17.79547691345215,1,0,1,ablate,random_norm_matched,2,8,nan,17.795475006103516,-8.213333785533905e-05,4.463363438844681e-07,0.990538477897644,0.9906061291694641,6.765127182006836e-05,6.825290620326996e-05,1,1,0,-0.009593093767762184,-0.009523767977952957,6.932578980922699e-05,-0.004796546883881092,-0.004761883988976479,3.4662894904613495e-05,1.3745284377364442e-07,0
21,factual_entities,"The composer of the Fifth Symphony, Ludwig van", Beethoven, Be,2,14,29048,0.9745370370370372,0.9075520833333334,0.8235294117647058,max_feature_activation,2, of,8, van,2, of,17.79547691345215,0.0,17.79547691345215,1,0,1,ablate,random_norm_matched,3,8,nan,17.795475006103516,-8.213333785533905e-05,4.463363438844681e-07,0.990538477897644,0.9904699325561523,-6.854534149169922e-05,-6.919354200363159e-05,1,1,0,-0.009593093767762184,-0.009663717821240425,-7.062405347824097e-05,-0.004796546883881092,-0.0048318589106202126,-3.5312026739120483e-05,1.8670652934815735e-07,0
21,factual_entities,"The composer of the Fifth Symphony, Ludwig van", Beethoven, Be,2,14,29048,0.9745370370370372,0.9075520833333334,0.8235294117647058,max_feature_activation,2, of,8, van,2, of,17.79547691345215,0.0,17.79547691345215,1,0,1,ablate,random_norm_matched,4,8,nan,17.795475006103516,-8.213333785533905e-05,4.463363438844681e-07,0.990538477897644,0.9903860092163086,-0.00015246868133544922,-0.0001539662480354309,1,1,0,-0.009593093767762184,-0.009747060015797615,-0.0001539662480354309,-0.004796546883881092,-0.0048735300078988075,-7.698312401771545e-05,4.322428139857948e-07,0
21,factual_entities,"The composer of the Fifth Symphony, Ludwig van", Beethoven, Be,2,14,29048,0.9745370370370372,0.9075520833333334,0.8235294117647058,max_feature_activation,2, of,8, van,2, of,17.79547691345215,0.0,17.79547691345215,1,0,1,ablate,random_norm_matched,5,8,nan,17.795473098754883,-8.213333785533905e-05,4.463363438844681e-07,0.990538477897644,0.9905446767807007,6.198883056640625e-06,6.2575563788414e-06,1,1,0,-0.009593093767762184,-0.009586836211383343,6.2575563788414e-06,-0.004796546883881092,-0.004793418105691671,3.1287781894207e-06,1.1228877383473446e-07,0
21,factual_entities,"The composer of the Fifth Symphony, Ludwig van", Beethoven, Be,2,14,29048,0.9745370370370372,0.9075520833333334,0.8235294117647058,max_feature_activation,2, of,8, van,2, of,17.79547691345215,0.0,17.79547691345215,1,0,1,ablate,random_norm_matched,6,8,nan,17.795475006103516,-8.213333785533905e-05,4.463363438844681e-07,0.990538477897644,0.9907015562057495,0.00016307830810546875,0.00016461871564388275,1,1,0,-0.009593093767762184,-0.009428475052118301,0.00016461871564388275,-0.004796546883881092,-0.004714237526059151,8.230935782194138e-05,5.411457095760852e-07,0
21,factual_entities,"The composer of the Fifth Symphony, Ludwig van", Beethoven, Be,2,14,29048,0.9745370370370372,0.9075520833333334,0.8235294117647058,max_feature_activation,2, of,8, van,2, of,17.79547691345215,0.0,17.79547691345215,1,0,1,ablate,random_norm_matched,7,8,nan,17.795475006103516,-8.213333785533905e-05,4.463363438844681e-07,0.990538477897644,0.9907824397087097,0.00024396181106567383,0.0002462295815348625,1,1,0,-0.009593093767762184,-0.009345433674752712,0.0002476600930094719,-0.004796546883881092,-0.004672716837376356,0.00012383004650473595,1.082433300325647e-06,0
21,factual_entities,"The composer of the Fifth Symphony, Ludwig van", Beethoven, Be,2,14,29048,0.9745370370370372,0.9075520833333334,0.8235294117647058,max_feature_activation,2, of,8, van,2, of,17.79547691345215,0.0,17.79547691345215,1,0,1,amplify_2x,sae_feature,-1,8,17.79547691345215,17.795475006103516,-8.213333785533905e-05,4.463363438844681e-07,0.990538477897644,0.990608811378479,7.033348083496094e-05,7.09686428308487e-05,1,1,0,-0.009593093767762184,-0.009523198008537292,6.989575922489166e-05,-0.004796546883881092,-0.004761599004268646,3.494787961244583e-05,3.1831405067350715e-07,0
21,factual_entities,"The composer of the Fifth Symphony, Ludwig van", Beethoven, Be,2,14,29048,0.9745370370370372,0.9075520833333334,0.8235294117647058,max_feature_activation,2, of,8, van,2, of,17.79547691345215,0.0,17.79547691345215,1,0,1,amplify_2x,random_norm_matched,0,8,nan,17.795475006103516,-8.213333785533905e-05,4.463363438844681e-07,0.990538477897644,0.9905853867530823,4.690885543823242e-05,4.7351233661174774e-05,1,1,0,-0.009593093767762184,-0.009547053836286068,4.603993147611618e-05,-0.004796546883881092,-0.004773526918143034,2.301996573805809e-05,1.5446676115971059e-07,0
21,factual_entities,"The composer of the Fifth Symphony, Ludwig van", Beethoven, Be,2,14,29048,0.9745370370370372,0.9075520833333334,0.8235294117647058,max_feature_activation,2, of,8, van,2, of,17.79547691345215,0.0,17.79547691345215,1,0,1,amplify_2x,random_norm_matched,1,8,nan,17.795475006103516,-8.213333785533905e-05,4.463363438844681e-07,0.990538477897644,0.9908000826835632,0.00026160478591918945,0.00026406440883874893,1,1,0,-0.009593093767762184,-0.009327479638159275,0.0002656141296029091,-0.004796546883881092,-0.0046637398190796375,0.00013280706480145454,1.2032360245939344e-06,0
21,factual_entities,"The composer of the Fifth Symphony, Ludwig van", Beethoven, Be,2,14,29048,0.9745370370370372,0.9075520833333334,0.8235294117647058,max_feature_activation,2, of,8, van,2, of,17.79547691345215,0.0,17.79547691345215,1,0,1,amplify_2x,random_norm_matched,2,8,nan,17.795473098754883,-8.213333785533905e-05,4.463363438844681e-07,0.990538477897644,0.9906083345413208,6.985664367675781e-05,7.049646228551865e-05,1,1,0,-0.009593093767762184,-0.009521047584712505,7.20461830496788e-05,-0.004796546883881092,-0.004760523792356253,3.60230915248394e-05,1.9914114091079682e-07,0
21,factual_entities,"The composer of the Fifth Symphony, Ludwig van", Beethoven, Be,2,14,29048,0.9745370370370372,0.9075520833333334,0.8235294117647058,max_feature_activation,2, of,8, van,2, of,17.79547691345215,0.0,17.79547691345215,1,0,1,amplify_2x,random_norm_matched,3,8,nan,17.795475006103516,-8.213333785533905e-05,4.463363438844681e-07,0.990538477897644,0.9904058575630188,-0.00013262033462524414,-0.00013389531522989273,1,1,0,-0.009593093767762184,-0.009726989082992077,-0.00013389531522989273,-0.004796546883881092,-0.0048634945414960384,-6.694765761494637e-05,3.8998769014142454e-07,0
21,factual_entities,"The composer of the Fifth Symphony, Ludwig van", Beethoven, Be,2,14,29048,0.9745370370370372,0.9075520833333334,0.8235294117647058,max_feature_activation,2, of,8, van,2, of,17.79547691345215,0.0,17.79547691345215,1,0,1,amplify_2x,random_norm_matched,4,8,nan,17.79547691345215,-8.213333785533905e-05,4.463363438844681e-07,0.990538477897644,0.9905451536178589,6.67572021484375e-06,6.730668246746063e-06,1,1,0,-0.009593093767762184,-0.009583740495145321,9.35327261686325e-06,-0.004796546883881092,-0.0047918702475726604,4.676636308431625e-06,1.9389153749216348e-07,0
21,factual_entities,"The composer of the Fifth Symphony, Ludwig van", Beethoven, Be,2,14,29048,0.9745370370370372,0.9075520833333334,0.8235294117647058,max_feature_activation,2, of,8, van,2, of,17.79547691345215,0.0,17.79547691345215,1,0,1,amplify_2x,random_norm_matched,5,8,nan,17.795475006103516,-8.213333785533905e-05,4.463363438844681e-07,0.990538477897644,0.990662157535553,0.00012367963790893555,0.0001248195767402649,1,1,0,-0.009593093767762184,-0.00946827419102192,0.0001248195767402649,-0.004796546883881092,-0.00473413709551096,6.240978837013245e-05,3.7540667108260095e-07,0
21,factual_entities,"The composer of the Fifth Symphony, Ludwig van", Beethoven, Be,2,14,29048,0.9745370370370372,0.9075520833333334,0.8235294117647058,max_feature_activation,2, of,8, van,2, of,17.79547691345215,0.0,17.79547691345215,1,0,1,amplify_2x,random_norm_matched,6,8,nan,17.79547691345215,-8.213333785533905e-05,4.463363438844681e-07,0.990538477897644,0.9903535842895508,-0.00018489360809326172,-0.00018666964024305344,1,1,0,-0.009593093767762184,-0.00977869052439928,-0.0001855967566370964,-0.004796546883881092,-0.00488934526219964,-9.27983783185482e-05,6.399131962098181e-07,0
21,factual_entities,"The composer of the Fifth Symphony, Ludwig van", Beethoven, Be,2,14,29048,0.9745370370370372,0.9075520833333334,0.8235294117647058,max_feature_activation,2, of,8, van,2, of,17.79547691345215,0.0,17.79547691345215,1,0,1,amplify_2x,random_norm_matched,7,8,nan,17.795473098754883,-8.213333785533905e-05,4.463363438844681e-07,0.990538477897644,0.990436851978302,-0.00010162591934204102,-0.00010260753333568573,1,1,0,-0.009593093767762184,-0.009696774184703827,-0.00010368041694164276,-0.004796546883881092,-0.0048483870923519135,-5.184020847082138e-05,2.7843998395837843e-07,0
22,factual_entities,"The computer scientist known for the Turing machine, Alan", Turing, Turing,1,14,29048,0.9745370370370372,0.9075520833333334,0.8235294117647058,max_feature_activation,3, known,9, Alan,3, known,14.349193572998047,6.162266254425049,14.349193572998047,1,1,1,ablate,sae_feature,-1,8,-14.349193572998047,14.34919261932373,0.0005559027194976807,1.1230185918975621e-06,0.8428925275802612,0.8459714651107788,0.003078937530517578,0.003646150231361389,1,1,0,-0.17091582715511322,-0.16726967692375183,0.003646150231361389,-0.17091582715511322,-0.16726967692375183,0.003646150231361389,1.1008363799192011e-05,0
22,factual_entities,"The computer scientist known for the Turing machine, Alan", Turing, Turing,1,14,29048,0.9745370370370372,0.9075520833333334,0.8235294117647058,max_feature_activation,3, known,9, Alan,3, known,14.349193572998047,6.162266254425049,14.349193572998047,1,1,1,ablate,random_norm_matched,0,8,nan,14.34919261932373,0.0005559027194976807,1.1230185918975621e-06,0.8428925275802612,0.8452794551849365,0.002386927604675293,0.0028278082609176636,1,1,0,-0.17091582715511322,-0.16808801889419556,0.0028278082609176636,-0.17091582715511322,-0.16808801889419556,0.0028278082609176636,6.759688403690234e-06,0
22,factual_entities,"The computer scientist known for the Turing machine, Alan", Turing, Turing,1,14,29048,0.9745370370370372,0.9075520833333334,0.8235294117647058,max_feature_activation,3, known,9, Alan,3, known,14.349193572998047,6.162266254425049,14.349193572998047,1,1,1,ablate,random_norm_matched,1,8,nan,14.34919261932373,0.0005559027194976807,1.1230185918975621e-06,0.8428925275802612,0.8442258834838867,0.0013333559036254883,0.0015806108713150024,1,1,0,-0.17091582715511322,-0.16933521628379822,0.0015806108713150024,-0.17091582715511322,-0.16933521628379822,0.0015806108713150024,3.480306077108253e-06,0
22,factual_entities,"The computer scientist known for the Turing machine, Alan", Turing, Turing,1,14,29048,0.9745370370370372,0.9075520833333334,0.8235294117647058,max_feature_activation,3, known,9, Alan,3, known,14.349193572998047,6.162266254425049,14.349193572998047,1,1,1,ablate,random_norm_matched,2,8,nan,14.349193572998047,0.0005559027194976807,1.1230185918975621e-06,0.8428925275802612,0.8453865647315979,0.00249403715133667,0.0029545724391937256,1,1,0,-0.17091582715511322,-0.1679612547159195,0.0029545724391937256,-0.17091582715511322,-0.1679612547159195,0.0029545724391937256,6.786969606764615e-06,0
22,factual_entities,"The computer scientist known for the Turing machine, Alan", Turing, Turing,1,14,29048,0.9745370370370372,0.9075520833333334,0.8235294117647058,max_feature_activation,3, known,9, Alan,3, known,14.349193572998047,6.162266254425049,14.349193572998047,1,1,1,ablate,random_norm_matched,3,8,nan,14.34919261932373,0.0005559027194976807,1.1230185918975621e-06,0.8428925275802612,0.8461531400680542,0.0032606124877929688,0.003860875964164734,1,1,0,-0.17091582715511322,-0.1670549511909485,0.003860875964164734,-0.17091582715511322,-0.1670549511909485,0.003860875964164734,1.172970951301977e-05,0
22,factual_entities,"The computer scientist known for the Turing machine, Alan", Turing, Turing,1,14,29048,0.9745370370370372,0.9075520833333334,0.8235294117647058,max_feature_activation,3, known,9, Alan,3, known,14.349193572998047,6.162266254425049,14.349193572998047,1,1,1,ablate,random_norm_matched,4,8,nan,14.34919261932373,0.0005559027194976807,1.1230185918975621e-06,0.8428925275802612,0.8450451493263245,0.0021526217460632324,0.0025506317615509033,1,1,0,-0.17091582715511322,-0.16836519539356232,0.0025506317615509033,-0.17091582715511322,-0.16836519539356232,0.0025506317615509033,5.127327312948182e-06,0
22,factual_entities,"The computer scientist known for the Turing machine, Alan", Turing, Turing,1,14,29048,0.9745370370370372,0.9075520833333334,0.8235294117647058,max_feature_activation,3, known,9, Alan,3, known,14.349193572998047,6.162266254425049,14.349193572998047,1,1,1,ablate,random_norm_matched,5,8,nan,14.34919261932373,0.0005559027194976807,1.1230185918975621e-06,0.8428925275802612,0.8463218212127686,0.0034292936325073242,0.004060208797454834,1,1,0,-0.17091582715511322,-0.1668556183576584,0.004060208797454834,-0.17091582715511322,-0.1668556183576584,0.004060208797454834,1.2943768524564803e-05,0
22,factual_entities,"The computer scientist known for the Turing machine, Alan", Turing, Turing,1,14,29048,0.9745370370370372,0.9075520833333334,0.8235294117647058,max_feature_activation,3, known,9, Alan,3, known,14.349193572998047,6.162266254425049,14.349193572998047,1,1,1,ablate,random_norm_matched,6,8,nan,14.349193572998047,0.0005559027194976807,1.1230185918975621e-06,0.8428925275802612,0.8448915481567383,0.0019990205764770508,0.002368822693824768,1,1,0,-0.17091582715511322,-0.16854700446128845,0.002368822693824768,-0.17091582715511322,-0.16854700446128845,0.002368822693824768,4.339073711889796e-06,0
22,factual_entities,"The computer scientist known for the Turing machine, Alan", Turing, Turing,1,14,29048,0.9745370370370372,0.9075520833333334,0.8235294117647058,max_feature_activation,3, known,9, Alan,3, known,14.349193572998047,6.162266254425049,14.349193572998047,1,1,1,ablate,random_norm_matched,7,8,nan,14.349193572998047,0.0005559027194976807,1.1230185918975621e-06,0.8428925275802612,0.8455525040626526,0.0026599764823913574,0.0031508058309555054,1,1,0,-0.17091582715511322,-0.16776502132415771,0.0031508058309555054,-0.17091582715511322,-0.16776502132415771,0.0031508058309555054,8.170572982635349e-06,0
22,factual_entities,"The computer scientist known for the Turing machine, Alan", Turing, Turing,1,14,29048,0.9745370370370372,0.9075520833333334,0.8235294117647058,max_feature_activation,3, known,9, Alan,3, known,14.349193572998047,6.162266254425049,14.349193572998047,1,1,1,amplify_2x,sae_feature,-1,8,14.349193572998047,14.34919261932373,0.0005559027194976807,1.1230185918975621e-06,0.8428925275802612,0.8460522294044495,0.0031597018241882324,0.003741651773452759,1,1,0,-0.17091582715511322,-0.16717417538166046,0.003741651773452759,-0.17091582715511322,-0.16717417538166046,0.003741651773452759,1.2828353646909818e-05,0
22,factual_entities,"The computer scientist known for the Turing machine, Alan", Turing, Turing,1,14,29048,0.9745370370370372,0.9075520833333334,0.8235294117647058,max_feature_activation,3, known,9, Alan,3, known,14.349193572998047,6.162266254425049,14.349193572998047,1,1,1,amplify_2x,random_norm_matched,0,8,nan,14.34919261932373,0.0005559027194976807,1.1230185918975621e-06,0.8428925275802612,0.8459635376930237,0.003071010112762451,0.003636777400970459,1,1,0,-0.17091582715511322,-0.16727904975414276,0.003636777400970459,-0.17091582715511322,-0.16727904975414276,0.003636777400970459,1.1835432815132663e-05,0
22,factual_entities,"The computer scientist known for the Turing machine, Alan", Turing, Turing,1,14,29048,0.9745370370370372,0.9075520833333334,0.8235294117647058,max_feature_activation,3, known,9, Alan,3, known,14.349193572998047,6.162266254425049,14.349193572998047,1,1,1,amplify_2x,random_norm_matched,1,8,nan,14.34919261932373,0.0005559027194976807,1.1230185918975621e-06,0.8428925275802612,0.8468577861785889,0.003965258598327637,0.0046932995319366455,1,1,0,-0.17091582715511322,-0.16622252762317657,0.0046932995319366455,-0.17091582715511322,-0.16622252762317657,0.0046932995319366455,1.6085730749182403e-05,0
22,factual_entities,"The computer scientist known for the Turing machine, Alan", Turing, Turing,1,14,29048,0.9745370370370372,0.9075520833333334,0.8235294117647058,max_feature_activation,3, known,9, Alan,3, known,14.349193572998047,6.162266254425049,14.349193572998047,1,1,1,amplify_2x,random_norm_matched,2,8,nan,14.349193572998047,0.0005559027194976807,1.1230185918975621e-06,0.8428925275802612,0.8459203243255615,0.003027796745300293,0.0035857409238815308,1,1,0,-0.17091582715511322,-0.1673300862312317,0.0035857409238815308,-0.17091582715511322,-0.1673300862312317,0.0035857409238815308,1.125416747527197e-05,0
22,factual_entities,"The computer scientist known for the Turing machine, Alan", Turing, Turing,1,14,29048,0.9745370370370372,0.9075520833333334,0.8235294117647058,max_feature_activation,3, known,9, Alan,3, known,14.349193572998047,6.162266254425049,14.349193572998047,1,1,1,amplify_2x,random_norm_matched,3,8,nan,14.34919261932373,0.0005559027194976807,1.1230185918975621e-06,0.8428925275802612,0.8440284729003906,0.0011359453201293945,0.0013467520475387573,1,1,0,-0.17091582715511322,-0.16956907510757446,0.0013467520475387573,-0.17091582715511322,-0.16956907510757446,0.0013467520475387573,3.0645064725831617e-06,0
22,factual_entities,"The computer scientist known for the Turing machine, Alan", Turing, Turing,1,14,29048,0.9745370370370372,0.9075520833333334,0.8235294117647058,max_feature_activation,3, known,9, Alan,3, known,14.349193572998047,6.162266254425049,14.349193572998047,1,1,1,amplify_2x,random_norm_matched,4,8,nan,14.349193572998047,0.0005559027194976807,1.1230185918975621e-06,0.8428925275802612,0.8466113805770874,0.003718852996826172,0.004402294754981995,1,1,0,-0.17091582715511322,-0.16651353240013123,0.004402294754981995,-0.17091582715511322,-0.16651353240013123,0.004402294754981995,1.4335651940200478e-05,0
22,factual_entities,"The computer scientist known for the Turing machine, Alan", Turing, Turing,1,14,29048,0.9745370370370372,0.9075520833333334,0.8235294117647058,max_feature_activation,3, known,9, Alan,3, known,14.349193572998047,6.162266254425049,14.349193572998047,1,1,1,amplify_2x,random_norm_matched,5,8,nan,14.34919261932373,0.0005559027194976807,1.1230185918975621e-06,0.8428925275802612,0.8468289375305176,0.003936409950256348,0.004659280180931091,1,1,0,-0.17091582715511322,-0.16625654697418213,0.004659280180931091,-0.17091582715511322,-0.16625654697418213,0.004659280180931091,1.6070254787337035e-05,0
22,factual_entities,"The computer scientist known for the Turing machine, Alan", Turing, Turing,1,14,29048,0.9745370370370372,0.9075520833333334,0.8235294117647058,max_feature_activation,3, known,9, Alan,3, known,14.349193572998047,6.162266254425049,14.349193572998047,1,1,1,amplify_2x,random_norm_matched,6,8,nan,14.349193572998047,0.0005559027194976807,1.1230185918975621e-06,0.8428925275802612,0.8427067399024963,-0.00018578767776489258,-0.00022043287754058838,1,1,0,-0.17091582715511322,-0.1711362600326538,-0.00022043287754058838,-0.17091582715511322,-0.1711362600326538,-0.00022043287754058838,6.723221304127946e-07,0
22,factual_entities,"The computer scientist known for the Turing machine, Alan", Turing, Turing,1,14,29048,0.9745370370370372,0.9075520833333334,0.8235294117647058,max_feature_activation,3, known,9, Alan,3, known,14.349193572998047,6.162266254425049,14.349193572998047,1,1,1,amplify_2x,random_norm_matched,7,8,nan,14.34919261932373,0.0005559027194976807,1.1230185918975621e-06,0.8428925275802612,0.8442453145980835,0.0013527870178222656,0.001603648066520691,1,1,0,-0.17091582715511322,-0.16931217908859253,0.001603648066520691,-0.17091582715511322,-0.16931217908859253,0.001603648066520691,3.2029311114456505e-06,0
23,factual_entities,"The Japanese city famous for many historic temples,", Kyoto, Kyoto,1,14,29048,0.9745370370370372,0.9075520833333334,0.8235294117647058,max_feature_activation,3, famous,8,",",3, famous,10.157041549682617,0.0,10.157041549682617,1,0,1,ablate,sae_feature,-1,8,-10.157041549682617,10.1570405960083,-0.00013446807861328125,3.1897216103971004e-06,0.0027941158041357994,0.0026932319160550833,-0.00010088388808071613,-0.036773681640625,37,38,1,-5.880239486694336,-5.917013168334961,-0.036773681640625,-5.880239486694336,-5.917013168334961,-0.036773681640625,3.6563025787472725e-05,0
23,factual_entities,"The Japanese city famous for many historic temples,", Kyoto, Kyoto,1,14,29048,0.9745370370370372,0.9075520833333334,0.8235294117647058,max_feature_activation,3, famous,8,",",3, famous,10.157041549682617,0.0,10.157041549682617,1,0,1,ablate,random_norm_matched,0,8,nan,10.1570405960083,-0.00013446807861328125,3.1897216103971004e-06,0.0027941158041357994,0.0028518137987703085,5.7697994634509087e-05,0.02043914794921875,37,35,-2,-5.880239486694336,-5.859800338745117,0.02043914794921875,-5.880239486694336,-5.859800338745117,0.02043914794921875,1.9805986084975302e-05,0
23,factual_entities,"The Japanese city famous for many historic temples,", Kyoto, Kyoto,1,14,29048,0.9745370370370372,0.9075520833333334,0.8235294117647058,max_feature_activation,3, famous,8,",",3, famous,10.157041549682617,0.0,10.157041549682617,1,0,1,ablate,random_norm_matched,1,8,nan,10.1570405960083,-0.00013446807861328125,3.1897216103971004e-06,0.0027941158041357994,0.0026914142072200775,-0.0001027015969157219,-0.037448883056640625,37,38,1,-5.880239486694336,-5.917688369750977,-0.037448883056640625,-5.880239486694336,-5.917688369750977,-0.037448883056640625,2.1582061890512705e-05,0
23,factual_entities,"The Japanese city famous for many historic temples,", Kyoto, Kyoto,1,14,29048,0.9745370370370372,0.9075520833333334,0.8235294117647058,max_feature_activation,3, famous,8,",",3, famous,10.157041549682617,0.0,10.157041549682617,1,0,1,ablate,random_norm_matched,2,8,nan,10.157041549682617,-0.00013446807861328125,3.1897216103971004e-06,0.0027941158041357994,0.0026498970109969378,-0.00014421879313886166,-0.052994728088378906,37,38,1,-5.880239486694336,-5.933234214782715,-0.052994728088378906,-5.880239486694336,-5.933234214782715,-0.052994728088378906,3.256142372265458e-05,0
23,factual_entities,"The Japanese city famous for many historic temples,", Kyoto, Kyoto,1,14,29048,0.9745370370370372,0.9075520833333334,0.8235294117647058,max_feature_activation,3, famous,8,",",3, famous,10.157041549682617,0.0,10.157041549682617,1,0,1,ablate,random_norm_matched,3,8,nan,10.1570405960083,-0.00013446807861328125,3.1897216103971004e-06,0.0027941158041357994,0.002599306870251894,-0.0001948089338839054,-0.07227087020874023,37,38,1,-5.880239486694336,-5.952510356903076,-0.07227087020874023,-5.880239486694336,-5.952510356903076,-0.07227087020874023,7.508188718929887e-05,0
23,factual_entities,"The Japanese city famous for many historic temples,", Kyoto, Kyoto,1,14,29048,0.9745370370370372,0.9075520833333334,0.8235294117647058,max_feature_activation,3, famous,8,",",3, famous,10.157041549682617,0.0,10.157041549682617,1,0,1,ablate,random_norm_matched,4,8,nan,10.1570405960083,-0.00013446807861328125,3.1897216103971004e-06,0.0027941158041357994,0.002802426926791668,8.31112265586853e-06,0.0029702186584472656,37,36,-1,-5.880239486694336,-5.877269268035889,0.0029702186584472656,-5.880239486694336,-5.877269268035889,0.0029702186584472656,1.1324140359647572e-05,0
23,factual_entities,"The Japanese city famous for many historic temples,", Kyoto, Kyoto,1,14,29048,0.9745370370370372,0.9075520833333334,0.8235294117647058,max_feature_activation,3, famous,8,",",3, famous,10.157041549682617,0.0,10.157041549682617,1,0,1,ablate,random_norm_matched,5,8,nan,10.157039642333984,-0.00013446807861328125,3.1897216103971004e-06,0.0027941158041357994,0.002824186347424984,3.007054328918457e-05,0.010704517364501953,37,35,-2,-5.880239486694336,-5.869534969329834,0.010704517364501953,-5.880239486694336,-5.869534969329834,0.010704517364501953,1.8434260709909722e-05,0
23,factual_entities,"The Japanese city famous for many historic temples,", Kyoto, Kyoto,1,14,29048,0.9745370370370372,0.9075520833333334,0.8235294117647058,max_feature_activation,3, famous,8,",",3, famous,10.157041549682617,0.0,10.157041549682617,1,0,1,ablate,random_norm_matched,6,8,nan,10.1570405960083,-0.00013446807861328125,3.1897216103971004e-06,0.0027941158041357994,0.0028840950690209866,8.997926488518715e-05,0.03169536590576172,37,35,-2,-5.880239486694336,-5.848544120788574,0.03169536590576172,-5.880239486694336,-5.848544120788574,0.03169536590576172,4.312471719458699e-05,0
23,factual_entities,"The Japanese city famous for many historic temples,", Kyoto, Kyoto,1,14,29048,0.9745370370370372,0.9075520833333334,0.8235294117647058,max_feature_activation,3, famous,8,",",3, famous,10.157041549682617,0.0,10.157041549682617,1,0,1,ablate,random_norm_matched,7,8,nan,10.1570405960083,-0.00013446807861328125,3.1897216103971004e-06,0.0027941158041357994,0.002677911426872015,-0.00011620437726378441,-0.04247856140136719,37,38,1,-5.880239486694336,-5.922718048095703,-0.04247856140136719,-5.880239486694336,-5.922718048095703,-0.04247856140136719,4.6959961764514446e-05,0
23,factual_entities,"The Japanese city famous for many historic temples,", Kyoto, Kyoto,1,14,29048,0.9745370370370372,0.9075520833333334,0.8235294117647058,max_feature_activation,3, famous,8,",",3, famous,10.157041549682617,0.0,10.157041549682617,1,0,1,amplify_2x,sae_feature,-1,8,10.157041549682617,10.1570405960083,-0.00013446807861328125,3.1897216103971004e-06,0.0027941158041357994,0.0028945663943886757,0.00010045059025287628,0.03531932830810547,37,35,-2,-5.880239486694336,-5.8449201583862305,0.03531932830810547,-5.880239486694336,-5.8449201583862305,0.03531932830810547,4.4021697249263525e-05,0
23,factual_entities,"The Japanese city famous for many historic temples,", Kyoto, Kyoto,1,14,29048,0.9745370370370372,0.9075520833333334,0.8235294117647058,max_feature_activation,3, famous,8,",",3, famous,10.157041549682617,0.0,10.157041549682617,1,0,1,amplify_2x,random_norm_matched,0,8,nan,10.1570405960083,-0.00013446807861328125,3.1897216103971004e-06,0.0027941158041357994,0.002810969715937972,1.685391180217266e-05,0.0060138702392578125,37,36,-1,-5.880239486694336,-5.874225616455078,0.0060138702392578125,-5.880239486694336,-5.874225616455078,0.0060138702392578125,1.8668448319658637e-05,0
23,factual_entities,"The Japanese city famous for many historic temples,", Kyoto, Kyoto,1,14,29048,0.9745370370370372,0.9075520833333334,0.8235294117647058,max_feature_activation,3, famous,8,",",3, famous,10.157041549682617,0.0,10.157041549682617,1,0,1,amplify_2x,random_norm_matched,1,8,nan,10.1570405960083,-0.00013446807861328125,3.1897216103971004e-06,0.0027941158041357994,0.0028853323310613632,9.121652692556381e-05,0.03212451934814453,37,35,-2,-5.880239486694336,-5.848114967346191,0.03212451934814453,-5.880239486694336,-5.848114967346191,0.03212451934814453,5.39655884495005e-05,0
23,factual_entities,"The Japanese city famous for many historic temples,", Kyoto, Kyoto,1,14,29048,0.9745370370370372,0.9075520833333334,0.8235294117647058,max_feature_activation,3, famous,8,",",3, famous,10.157041549682617,0.0,10.157041549682617,1,0,1,amplify_2x,random_norm_matched,2,8,nan,10.1570405960083,-0.00013446807861328125,3.1897216103971004e-06,0.0027941158041357994,0.002820695051923394,2.6579247787594795e-05,0.009467601776123047,37,36,-1,-5.880239486694336,-5.870771884918213,0.009467601776123047,-5.880239486694336,-5.870771884918213,0.009467601776123047,1.5368361346190795e-05,0
23,factual_entities,"The Japanese city famous for many historic temples,", Kyoto, Kyoto,1,14,29048,0.9745370370370372,0.9075520833333334,0.8235294117647058,max_feature_activation,3, famous,8,",",3, famous,10.157041549682617,0.0,10.157041549682617,1,0,1,amplify_2x,random_norm_matched,3,8,nan,10.1570405960083,-0.00013446807861328125,3.1897216103971004e-06,0.0027941158041357994,0.0028193483594805002,2.5232555344700813e-05,0.008990287780761719,37,36,-1,-5.880239486694336,-5.871249198913574,0.008990287780761719,-5.880239486694336,-5.871249198913574,0.008990287780761719,2.4192893761210144e-05,0
23,factual_entities,"The Japanese city famous for many historic temples,", Kyoto, Kyoto,1,14,29048,0.9745370370370372,0.9075520833333334,0.8235294117647058,max_feature_activation,3, famous,8,",",3, famous,10.157041549682617,0.0,10.157041549682617,1,0,1,amplify_2x,random_norm_matched,4,8,nan,10.1570405960083,-0.00013446807861328125,3.1897216103971004e-06,0.0027941158041357994,0.0027499902062118053,-4.4125597923994064e-05,-0.015918731689453125,37,37,0,-5.880239486694336,-5.896158218383789,-0.015918731689453125,-5.880239486694336,-5.896158218383789,-0.015918731689453125,1.9907442037947476e-05,0
23,factual_entities,"The Japanese city famous for many historic temples,", Kyoto, Kyoto,1,14,29048,0.9745370370370372,0.9075520833333334,0.8235294117647058,max_feature_activation,3, famous,8,",",3, famous,10.157041549682617,0.0,10.157041549682617,1,0,1,amplify_2x,random_norm_matched,5,8,nan,10.1570405960083,-0.00013446807861328125,3.1897216103971004e-06,0.0027941158041357994,0.002734388690441847,-5.972711369395256e-05,-0.02160787582397461,37,37,0,-5.880239486694336,-5.9018473625183105,-0.02160787582397461,-5.880239486694336,-5.9018473625183105,-0.02160787582397461,2.1415005903691053e-05,0
23,factual_entities,"The Japanese city famous for many historic temples,", Kyoto, Kyoto,1,14,29048,0.9745370370370372,0.9075520833333334,0.8235294117647058,max_feature_activation,3, famous,8,",",3, famous,10.157041549682617,0.0,10.157041549682617,1,0,1,amplify_2x,random_norm_matched,6,8,nan,10.1570405960083,-0.00013446807861328125,3.1897216103971004e-06,0.0027941158041357994,0.002705433638766408,-8.868216536939144e-05,-0.03225374221801758,37,38,1,-5.880239486694336,-5.9124932289123535,-0.03225374221801758,-5.880239486694336,-5.9124932289123535,-0.03225374221801758,2.8660433599725366e-05,0
23,factual_entities,"The Japanese city famous for many historic temples,", Kyoto, Kyoto,1,14,29048,0.9745370370370372,0.9075520833333334,0.8235294117647058,max_feature_activation,3, famous,8,",",3, famous,10.157041549682617,0.0,10.157041549682617,1,0,1,amplify_2x,random_norm_matched,7,8,nan,10.157039642333984,-0.00013446807861328125,3.1897216103971004e-06,0.0027941158041357994,0.0028660555835813284,7.193977944552898e-05,0.025421142578125,37,35,-2,-5.880239486694336,-5.854818344116211,0.025421142578125,-5.880239486694336,-5.854818344116211,0.025421142578125,2.2135245671961457e-05,0
24,uncertainty,The evidence is insufficient. The answer is, unknown, unknown,1,14,1384,0.9752604166666667,0.875,0.8571428571428571,max_feature_activation,3, insufficient,7, is,3, insufficient,24.288192749023438,0.0,24.288192749023438,1,0,1,ablate,sae_feature,-1,8,-24.288192749023438,24.288188934326172,-0.0026912689208984375,1.0245697922073305e-05,0.010962734930217266,0.007718218956142664,-0.003244515974074602,-0.3509182929992676,15,17,2,-4.513253211975098,-4.864171504974365,-0.3509182929992676,-4.513253211975098,-4.864171504974365,-0.3509182929992676,0.002166711026802659,0
24,uncertainty,The evidence is insufficient. The answer is, unknown, unknown,1,14,1384,0.9752604166666667,0.875,0.8571428571428571,max_feature_activation,3, insufficient,7, is,3, insufficient,24.288192749023438,0.0,24.288192749023438,1,0,1,ablate,random_norm_matched,0,8,nan,24.288188934326172,-0.0026912689208984375,1.0245697922073305e-05,0.010962734930217266,0.00996857974678278,-0.0009941551834344864,-0.09506416320800781,15,15,0,-4.513253211975098,-4.6083173751831055,-0.09506416320800781,-4.513253211975098,-4.6083173751831055,-0.09506416320800781,0.0002742297074291855,0
24,uncertainty,The evidence is insufficient. The answer is, unknown, unknown,1,14,1384,0.9752604166666667,0.875,0.8571428571428571,max_feature_activation,3, insufficient,7, is,3, insufficient,24.288192749023438,0.0,24.288192749023438,1,0,1,ablate,random_norm_matched,1,8,nan,24.288188934326172,-0.0026912689208984375,1.0245697922073305e-05,0.010962734930217266,0.010783997364342213,-0.0001787375658750534,-0.016438961029052734,15,14,-1,-4.513253211975098,-4.52969217300415,-0.016438961029052734,-4.513253211975098,-4.52969217300415,-0.016438961029052734,0.0004529790603555739,0
24,uncertainty,The evidence is insufficient. The answer is, unknown, unknown,1,14,1384,0.9752604166666667,0.875,0.8571428571428571,max_feature_activation,3, insufficient,7, is,3, insufficient,24.288192749023438,0.0,24.288192749023438,1,0,1,ablate,random_norm_matched,2,8,nan,24.28818702697754,-0.0026912689208984375,1.0245697922073305e-05,0.010962734930217266,0.010098418220877647,-0.0008643167093396187,-0.0821232795715332,15,15,0,-4.513253211975098,-4.595376491546631,-0.0821232795715332,-4.513253211975098,-4.595376491546631,-0.0821232795715332,0.00010287557961419225,0
24,uncertainty,The evidence is insufficient. The answer is, unknown, unknown,1,14,1384,0.9752604166666667,0.875,0.8571428571428571,max_feature_activation,3, insufficient,7, is,3, insufficient,24.288192749023438,0.0,24.288192749023438,1,0,1,ablate,random_norm_matched,3,8,nan,24.288190841674805,-0.0026912689208984375,1.0245697922073305e-05,0.010962734930217266,0.010886823758482933,-7.591117173433304e-05,-0.0069484710693359375,15,14,-1,-4.513253211975098,-4.520201683044434,-0.0069484710693359375,-4.513253211975098,-4.520201683044434,-0.0069484710693359375,0.00039695564191788435,0
24,uncertainty,The evidence is insufficient. The answer is, unknown, unknown,1,14,1384,0.9752604166666667,0.875,0.8571428571428571,max_feature_activation,3, insufficient,7, is,3, insufficient,24.288192749023438,0.0,24.288192749023438,1,0,1,ablate,random_norm_matched,4,8,nan,24.288190841674805,-0.0026912689208984375,1.0245697922073305e-05,0.010962734930217266,0.011919068172574043,0.0009563332423567772,0.08363723754882812,15,14,-1,-4.513253211975098,-4.4296159744262695,0.08363723754882812,-4.513253211975098,-4.4296159744262695,0.08363723754882812,0.00045595571282319725,0
24,uncertainty,The evidence is insufficient. The answer is, unknown, unknown,1,14,1384,0.9752604166666667,0.875,0.8571428571428571,max_feature_activation,3, insufficient,7, is,3, insufficient,24.288192749023438,0.0,24.288192749023438,1,0,1,ablate,random_norm_matched,5,8,nan,24.288188934326172,-0.0026912689208984375,1.0245697922073305e-05,0.010962734930217266,0.01071876846253872,-0.0002439664676785469,-0.022505760192871094,15,15,0,-4.513253211975098,-4.535758972167969,-0.022505760192871094,-4.513253211975098,-4.535758972167969,-0.022505760192871094,0.0002923414867836982,0
24,uncertainty,The evidence is insufficient. The answer is, unknown, unknown,1,14,1384,0.9752604166666667,0.875,0.8571428571428571,max_feature_activation,3, insufficient,7, is,3, insufficient,24.288192749023438,0.0,24.288192749023438,1,0,1,ablate,random_norm_matched,6,8,nan,24.288188934326172,-0.0026912689208984375,1.0245697922073305e-05,0.010962734930217266,0.01152550894767046,0.0005627740174531937,0.05006074905395508,15,14,-1,-4.513253211975098,-4.463192462921143,0.05006074905395508,-4.513253211975098,-4.463192462921143,0.05006074905395508,0.0002685259678401053,0
24,uncertainty,The evidence is insufficient. The answer is, unknown, unknown,1,14,1384,0.9752604166666667,0.875,0.8571428571428571,max_feature_activation,3, insufficient,7, is,3, insufficient,24.288192749023438,0.0,24.288192749023438,1,0,1,ablate,random_norm_matched,7,8,nan,24.288188934326172,-0.0026912689208984375,1.0245697922073305e-05,0.010962734930217266,0.010874900966882706,-8.78339633345604e-05,-0.008044242858886719,15,15,0,-4.513253211975098,-4.521297454833984,-0.008044242858886719,-4.513253211975098,-4.521297454833984,-0.008044242858886719,0.0001800758473109454,0
24,uncertainty,The evidence is insufficient. The answer is, unknown, unknown,1,14,1384,0.9752604166666667,0.875,0.8571428571428571,max_feature_activation,3, insufficient,7, is,3, insufficient,24.288192749023438,0.0,24.288192749023438,1,0,1,amplify_2x,sae_feature,-1,8,24.288192749023438,24.288188934326172,-0.0026912689208984375,1.0245697922073305e-05,0.010962734930217266,0.01517141330987215,0.004208678379654884,0.32491111755371094,15,13,-2,-4.513253211975098,-4.188342094421387,0.32491111755371094,-4.513253211975098,-4.188342094421387,0.32491111755371094,0.0017224752809852362,0
24,uncertainty,The evidence is insufficient. The answer is, unknown, unknown,1,14,1384,0.9752604166666667,0.875,0.8571428571428571,max_feature_activation,3, insufficient,7, is,3, insufficient,24.288192749023438,0.0,24.288192749023438,1,0,1,amplify_2x,random_norm_matched,0,8,nan,24.288188934326172,-0.0026912689208984375,1.0245697922073305e-05,0.010962734930217266,0.01075765024870634,-0.0002050846815109253,-0.018884658813476562,15,15,0,-4.513253211975098,-4.532137870788574,-0.018884658813476562,-4.513253211975098,-4.532137870788574,-0.018884658813476562,0.0002459949755575508,0
24,uncertainty,The evidence is insufficient. The answer is, unknown, unknown,1,14,1384,0.9752604166666667,0.875,0.8571428571428571,max_feature_activation,3, insufficient,7, is,3, insufficient,24.288192749023438,0.0,24.288192749023438,1,0,1,amplify_2x,random_norm_matched,1,8,nan,24.288190841674805,-0.0026912689208984375,1.0245697922073305e-05,0.010962734930217266,0.009921211749315262,-0.0010415231809020042,-0.09982681274414062,15,15,0,-4.513253211975098,-4.613080024719238,-0.09982681274414062,-4.513253211975098,-4.613080024719238,-0.09982681274414062,0.00045030354522168636,0
24,uncertainty,The evidence is insufficient. The answer is, unknown, unknown,1,14,1384,0.9752604166666667,0.875,0.8571428571428571,max_feature_activation,3, insufficient,7, is,3, insufficient,24.288192749023438,0.0,24.288192749023438,1,0,1,amplify_2x,random_norm_matched,2,8,nan,24.288188934326172,-0.0026912689208984375,1.0245697922073305e-05,0.010962734930217266,0.010732952505350113,-0.00022978242486715317,-0.021183013916015625,15,15,0,-4.513253211975098,-4.534436225891113,-0.021183013916015625,-4.513253211975098,-4.534436225891113,-0.021183013916015625,0.00025752512738108635,0
24,uncertainty,The evidence is insufficient. The answer is, unknown, unknown,1,14,1384,0.9752604166666667,0.875,0.8571428571428571,max_feature_activation,3, insufficient,7, is,3, insufficient,24.288192749023438,0.0,24.288192749023438,1,0,1,amplify_2x,random_norm_matched,3,8,nan,24.28818702697754,-0.0026912689208984375,1.0245697922073305e-05,0.010962734930217266,0.011287662200629711,0.00032492727041244507,0.02920818328857422,15,15,0,-4.513253211975098,-4.484045028686523,0.02920818328857422,-4.513253211975098,-4.484045028686523,0.02920818328857422,0.00028573101735673845,0
24,uncertainty,The evidence is insufficient. The answer is, unknown, unknown,1,14,1384,0.9752604166666667,0.875,0.8571428571428571,max_feature_activation,3, insufficient,7, is,3, insufficient,24.288192749023438,0.0,24.288192749023438,1,0,1,amplify_2x,random_norm_matched,4,8,nan,24.288190841674805,-0.0026912689208984375,1.0245697922073305e-05,0.010962734930217266,0.009266656823456287,-0.0016960781067609787,-0.16807937622070312,15,16,1,-4.513253211975098,-4.681332588195801,-0.16807937622070312,-4.513253211975098,-4.681332588195801,-0.16807937622070312,0.0004314596008043736,0
24,uncertainty,The evidence is insufficient. The answer is, unknown, unknown,1,14,1384,0.9752604166666667,0.875,0.8571428571428571,max_feature_activation,3, insufficient,7, is,3, insufficient,24.288192749023438,0.0,24.288192749023438,1,0,1,amplify_2x,random_norm_matched,5,8,nan,24.288188934326172,-0.0026912689208984375,1.0245697922073305e-05,0.010962734930217266,0.011026122607290745,6.33876770734787e-05,0.005764961242675781,15,15,0,-4.513253211975098,-4.507488250732422,0.005764961242675781,-4.513253211975098,-4.507488250732422,0.005764961242675781,0.00025017833104357123,0
24,uncertainty,The evidence is insufficient. The answer is, unknown, unknown,1,14,1384,0.9752604166666667,0.875,0.8571428571428571,max_feature_activation,3, insufficient,7, is,3, insufficient,24.288192749023438,0.0,24.288192749023438,1,0,1,amplify_2x,random_norm_matched,6,8,nan,24.288188934326172,-0.0026912689208984375,1.0245697922073305e-05,0.010962734930217266,0.0104605657979846,-0.000502169132232666,-0.046889305114746094,15,15,0,-4.513253211975098,-4.560142517089844,-0.046889305114746094,-4.513253211975098,-4.560142517089844,-0.046889305114746094,0.0002641090250108391,0
24,uncertainty,The evidence is insufficient. The answer is, unknown, unknown,1,14,1384,0.9752604166666667,0.875,0.8571428571428571,max_feature_activation,3, insufficient,7, is,3, insufficient,24.288192749023438,0.0,24.288192749023438,1,0,1,amplify_2x,random_norm_matched,7,8,nan,24.288188934326172,-0.0026912689208984375,1.0245697922073305e-05,0.010962734930217266,0.00993453897535801,-0.0010281959548592567,-0.09848451614379883,15,15,0,-4.513253211975098,-4.6117377281188965,-0.09848451614379883,-4.513253211975098,-4.6117377281188965,-0.09848451614379883,0.00022710452321916819,0
25,uncertainty,"The passage never states the value, so it is", unknown, unknown,1,14,1384,0.9752604166666667,0.875,0.8571428571428571,max_feature_activation,9, is,9, is,9, is,0.0,0.0,0.0,0,0,0,ablate,sae_feature,-1,8,-0.0,0.0,0.008075237274169922,8.094357326626778e-06,0.01035588514059782,0.01035588514059782,0.0,0.0,12,12,0,-4.570200443267822,-4.570200443267822,0.0,-4.570200443267822,-4.570200443267822,0.0,0.0,0
25,uncertainty,"The passage never states the value, so it is", unknown, unknown,1,14,1384,0.9752604166666667,0.875,0.8571428571428571,max_feature_activation,9, is,9, is,9, is,0.0,0.0,0.0,0,0,0,ablate,random_norm_matched,0,8,nan,0.0,0.008075237274169922,8.094357326626778e-06,0.01035588514059782,0.01035588514059782,0.0,0.0,12,12,0,-4.570200443267822,-4.570200443267822,0.0,-4.570200443267822,-4.570200443267822,0.0,0.0,0
25,uncertainty,"The passage never states the value, so it is", unknown, unknown,1,14,1384,0.9752604166666667,0.875,0.8571428571428571,max_feature_activation,9, is,9, is,9, is,0.0,0.0,0.0,0,0,0,ablate,random_norm_matched,1,8,nan,0.0,0.008075237274169922,8.094357326626778e-06,0.01035588514059782,0.01035588514059782,0.0,0.0,12,12,0,-4.570200443267822,-4.570200443267822,0.0,-4.570200443267822,-4.570200443267822,0.0,0.0,0
25,uncertainty,"The passage never states the value, so it is", unknown, unknown,1,14,1384,0.9752604166666667,0.875,0.8571428571428571,max_feature_activation,9, is,9, is,9, is,0.0,0.0,0.0,0,0,0,ablate,random_norm_matched,2,8,nan,0.0,0.008075237274169922,8.094357326626778e-06,0.01035588514059782,0.01035588514059782,0.0,0.0,12,12,0,-4.570200443267822,-4.570200443267822,0.0,-4.570200443267822,-4.570200443267822,0.0,0.0,0
25,uncertainty,"The passage never states the value, so it is", unknown, unknown,1,14,1384,0.9752604166666667,0.875,0.8571428571428571,max_feature_activation,9, is,9, is,9, is,0.0,0.0,0.0,0,0,0,ablate,random_norm_matched,3,8,nan,0.0,0.008075237274169922,8.094357326626778e-06,0.01035588514059782,0.01035588514059782,0.0,0.0,12,12,0,-4.570200443267822,-4.570200443267822,0.0,-4.570200443267822,-4.570200443267822,0.0,0.0,0
25,uncertainty,"The passage never states the value, so it is", unknown, unknown,1,14,1384,0.9752604166666667,0.875,0.8571428571428571,max_feature_activation,9, is,9, is,9, is,0.0,0.0,0.0,0,0,0,ablate,random_norm_matched,4,8,nan,0.0,0.008075237274169922,8.094357326626778e-06,0.01035588514059782,0.01035588514059782,0.0,0.0,12,12,0,-4.570200443267822,-4.570200443267822,0.0,-4.570200443267822,-4.570200443267822,0.0,0.0,0
25,uncertainty,"The passage never states the value, so it is", unknown, unknown,1,14,1384,0.9752604166666667,0.875,0.8571428571428571,max_feature_activation,9, is,9, is,9, is,0.0,0.0,0.0,0,0,0,ablate,random_norm_matched,5,8,nan,0.0,0.008075237274169922,8.094357326626778e-06,0.01035588514059782,0.01035588514059782,0.0,0.0,12,12,0,-4.570200443267822,-4.570200443267822,0.0,-4.570200443267822,-4.570200443267822,0.0,0.0,0
25,uncertainty,"The passage never states the value, so it is", unknown, unknown,1,14,1384,0.9752604166666667,0.875,0.8571428571428571,max_feature_activation,9, is,9, is,9, is,0.0,0.0,0.0,0,0,0,ablate,random_norm_matched,6,8,nan,0.0,0.008075237274169922,8.094357326626778e-06,0.01035588514059782,0.01035588514059782,0.0,0.0,12,12,0,-4.570200443267822,-4.570200443267822,0.0,-4.570200443267822,-4.570200443267822,0.0,0.0,0
25,uncertainty,"The passage never states the value, so it is", unknown, unknown,1,14,1384,0.9752604166666667,0.875,0.8571428571428571,max_feature_activation,9, is,9, is,9, is,0.0,0.0,0.0,0,0,0,ablate,random_norm_matched,7,8,nan,0.0,0.008075237274169922,8.094357326626778e-06,0.01035588514059782,0.01035588514059782,0.0,0.0,12,12,0,-4.570200443267822,-4.570200443267822,0.0,-4.570200443267822,-4.570200443267822,0.0,0.0,0
25,uncertainty,"The passage never states the value, so it is", unknown, unknown,1,14,1384,0.9752604166666667,0.875,0.8571428571428571,max_feature_activation,9, is,9, is,9, is,0.0,0.0,0.0,0,0,0,amplify_2x,sae_feature,-1,8,0.0,0.0,0.008075237274169922,8.094357326626778e-06,0.01035588514059782,0.01035588514059782,0.0,0.0,12,12,0,-4.570200443267822,-4.570200443267822,0.0,-4.570200443267822,-4.570200443267822,0.0,0.0,0
25,uncertainty,"The passage never states the value, so it is", unknown, unknown,1,14,1384,0.9752604166666667,0.875,0.8571428571428571,max_feature_activation,9, is,9, is,9, is,0.0,0.0,0.0,0,0,0,amplify_2x,random_norm_matched,0,8,nan,0.0,0.008075237274169922,8.094357326626778e-06,0.01035588514059782,0.01035588514059782,0.0,0.0,12,12,0,-4.570200443267822,-4.570200443267822,0.0,-4.570200443267822,-4.570200443267822,0.0,0.0,0
25,uncertainty,"The passage never states the value, so it is", unknown, unknown,1,14,1384,0.9752604166666667,0.875,0.8571428571428571,max_feature_activation,9, is,9, is,9, is,0.0,0.0,0.0,0,0,0,amplify_2x,random_norm_matched,1,8,nan,0.0,0.008075237274169922,8.094357326626778e-06,0.01035588514059782,0.01035588514059782,0.0,0.0,12,12,0,-4.570200443267822,-4.570200443267822,0.0,-4.570200443267822,-4.570200443267822,0.0,0.0,0
25,uncertainty,"The passage never states the value, so it is", unknown, unknown,1,14,1384,0.9752604166666667,0.875,0.8571428571428571,max_feature_activation,9, is,9, is,9, is,0.0,0.0,0.0,0,0,0,amplify_2x,random_norm_matched,2,8,nan,0.0,0.008075237274169922,8.094357326626778e-06,0.01035588514059782,0.01035588514059782,0.0,0.0,12,12,0,-4.570200443267822,-4.570200443267822,0.0,-4.570200443267822,-4.570200443267822,0.0,0.0,0
25,uncertainty,"The passage never states the value, so it is", unknown, unknown,1,14,1384,0.9752604166666667,0.875,0.8571428571428571,max_feature_activation,9, is,9, is,9, is,0.0,0.0,0.0,0,0,0,amplify_2x,random_norm_matched,3,8,nan,0.0,0.008075237274169922,8.094357326626778e-06,0.01035588514059782,0.01035588514059782,0.0,0.0,12,12,0,-4.570200443267822,-4.570200443267822,0.0,-4.570200443267822,-4.570200443267822,0.0,0.0,0
25,uncertainty,"The passage never states the value, so it is", unknown, unknown,1,14,1384,0.9752604166666667,0.875,0.8571428571428571,max_feature_activation,9, is,9, is,9, is,0.0,0.0,0.0,0,0,0,amplify_2x,random_norm_matched,4,8,nan,0.0,0.008075237274169922,8.094357326626778e-06,0.01035588514059782,0.01035588514059782,0.0,0.0,12,12,0,-4.570200443267822,-4.570200443267822,0.0,-4.570200443267822,-4.570200443267822,0.0,0.0,0
25,uncertainty,"The passage never states the value, so it is", unknown, unknown,1,14,1384,0.9752604166666667,0.875,0.8571428571428571,max_feature_activation,9, is,9, is,9, is,0.0,0.0,0.0,0,0,0,amplify_2x,random_norm_matched,5,8,nan,0.0,0.008075237274169922,8.094357326626778e-06,0.01035588514059782,0.01035588514059782,0.0,0.0,12,12,0,-4.570200443267822,-4.570200443267822,0.0,-4.570200443267822,-4.570200443267822,0.0,0.0,0
25,uncertainty,"The passage never states the value, so it is", unknown, unknown,1,14,1384,0.9752604166666667,0.875,0.8571428571428571,max_feature_activation,9, is,9, is,9, is,0.0,0.0,0.0,0,0,0,amplify_2x,random_norm_matched,6,8,nan,0.0,0.008075237274169922,8.094357326626778e-06,0.01035588514059782,0.01035588514059782,0.0,0.0,12,12,0,-4.570200443267822,-4.570200443267822,0.0,-4.570200443267822,-4.570200443267822,0.0,0.0,0
25,uncertainty,"The passage never states the value, so it is", unknown, unknown,1,14,1384,0.9752604166666667,0.875,0.8571428571428571,max_feature_activation,9, is,9, is,9, is,0.0,0.0,0.0,0,0,0,amplify_2x,random_norm_matched,7,8,nan,0.0,0.008075237274169922,8.094357326626778e-06,0.01035588514059782,0.01035588514059782,0.0,0.0,12,12,0,-4.570200443267822,-4.570200443267822,0.0,-4.570200443267822,-4.570200443267822,0.0,0.0,0
26,uncertainty,There is not enough information to determine the result. It remains, uncertain, uncertain,1,14,1384,0.9752604166666667,0.875,0.8571428571428571,max_feature_activation,4, information,11, remains,4, information,18.286617279052734,6.218594074249268,18.286617279052734,1,1,1,ablate,sae_feature,-1,8,-18.286617279052734,18.2866153717041,0.009969234466552734,9.826995665207505e-06,0.09990387409925461,0.09880992025136948,-0.0010939538478851318,-0.011010169982910156,3,3,0,-2.303546905517578,-2.3145570755004883,-0.011010169982910156,-2.303546905517578,-2.3145570755004883,-0.011010169982910156,3.728491719812155e-05,0
26,uncertainty,There is not enough information to determine the result. It remains, uncertain, uncertain,1,14,1384,0.9752604166666667,0.875,0.8571428571428571,max_feature_activation,4, information,11, remains,4, information,18.286617279052734,6.218594074249268,18.286617279052734,1,1,1,ablate,random_norm_matched,0,8,nan,18.2866153717041,0.009969234466552734,9.826995665207505e-06,0.09990387409925461,0.09918641299009323,-0.000717461109161377,-0.007207393646240234,3,3,0,-2.303546905517578,-2.3107542991638184,-0.007207393646240234,-2.303546905517578,-2.3107542991638184,-0.007207393646240234,1.246744068339467e-05,0
26,uncertainty,There is not enough information to determine the result. It remains, uncertain, uncertain,1,14,1384,0.9752604166666667,0.875,0.8571428571428571,max_feature_activation,4, information,11, remains,4, information,18.286617279052734,6.218594074249268,18.286617279052734,1,1,1,ablate,random_norm_matched,1,8,nan,18.2866153717041,0.009969234466552734,9.826995665207505e-06,0.09990387409925461,0.09965075552463531,-0.0002531185746192932,-0.002536773681640625,3,3,0,-2.303546905517578,-2.3060836791992188,-0.002536773681640625,-2.303546905517578,-2.3060836791992188,-0.002536773681640625,2.6083667762577534e-05,0
26,uncertainty,There is not enough information to determine the result. It remains, uncertain, uncertain,1,14,1384,0.9752604166666667,0.875,0.8571428571428571,max_feature_activation,4, information,11, remains,4, information,18.286617279052734,6.218594074249268,18.286617279052734,1,1,1,ablate,random_norm_matched,2,8,nan,18.2866153717041,0.009969234466552734,9.826995665207505e-06,0.09990387409925461,0.10061364620923996,0.0007097721099853516,0.007079601287841797,3,3,0,-2.303546905517578,-2.2964673042297363,0.007079601287841797,-2.303546905517578,-2.2964673042297363,0.007079601287841797,1.8780905520543456e-05,0
26,uncertainty,There is not enough information to determine the result. It remains, uncertain, uncertain,1,14,1384,0.9752604166666667,0.875,0.8571428571428571,max_feature_activation,4, information,11, remains,4, information,18.286617279052734,6.218594074249268,18.286617279052734,1,1,1,ablate,random_norm_matched,3,8,nan,18.28661346435547,0.009969234466552734,9.826995665207505e-06,0.09990387409925461,0.09864555299282074,-0.0012583211064338684,-0.012675285339355469,3,3,0,-2.303546905517578,-2.3162221908569336,-0.012675285339355469,-2.303546905517578,-2.3162221908569336,-0.012675285339355469,1.667875039856881e-05,0
26,uncertainty,There is not enough information to determine the result. It remains, uncertain, uncertain,1,14,1384,0.9752604166666667,0.875,0.8571428571428571,max_feature_activation,4, information,11, remains,4, information,18.286617279052734,6.218594074249268,18.286617279052734,1,1,1,ablate,random_norm_matched,4,8,nan,18.2866153717041,0.009969234466552734,9.826995665207505e-06,0.09990387409925461,0.09830260276794434,-0.0016012713313102722,-0.016157865524291992,3,3,0,-2.303546905517578,-2.31970477104187,-0.016157865524291992,-2.303546905517578,-2.31970477104187,-0.016157865524291992,1.2199619959574193e-05,0
26,uncertainty,There is not enough information to determine the result. It remains, uncertain, uncertain,1,14,1384,0.9752604166666667,0.875,0.8571428571428571,max_feature_activation,4, information,11, remains,4, information,18.286617279052734,6.218594074249268,18.286617279052734,1,1,1,ablate,random_norm_matched,5,8,nan,18.286617279052734,0.009969234466552734,9.826995665207505e-06,0.09990387409925461,0.09792300313711166,-0.0019808709621429443,-0.02002692222595215,3,3,0,-2.303546905517578,-2.3235738277435303,-0.02002692222595215,-2.303546905517578,-2.3235738277435303,-0.02002692222595215,1.7987098544836044e-05,0
26,uncertainty,There is not enough information to determine the result. It remains, uncertain, uncertain,1,14,1384,0.9752604166666667,0.875,0.8571428571428571,max_feature_activation,4, information,11, remains,4, information,18.286617279052734,6.218594074249268,18.286617279052734,1,1,1,ablate,random_norm_matched,6,8,nan,18.2866153717041,0.009969234466552734,9.826995665207505e-06,0.09990387409925461,0.10076864808797836,0.0008647739887237549,0.008618831634521484,3,3,0,-2.303546905517578,-2.2949280738830566,0.008618831634521484,-2.303546905517578,-2.2949280738830566,0.008618831634521484,1.570617314428091e-05,0
26,uncertainty,There is not enough information to determine the result. It remains, uncertain, uncertain,1,14,1384,0.9752604166666667,0.875,0.8571428571428571,max_feature_activation,4, information,11, remains,4, information,18.286617279052734,6.218594074249268,18.286617279052734,1,1,1,ablate,random_norm_matched,7,8,nan,18.2866153717041,0.009969234466552734,9.826995665207505e-06,0.09990387409925461,0.10081127285957336,0.0009073987603187561,0.009041786193847656,3,3,0,-2.303546905517578,-2.2945051193237305,0.009041786193847656,-2.303546905517578,-2.2945051193237305,0.009041786193847656,1.5992089174687862e-05,0
26,uncertainty,There is not enough information to determine the result. It remains, uncertain, uncertain,1,14,1384,0.9752604166666667,0.875,0.8571428571428571,max_feature_activation,4, information,11, remains,4, information,18.286617279052734,6.218594074249268,18.286617279052734,1,1,1,amplify_2x,sae_feature,-1,8,18.286617279052734,18.2866153717041,0.009969234466552734,9.826995665207505e-06,0.09990387409925461,0.0997423529624939,-0.00016152113676071167,-0.0016179084777832031,3,3,0,-2.303546905517578,-2.3051648139953613,-0.0016179084777832031,-2.303546905517578,-2.3051648139953613,-0.0016179084777832031,2.7411733753979206e-05,0
26,uncertainty,There is not enough information to determine the result. It remains, uncertain, uncertain,1,14,1384,0.9752604166666667,0.875,0.8571428571428571,max_feature_activation,4, information,11, remains,4, information,18.286617279052734,6.218594074249268,18.286617279052734,1,1,1,amplify_2x,random_norm_matched,0,8,nan,18.2866153717041,0.009969234466552734,9.826995665207505e-06,0.09990387409925461,0.09998251497745514,7.8640878200531e-05,0.0007867813110351562,3,3,0,-2.303546905517578,-2.302760124206543,0.0007867813110351562,-2.303546905517578,-2.302760124206543,0.0007867813110351562,1.963583054021001e-05,0
26,uncertainty,There is not enough information to determine the result. It remains, uncertain, uncertain,1,14,1384,0.9752604166666667,0.875,0.8571428571428571,max_feature_activation,4, information,11, remains,4, information,18.286617279052734,6.218594074249268,18.286617279052734,1,1,1,amplify_2x,random_norm_matched,1,8,nan,18.2866153717041,0.009969234466552734,9.826995665207505e-06,0.09990387409925461,0.09963828325271606,-0.0002655908465385437,-0.0026617050170898438,3,3,0,-2.303546905517578,-2.306208610534668,-0.0026617050170898438,-2.303546905517578,-2.306208610534668,-0.0026617050170898438,2.7190078981220722e-05,0
26,uncertainty,There is not enough information to determine the result. It remains, uncertain, uncertain,1,14,1384,0.9752604166666667,0.875,0.8571428571428571,max_feature_activation,4, information,11, remains,4, information,18.286617279052734,6.218594074249268,18.286617279052734,1,1,1,amplify_2x,random_norm_matched,2,8,nan,18.2866153717041,0.009969234466552734,9.826995665207505e-06,0.09990387409925461,0.09839405864477158,-0.0015098154544830322,-0.015228033065795898,3,3,0,-2.303546905517578,-2.318774938583374,-0.015228033065795898,-2.303546905517578,-2.318774938583374,-0.015228033065795898,3.0684390367241576e-05,0
26,uncertainty,There is not enough information to determine the result. It remains, uncertain, uncertain,1,14,1384,0.9752604166666667,0.875,0.8571428571428571,max_feature_activation,4, information,11, remains,4, information,18.286617279052734,6.218594074249268,18.286617279052734,1,1,1,amplify_2x,random_norm_matched,3,8,nan,18.2866153717041,0.009969234466552734,9.826995665207505e-06,0.09990387409925461,0.1004401221871376,0.0005362480878829956,0.005353450775146484,3,3,0,-2.303546905517578,-2.2981934547424316,0.005353450775146484,-2.303546905517578,-2.2981934547424316,0.005353450775146484,2.4441571440547705e-05,0
26,uncertainty,There is not enough information to determine the result. It remains, uncertain, uncertain,1,14,1384,0.9752604166666667,0.875,0.8571428571428571,max_feature_activation,4, information,11, remains,4, information,18.286617279052734,6.218594074249268,18.286617279052734,1,1,1,amplify_2x,random_norm_matched,4,8,nan,18.2866153717041,0.009969234466552734,9.826995665207505e-06,0.09990387409925461,0.10102175176143646,0.0011178776621818542,0.011127471923828125,3,3,0,-2.303546905517578,-2.29241943359375,0.011127471923828125,-2.303546905517578,-2.29241943359375,0.011127471923828125,1.8500577425584197e-05,0
26,uncertainty,There is not enough information to determine the result. It remains, uncertain, uncertain,1,14,1384,0.9752604166666667,0.875,0.8571428571428571,max_feature_activation,4, information,11, remains,4, information,18.286617279052734,6.218594074249268,18.286617279052734,1,1,1,amplify_2x,random_norm_matched,5,8,nan,18.2866153717041,0.009969234466552734,9.826995665207505e-06,0.09990387409925461,0.09957785159349442,-0.00032602250576019287,-0.003268718719482422,3,3,0,-2.303546905517578,-2.3068156242370605,-0.003268718719482422,-2.303546905517578,-2.3068156242370605,-0.003268718719482422,1.7661048332229257e-05,0
26,uncertainty,There is not enough information to determine the result. It remains, uncertain, uncertain,1,14,1384,0.9752604166666667,0.875,0.8571428571428571,max_feature_activation,4, information,11, remains,4, information,18.286617279052734,6.218594074249268,18.286617279052734,1,1,1,amplify_2x,random_norm_matched,6,8,nan,18.2866153717041,0.009969234466552734,9.826995665207505e-06,0.09990387409925461,0.10016562789678574,0.00026175379753112793,0.00261688232421875,3,3,0,-2.303546905517578,-2.3009300231933594,0.00261688232421875,-2.303546905517578,-2.3009300231933594,0.00261688232421875,2.950296038761735e-05,0
26,uncertainty,There is not enough information to determine the result. It remains, uncertain, uncertain,1,14,1384,0.9752604166666667,0.875,0.8571428571428571,max_feature_activation,4, information,11, remains,4, information,18.286617279052734,6.218594074249268,18.286617279052734,1,1,1,amplify_2x,random_norm_matched,7,8,nan,18.286617279052734,0.009969234466552734,9.826995665207505e-06,0.09990387409925461,0.10015847533941269,0.00025460124015808105,0.0025453567504882812,3,3,0,-2.303546905517578,-2.30100154876709,0.0025453567504882812,-2.303546905517578,-2.30100154876709,0.0025453567504882812,7.908078259788454e-06,0
27,uncertainty,No reliable conclusion can be drawn; the outcome is, unclear, unclear,1,14,1384,0.9752604166666667,0.875,0.8571428571428571,max_feature_activation,5, drawn,9, is,5, drawn,9.341632843017578,0.0,9.341632843017578,1,0,1,ablate,sae_feature,-1,8,-9.341632843017578,9.341630935668945,0.014400005340576172,4.4174157665111125e-06,0.014831733889877796,0.014602355659008026,-0.00022937823086977005,-0.015586376190185547,13,13,0,-4.210986137390137,-4.226572513580322,-0.015586376190185547,-4.210986137390137,-4.226572513580322,-0.015586376190185547,9.38370794756338e-06,0
27,uncertainty,No reliable conclusion can be drawn; the outcome is, unclear, unclear,1,14,1384,0.9752604166666667,0.875,0.8571428571428571,max_feature_activation,5, drawn,9, is,5, drawn,9.341632843017578,0.0,9.341632843017578,1,0,1,ablate,random_norm_matched,0,8,nan,9.341630935668945,0.014400005340576172,4.4174157665111125e-06,0.014831733889877796,0.014810717664659023,-2.1016225218772888e-05,-0.0014181137084960938,13,13,0,-4.210986137390137,-4.212404251098633,-0.0014181137084960938,-4.210986137390137,-4.212404251098633,-0.0014181137084960938,5.349249477148987e-06,0
27,uncertainty,No reliable conclusion can be drawn; the outcome is, unclear, unclear,1,14,1384,0.9752604166666667,0.875,0.8571428571428571,max_feature_activation,5, drawn,9, is,5, drawn,9.341632843017578,0.0,9.341632843017578,1,0,1,ablate,random_norm_matched,1,8,nan,9.341631889343262,0.014400005340576172,4.4174157665111125e-06,0.014831733889877796,0.014812975190579891,-1.8758699297904968e-05,-0.0012655258178710938,13,13,0,-4.210986137390137,-4.212251663208008,-0.0012655258178710938,-4.210986137390137,-4.212251663208008,-0.0012655258178710938,9.839270205702633e-06,0
27,uncertainty,No reliable conclusion can be drawn; the outcome is, unclear, unclear,1,14,1384,0.9752604166666667,0.875,0.8571428571428571,max_feature_activation,5, drawn,9, is,5, drawn,9.341632843017578,0.0,9.341632843017578,1,0,1,ablate,random_norm_matched,2,8,nan,9.341630935668945,0.014400005340576172,4.4174157665111125e-06,0.014831733889877796,0.014879001304507256,4.726741462945938e-05,0.003181934356689453,13,13,0,-4.210986137390137,-4.207804203033447,0.003181934356689453,-4.210986137390137,-4.207804203033447,0.003181934356689453,7.89637488196604e-06,0
27,uncertainty,No reliable conclusion can be drawn; the outcome is, unclear, unclear,1,14,1384,0.9752604166666667,0.875,0.8571428571428571,max_feature_activation,5, drawn,9, is,5, drawn,9.341632843017578,0.0,9.341632843017578,1,0,1,ablate,random_norm_matched,3,8,nan,9.341629028320312,0.014400005340576172,4.4174157665111125e-06,0.014831733889877796,0.014834723435342312,2.989545464515686e-06,0.00020170211791992188,13,13,0,-4.210986137390137,-4.210784435272217,0.00020170211791992188,-4.210986137390137,-4.210784435272217,0.00020170211791992188,7.931317668408155e-06,0
27,uncertainty,No reliable conclusion can be drawn; the outcome is, unclear, unclear,1,14,1384,0.9752604166666667,0.875,0.8571428571428571,max_feature_activation,5, drawn,9, is,5, drawn,9.341632843017578,0.0,9.341632843017578,1,0,1,ablate,random_norm_matched,4,8,nan,9.341629981994629,0.014400005340576172,4.4174157665111125e-06,0.014831733889877796,0.014598631300032139,-0.00023310258984565735,-0.01584148406982422,13,13,0,-4.210986137390137,-4.226827621459961,-0.01584148406982422,-4.210986137390137,-4.226827621459961,-0.01584148406982422,7.303995516849682e-06,0
27,uncertainty,No reliable conclusion can be drawn; the outcome is, unclear, unclear,1,14,1384,0.9752604166666667,0.875,0.8571428571428571,max_feature_activation,5, drawn,9, is,5, drawn,9.341632843017578,0.0,9.341632843017578,1,0,1,ablate,random_norm_matched,5,8,nan,9.341630935668945,0.014400005340576172,4.4174157665111125e-06,0.014831733889877796,0.01485358364880085,2.184975892305374e-05,0.0014719963073730469,13,13,0,-4.210986137390137,-4.209514141082764,0.0014719963073730469,-4.210986137390137,-4.209514141082764,0.0014719963073730469,5.381094524636865e-06,0
27,uncertainty,No reliable conclusion can be drawn; the outcome is, unclear, unclear,1,14,1384,0.9752604166666667,0.875,0.8571428571428571,max_feature_activation,5, drawn,9, is,5, drawn,9.341632843017578,0.0,9.341632843017578,1,0,1,ablate,random_norm_matched,6,8,nan,9.341630935668945,0.014400005340576172,4.4174157665111125e-06,0.014831733889877796,0.014815361239016056,-1.6372650861740112e-05,-0.0011043548583984375,13,13,0,-4.210986137390137,-4.212090492248535,-0.0011043548583984375,-4.210986137390137,-4.212090492248535,-0.0011043548583984375,2.511887578293681e-05,0
27,uncertainty,No reliable conclusion can be drawn; the outcome is, unclear, unclear,1,14,1384,0.9752604166666667,0.875,0.8571428571428571,max_feature_activation,5, drawn,9, is,5, drawn,9.341632843017578,0.0,9.341632843017578,1,0,1,ablate,random_norm_matched,7,8,nan,9.341630935668945,0.014400005340576172,4.4174157665111125e-06,0.014831733889877796,0.014836502261459827,4.76837158203125e-06,0.00032138824462890625,13,13,0,-4.210986137390137,-4.210664749145508,0.00032138824462890625,-4.210986137390137,-4.210664749145508,0.00032138824462890625,9.943891200236976e-06,0
27,uncertainty,No reliable conclusion can be drawn; the outcome is, unclear, unclear,1,14,1384,0.9752604166666667,0.875,0.8571428571428571,max_feature_activation,5, drawn,9, is,5, drawn,9.341632843017578,0.0,9.341632843017578,1,0,1,amplify_2x,sae_feature,-1,8,9.341632843017578,9.341630935668945,0.014400005340576172,4.4174157665111125e-06,0.014831733889877796,0.015034213662147522,0.0002024797722697258,0.013559341430664062,13,13,0,-4.210986137390137,-4.197426795959473,0.013559341430664062,-4.210986137390137,-4.197426795959473,0.013559341430664062,1.031378997140564e-05,0
27,uncertainty,No reliable conclusion can be drawn; the outcome is, unclear, unclear,1,14,1384,0.9752604166666667,0.875,0.8571428571428571,max_feature_activation,5, drawn,9, is,5, drawn,9.341632843017578,0.0,9.341632843017578,1,0,1,amplify_2x,random_norm_matched,0,8,nan,9.341630935668945,0.014400005340576172,4.4174157665111125e-06,0.014831733889877796,0.014852401800453663,2.06679105758667e-05,0.001392364501953125,13,13,0,-4.210986137390137,-4.209593772888184,0.001392364501953125,-4.210986137390137,-4.209593772888184,0.001392364501953125,1.024577795760706e-05,0
27,uncertainty,No reliable conclusion can be drawn; the outcome is, unclear, unclear,1,14,1384,0.9752604166666667,0.875,0.8571428571428571,max_feature_activation,5, drawn,9, is,5, drawn,9.341632843017578,0.0,9.341632843017578,1,0,1,amplify_2x,random_norm_matched,1,8,nan,9.341631889343262,0.014400005340576172,4.4174157665111125e-06,0.014831733889877796,0.014805340208113194,-2.639368176460266e-05,-0.0017809867858886719,13,13,0,-4.210986137390137,-4.212767124176025,-0.0017809867858886719,-4.210986137390137,-4.212767124176025,-0.0017809867858886719,5.2453106036409736e-06,0
27,uncertainty,No reliable conclusion can be drawn; the outcome is, unclear, unclear,1,14,1384,0.9752604166666667,0.875,0.8571428571428571,max_feature_activation,5, drawn,9, is,5, drawn,9.341632843017578,0.0,9.341632843017578,1,0,1,amplify_2x,random_norm_matched,2,8,nan,9.341630935668945,0.014400005340576172,4.4174157665111125e-06,0.014831733889877796,0.014682662673294544,-0.00014907121658325195,-0.010101795196533203,13,13,0,-4.210986137390137,-4.22108793258667,-0.010101795196533203,-4.210986137390137,-4.22108793258667,-0.010101795196533203,8.687638910487294e-06,0
27,uncertainty,No reliable conclusion can be drawn; the outcome is, unclear, unclear,1,14,1384,0.9752604166666667,0.875,0.8571428571428571,max_feature_activation,5, drawn,9, is,5, drawn,9.341632843017578,0.0,9.341632843017578,1,0,1,amplify_2x,random_norm_matched,3,8,nan,9.341630935668945,0.014400005340576172,4.4174157665111125e-06,0.014831733889877796,0.014859473332762718,2.7739442884922028e-05,0.0018682479858398438,13,13,0,-4.210986137390137,-4.209117889404297,0.0018682479858398438,-4.210986137390137,-4.209117889404297,0.0018682479858398438,8.114850061247125e-06,0
27,uncertainty,No reliable conclusion can be drawn; the outcome is, unclear, unclear,1,14,1384,0.9752604166666667,0.875,0.8571428571428571,max_feature_activation,5, drawn,9, is,5, drawn,9.341632843017578,0.0,9.341632843017578,1,0,1,amplify_2x,random_norm_matched,4,8,nan,9.341630935668945,0.014400005340576172,4.4174157665111125e-06,0.014831733889877796,0.014595973305404186,-0.00023576058447360992,-0.016023635864257812,13,13,0,-4.210986137390137,-4.2270097732543945,-0.016023635864257812,-4.210986137390137,-4.2270097732543945,-0.016023635864257812,5.952628271188587e-06,0
27,uncertainty,No reliable conclusion can be drawn; the outcome is, unclear, unclear,1,14,1384,0.9752604166666667,0.875,0.8571428571428571,max_feature_activation,5, drawn,9, is,5, drawn,9.341632843017578,0.0,9.341632843017578,1,0,1,amplify_2x,random_norm_matched,5,8,nan,9.341630935668945,0.014400005340576172,4.4174157665111125e-06,0.014831733889877796,0.014872952364385128,4.121847450733185e-05,0.0027751922607421875,13,13,0,-4.210986137390137,-4.2082109451293945,0.0027751922607421875,-4.210986137390137,-4.2082109451293945,0.0027751922607421875,7.880960765760392e-06,0
27,uncertainty,No reliable conclusion can be drawn; the outcome is, unclear, unclear,1,14,1384,0.9752604166666667,0.875,0.8571428571428571,max_feature_activation,5, drawn,9, is,5, drawn,9.341632843017578,0.0,9.341632843017578,1,0,1,amplify_2x,random_norm_matched,6,8,nan,9.341630935668945,0.014400005340576172,4.4174157665111125e-06,0.014831733889877796,0.01479799672961235,-3.373716026544571e-05,-0.002277374267578125,13,13,0,-4.210986137390137,-4.213263511657715,-0.002277374267578125,-4.210986137390137,-4.213263511657715,-0.002277374267578125,7.750488293822855e-06,0
27,uncertainty,No reliable conclusion can be drawn; the outcome is, unclear, unclear,1,14,1384,0.9752604166666667,0.875,0.8571428571428571,max_feature_activation,5, drawn,9, is,5, drawn,9.341632843017578,0.0,9.341632843017578,1,0,1,amplify_2x,random_norm_matched,7,8,nan,9.341631889343262,0.014400005340576172,4.4174157665111125e-06,0.014831733889877796,0.014856849797070026,2.5115907192230225e-05,0.0016918182373046875,13,13,0,-4.210986137390137,-4.209294319152832,0.0016918182373046875,-4.210986137390137,-4.209294319152832,0.0016918182373046875,3.9372098399326205e-06,0
