task_id,concept,prompt,target_text,target_first_token,target_token_count,layer,feature_id,feature_train_auroc,feature_test_auroc,feature_test_f1,feature_activation,intervention,condition,control_id,random_control_count,delta_activation,perturbation_l2,execution_context_mean_logprob_drift,execution_context_js_drift,baseline_target_prob,modified_target_prob,target_prob_delta,target_logprob_delta,baseline_target_rank,modified_target_rank,target_rank_delta,baseline_target_sequence_logprob,modified_target_sequence_logprob,target_sequence_logprob_delta,baseline_target_mean_logprob,modified_target_mean_logprob,target_mean_logprob_delta,js_divergence,top1_changed,position_policy,intervention_token_index,intervention_token_text,final_token_index,final_token_text,max_prompt_feature_token_index,max_prompt_feature_token_text,final_token_feature_activation,max_prompt_feature_activation,feature_active_at_intervention,feature_active_at_final_token,feature_active_anywhere
0,positive_sentiment,Sentiment: The meal was wonderful and the staff were kind. Label:, positive, positive,1,14,29229,0.9716435185185186,0.9869791666666669,0.7777777777777778,0.0,ablate,sae_feature,-1,8,-0.0,0.0,0.0282411575317382,8.39379572425969e-06,0.0001807755470508,0.0001807755470508,0.0,0.0,678,678,0,-8.618254661560059,-8.618254661560059,0.0,-8.618254661560059,-8.618254661560059,0.0,0.0,0,final_token,-1,,-1,,-1,,0.0,,0,0,
0,positive_sentiment,Sentiment: The meal was wonderful and the staff were kind. Label:, positive, positive,1,14,29229,0.9716435185185186,0.9869791666666669,0.7777777777777778,0.0,ablate,random_norm_matched,0,8,,0.0,0.0282411575317382,8.39379572425969e-06,0.0001807755470508,0.0001807755470508,0.0,0.0,678,678,0,-8.618254661560059,-8.618254661560059,0.0,-8.618254661560059,-8.618254661560059,0.0,0.0,0,final_token,-1,,-1,,-1,,0.0,,0,0,
0,positive_sentiment,Sentiment: The meal was wonderful and the staff were kind. Label:, positive, positive,1,14,29229,0.9716435185185186,0.9869791666666669,0.7777777777777778,0.0,ablate,random_norm_matched,1,8,,0.0,0.0282411575317382,8.39379572425969e-06,0.0001807755470508,0.0001807755470508,0.0,0.0,678,678,0,-8.618254661560059,-8.618254661560059,0.0,-8.618254661560059,-8.618254661560059,0.0,0.0,0,final_token,-1,,-1,,-1,,0.0,,0,0,
0,positive_sentiment,Sentiment: The meal was wonderful and the staff were kind. Label:, positive, positive,1,14,29229,0.9716435185185186,0.9869791666666669,0.7777777777777778,0.0,ablate,random_norm_matched,2,8,,0.0,0.0282411575317382,8.39379572425969e-06,0.0001807755470508,0.0001807755470508,0.0,0.0,678,678,0,-8.618254661560059,-8.618254661560059,0.0,-8.618254661560059,-8.618254661560059,0.0,0.0,0,final_token,-1,,-1,,-1,,0.0,,0,0,
0,positive_sentiment,Sentiment: The meal was wonderful and the staff were kind. Label:, positive, positive,1,14,29229,0.9716435185185186,0.9869791666666669,0.7777777777777778,0.0,ablate,random_norm_matched,3,8,,0.0,0.0282411575317382,8.39379572425969e-06,0.0001807755470508,0.0001807755470508,0.0,0.0,678,678,0,-8.618254661560059,-8.618254661560059,0.0,-8.618254661560059,-8.618254661560059,0.0,0.0,0,final_token,-1,,-1,,-1,,0.0,,0,0,
0,positive_sentiment,Sentiment: The meal was wonderful and the staff were kind. Label:, positive, positive,1,14,29229,0.9716435185185186,0.9869791666666669,0.7777777777777778,0.0,ablate,random_norm_matched,4,8,,0.0,0.0282411575317382,8.39379572425969e-06,0.0001807755470508,0.0001807755470508,0.0,0.0,678,678,0,-8.618254661560059,-8.618254661560059,0.0,-8.618254661560059,-8.618254661560059,0.0,0.0,0,final_token,-1,,-1,,-1,,0.0,,0,0,
0,positive_sentiment,Sentiment: The meal was wonderful and the staff were kind. Label:, positive, positive,1,14,29229,0.9716435185185186,0.9869791666666669,0.7777777777777778,0.0,ablate,random_norm_matched,5,8,,0.0,0.0282411575317382,8.39379572425969e-06,0.0001807755470508,0.0001807755470508,0.0,0.0,678,678,0,-8.618254661560059,-8.618254661560059,0.0,-8.618254661560059,-8.618254661560059,0.0,0.0,0,final_token,-1,,-1,,-1,,0.0,,0,0,
0,positive_sentiment,Sentiment: The meal was wonderful and the staff were kind. Label:, positive, positive,1,14,29229,0.9716435185185186,0.9869791666666669,0.7777777777777778,0.0,ablate,random_norm_matched,6,8,,0.0,0.0282411575317382,8.39379572425969e-06,0.0001807755470508,0.0001807755470508,0.0,0.0,678,678,0,-8.618254661560059,-8.618254661560059,0.0,-8.618254661560059,-8.618254661560059,0.0,0.0,0,final_token,-1,,-1,,-1,,0.0,,0,0,
0,positive_sentiment,Sentiment: The meal was wonderful and the staff were kind. Label:, positive, positive,1,14,29229,0.9716435185185186,0.9869791666666669,0.7777777777777778,0.0,ablate,random_norm_matched,7,8,,0.0,0.0282411575317382,8.39379572425969e-06,0.0001807755470508,0.0001807755470508,0.0,0.0,678,678,0,-8.618254661560059,-8.618254661560059,0.0,-8.618254661560059,-8.618254661560059,0.0,0.0,0,final_token,-1,,-1,,-1,,0.0,,0,0,
0,positive_sentiment,Sentiment: The meal was wonderful and the staff were kind. Label:, positive, positive,1,14,29229,0.9716435185185186,0.9869791666666669,0.7777777777777778,0.0,amplify_2x,sae_feature,-1,8,0.0,0.0,0.0282411575317382,8.39379572425969e-06,0.0001807755470508,0.0001807755470508,0.0,0.0,678,678,0,-8.618254661560059,-8.618254661560059,0.0,-8.618254661560059,-8.618254661560059,0.0,0.0,0,final_token,-1,,-1,,-1,,0.0,,0,0,
0,positive_sentiment,Sentiment: The meal was wonderful and the staff were kind. Label:, positive, positive,1,14,29229,0.9716435185185186,0.9869791666666669,0.7777777777777778,0.0,amplify_2x,random_norm_matched,0,8,,0.0,0.0282411575317382,8.39379572425969e-06,0.0001807755470508,0.0001807755470508,0.0,0.0,678,678,0,-8.618254661560059,-8.618254661560059,0.0,-8.618254661560059,-8.618254661560059,0.0,0.0,0,final_token,-1,,-1,,-1,,0.0,,0,0,
0,positive_sentiment,Sentiment: The meal was wonderful and the staff were kind. Label:, positive, positive,1,14,29229,0.9716435185185186,0.9869791666666669,0.7777777777777778,0.0,amplify_2x,random_norm_matched,1,8,,0.0,0.0282411575317382,8.39379572425969e-06,0.0001807755470508,0.0001807755470508,0.0,0.0,678,678,0,-8.618254661560059,-8.618254661560059,0.0,-8.618254661560059,-8.618254661560059,0.0,0.0,0,final_token,-1,,-1,,-1,,0.0,,0,0,
0,positive_sentiment,Sentiment: The meal was wonderful and the staff were kind. Label:, positive, positive,1,14,29229,0.9716435185185186,0.9869791666666669,0.7777777777777778,0.0,amplify_2x,random_norm_matched,2,8,,0.0,0.0282411575317382,8.39379572425969e-06,0.0001807755470508,0.0001807755470508,0.0,0.0,678,678,0,-8.618254661560059,-8.618254661560059,0.0,-8.618254661560059,-8.618254661560059,0.0,0.0,0,final_token,-1,,-1,,-1,,0.0,,0,0,
0,positive_sentiment,Sentiment: The meal was wonderful and the staff were kind. Label:, positive, positive,1,14,29229,0.9716435185185186,0.9869791666666669,0.7777777777777778,0.0,amplify_2x,random_norm_matched,3,8,,0.0,0.0282411575317382,8.39379572425969e-06,0.0001807755470508,0.0001807755470508,0.0,0.0,678,678,0,-8.618254661560059,-8.618254661560059,0.0,-8.618254661560059,-8.618254661560059,0.0,0.0,0,final_token,-1,,-1,,-1,,0.0,,0,0,
0,positive_sentiment,Sentiment: The meal was wonderful and the staff were kind. Label:, positive, positive,1,14,29229,0.9716435185185186,0.9869791666666669,0.7777777777777778,0.0,amplify_2x,random_norm_matched,4,8,,0.0,0.0282411575317382,8.39379572425969e-06,0.0001807755470508,0.0001807755470508,0.0,0.0,678,678,0,-8.618254661560059,-8.618254661560059,0.0,-8.618254661560059,-8.618254661560059,0.0,0.0,0,final_token,-1,,-1,,-1,,0.0,,0,0,
0,positive_sentiment,Sentiment: The meal was wonderful and the staff were kind. Label:, positive, positive,1,14,29229,0.9716435185185186,0.9869791666666669,0.7777777777777778,0.0,amplify_2x,random_norm_matched,5,8,,0.0,0.0282411575317382,8.39379572425969e-06,0.0001807755470508,0.0001807755470508,0.0,0.0,678,678,0,-8.618254661560059,-8.618254661560059,0.0,-8.618254661560059,-8.618254661560059,0.0,0.0,0,final_token,-1,,-1,,-1,,0.0,,0,0,
0,positive_sentiment,Sentiment: The meal was wonderful and the staff were kind. Label:, positive, positive,1,14,29229,0.9716435185185186,0.9869791666666669,0.7777777777777778,0.0,amplify_2x,random_norm_matched,6,8,,0.0,0.0282411575317382,8.39379572425969e-06,0.0001807755470508,0.0001807755470508,0.0,0.0,678,678,0,-8.618254661560059,-8.618254661560059,0.0,-8.618254661560059,-8.618254661560059,0.0,0.0,0,final_token,-1,,-1,,-1,,0.0,,0,0,
0,positive_sentiment,Sentiment: The meal was wonderful and the staff were kind. Label:, positive, positive,1,14,29229,0.9716435185185186,0.9869791666666669,0.7777777777777778,0.0,amplify_2x,random_norm_matched,7,8,,0.0,0.0282411575317382,8.39379572425969e-06,0.0001807755470508,0.0001807755470508,0.0,0.0,678,678,0,-8.618254661560059,-8.618254661560059,0.0,-8.618254661560059,-8.618254661560059,0.0,0.0,0,final_token,-1,,-1,,-1,,0.0,,0,0,
1,positive_sentiment,"Sentiment: I loved the thoughtful, beautifully written novel. Label:", positive, positive,1,14,29229,0.9716435185185186,0.9869791666666669,0.7777777777777778,0.0,ablate,sae_feature,-1,8,-0.0,0.0,-0.0009002685546875,6.484980985987932e-06,1.8242340956931e-05,1.8242340956931e-05,0.0,0.0,3273,3273,0,-10.911765098571776,-10.911765098571776,0.0,-10.911765098571776,-10.911765098571776,0.0,0.0,0,final_token,-1,,-1,,-1,,0.0,,0,0,
1,positive_sentiment,"Sentiment: I loved the thoughtful, beautifully written novel. Label:", positive, positive,1,14,29229,0.9716435185185186,0.9869791666666669,0.7777777777777778,0.0,ablate,random_norm_matched,0,8,,0.0,-0.0009002685546875,6.484980985987932e-06,1.8242340956931e-05,1.8242340956931e-05,0.0,0.0,3273,3273,0,-10.911765098571776,-10.911765098571776,0.0,-10.911765098571776,-10.911765098571776,0.0,0.0,0,final_token,-1,,-1,,-1,,0.0,,0,0,
1,positive_sentiment,"Sentiment: I loved the thoughtful, beautifully written novel. Label:", positive, positive,1,14,29229,0.9716435185185186,0.9869791666666669,0.7777777777777778,0.0,ablate,random_norm_matched,1,8,,0.0,-0.0009002685546875,6.484980985987932e-06,1.8242340956931e-05,1.8242340956931e-05,0.0,0.0,3273,3273,0,-10.911765098571776,-10.911765098571776,0.0,-10.911765098571776,-10.911765098571776,0.0,0.0,0,final_token,-1,,-1,,-1,,0.0,,0,0,
1,positive_sentiment,"Sentiment: I loved the thoughtful, beautifully written novel. Label:", positive, positive,1,14,29229,0.9716435185185186,0.9869791666666669,0.7777777777777778,0.0,ablate,random_norm_matched,2,8,,0.0,-0.0009002685546875,6.484980985987932e-06,1.8242340956931e-05,1.8242340956931e-05,0.0,0.0,3273,3273,0,-10.911765098571776,-10.911765098571776,0.0,-10.911765098571776,-10.911765098571776,0.0,0.0,0,final_token,-1,,-1,,-1,,0.0,,0,0,
1,positive_sentiment,"Sentiment: I loved the thoughtful, beautifully written novel. Label:", positive, positive,1,14,29229,0.9716435185185186,0.9869791666666669,0.7777777777777778,0.0,ablate,random_norm_matched,3,8,,0.0,-0.0009002685546875,6.484980985987932e-06,1.8242340956931e-05,1.8242340956931e-05,0.0,0.0,3273,3273,0,-10.911765098571776,-10.911765098571776,0.0,-10.911765098571776,-10.911765098571776,0.0,0.0,0,final_token,-1,,-1,,-1,,0.0,,0,0,
1,positive_sentiment,"Sentiment: I loved the thoughtful, beautifully written novel. Label:", positive, positive,1,14,29229,0.9716435185185186,0.9869791666666669,0.7777777777777778,0.0,ablate,random_norm_matched,4,8,,0.0,-0.0009002685546875,6.484980985987932e-06,1.8242340956931e-05,1.8242340956931e-05,0.0,0.0,3273,3273,0,-10.911765098571776,-10.911765098571776,0.0,-10.911765098571776,-10.911765098571776,0.0,0.0,0,final_token,-1,,-1,,-1,,0.0,,0,0,
1,positive_sentiment,"Sentiment: I loved the thoughtful, beautifully written novel. Label:", positive, positive,1,14,29229,0.9716435185185186,0.9869791666666669,0.7777777777777778,0.0,ablate,random_norm_matched,5,8,,0.0,-0.0009002685546875,6.484980985987932e-06,1.8242340956931e-05,1.8242340956931e-05,0.0,0.0,3273,3273,0,-10.911765098571776,-10.911765098571776,0.0,-10.911765098571776,-10.911765098571776,0.0,0.0,0,final_token,-1,,-1,,-1,,0.0,,0,0,
1,positive_sentiment,"Sentiment: I loved the thoughtful, beautifully written novel. Label:", positive, positive,1,14,29229,0.9716435185185186,0.9869791666666669,0.7777777777777778,0.0,ablate,random_norm_matched,6,8,,0.0,-0.0009002685546875,6.484980985987932e-06,1.8242340956931e-05,1.8242340956931e-05,0.0,0.0,3273,3273,0,-10.911765098571776,-10.911765098571776,0.0,-10.911765098571776,-10.911765098571776,0.0,0.0,0,final_token,-1,,-1,,-1,,0.0,,0,0,
1,positive_sentiment,"Sentiment: I loved the thoughtful, beautifully written novel. Label:", positive, positive,1,14,29229,0.9716435185185186,0.9869791666666669,0.7777777777777778,0.0,ablate,random_norm_matched,7,8,,0.0,-0.0009002685546875,6.484980985987932e-06,1.8242340956931e-05,1.8242340956931e-05,0.0,0.0,3273,3273,0,-10.911765098571776,-10.911765098571776,0.0,-10.911765098571776,-10.911765098571776,0.0,0.0,0,final_token,-1,,-1,,-1,,0.0,,0,0,
1,positive_sentiment,"Sentiment: I loved the thoughtful, beautifully written novel. Label:", positive, positive,1,14,29229,0.9716435185185186,0.9869791666666669,0.7777777777777778,0.0,amplify_2x,sae_feature,-1,8,0.0,0.0,-0.0009002685546875,6.484980985987932e-06,1.8242340956931e-05,1.8242340956931e-05,0.0,0.0,3273,3273,0,-10.911765098571776,-10.911765098571776,0.0,-10.911765098571776,-10.911765098571776,0.0,0.0,0,final_token,-1,,-1,,-1,,0.0,,0,0,
1,positive_sentiment,"Sentiment: I loved the thoughtful, beautifully written novel. Label:", positive, positive,1,14,29229,0.9716435185185186,0.9869791666666669,0.7777777777777778,0.0,amplify_2x,random_norm_matched,0,8,,0.0,-0.0009002685546875,6.484980985987932e-06,1.8242340956931e-05,1.8242340956931e-05,0.0,0.0,3273,3273,0,-10.911765098571776,-10.911765098571776,0.0,-10.911765098571776,-10.911765098571776,0.0,0.0,0,final_token,-1,,-1,,-1,,0.0,,0,0,
1,positive_sentiment,"Sentiment: I loved the thoughtful, beautifully written novel. Label:", positive, positive,1,14,29229,0.9716435185185186,0.9869791666666669,0.7777777777777778,0.0,amplify_2x,random_norm_matched,1,8,,0.0,-0.0009002685546875,6.484980985987932e-06,1.8242340956931e-05,1.8242340956931e-05,0.0,0.0,3273,3273,0,-10.911765098571776,-10.911765098571776,0.0,-10.911765098571776,-10.911765098571776,0.0,0.0,0,final_token,-1,,-1,,-1,,0.0,,0,0,
1,positive_sentiment,"Sentiment: I loved the thoughtful, beautifully written novel. Label:", positive, positive,1,14,29229,0.9716435185185186,0.9869791666666669,0.7777777777777778,0.0,amplify_2x,random_norm_matched,2,8,,0.0,-0.0009002685546875,6.484980985987932e-06,1.8242340956931e-05,1.8242340956931e-05,0.0,0.0,3273,3273,0,-10.911765098571776,-10.911765098571776,0.0,-10.911765098571776,-10.911765098571776,0.0,0.0,0,final_token,-1,,-1,,-1,,0.0,,0,0,
1,positive_sentiment,"Sentiment: I loved the thoughtful, beautifully written novel. Label:", positive, positive,1,14,29229,0.9716435185185186,0.9869791666666669,0.7777777777777778,0.0,amplify_2x,random_norm_matched,3,8,,0.0,-0.0009002685546875,6.484980985987932e-06,1.8242340956931e-05,1.8242340956931e-05,0.0,0.0,3273,3273,0,-10.911765098571776,-10.911765098571776,0.0,-10.911765098571776,-10.911765098571776,0.0,0.0,0,final_token,-1,,-1,,-1,,0.0,,0,0,
1,positive_sentiment,"Sentiment: I loved the thoughtful, beautifully written novel. Label:", positive, positive,1,14,29229,0.9716435185185186,0.9869791666666669,0.7777777777777778,0.0,amplify_2x,random_norm_matched,4,8,,0.0,-0.0009002685546875,6.484980985987932e-06,1.8242340956931e-05,1.8242340956931e-05,0.0,0.0,3273,3273,0,-10.911765098571776,-10.911765098571776,0.0,-10.911765098571776,-10.911765098571776,0.0,0.0,0,final_token,-1,,-1,,-1,,0.0,,0,0,
1,positive_sentiment,"Sentiment: I loved the thoughtful, beautifully written novel. Label:", positive, positive,1,14,29229,0.9716435185185186,0.9869791666666669,0.7777777777777778,0.0,amplify_2x,random_norm_matched,5,8,,0.0,-0.0009002685546875,6.484980985987932e-06,1.8242340956931e-05,1.8242340956931e-05,0.0,0.0,3273,3273,0,-10.911765098571776,-10.911765098571776,0.0,-10.911765098571776,-10.911765098571776,0.0,0.0,0,final_token,-1,,-1,,-1,,0.0,,0,0,
1,positive_sentiment,"Sentiment: I loved the thoughtful, beautifully written novel. Label:", positive, positive,1,14,29229,0.9716435185185186,0.9869791666666669,0.7777777777777778,0.0,amplify_2x,random_norm_matched,6,8,,0.0,-0.0009002685546875,6.484980985987932e-06,1.8242340956931e-05,1.8242340956931e-05,0.0,0.0,3273,3273,0,-10.911765098571776,-10.911765098571776,0.0,-10.911765098571776,-10.911765098571776,0.0,0.0,0,final_token,-1,,-1,,-1,,0.0,,0,0,
1,positive_sentiment,"Sentiment: I loved the thoughtful, beautifully written novel. Label:", positive, positive,1,14,29229,0.9716435185185186,0.9869791666666669,0.7777777777777778,0.0,amplify_2x,random_norm_matched,7,8,,0.0,-0.0009002685546875,6.484980985987932e-06,1.8242340956931e-05,1.8242340956931e-05,0.0,0.0,3273,3273,0,-10.911765098571776,-10.911765098571776,0.0,-10.911765098571776,-10.911765098571776,0.0,0.0,0,final_token,-1,,-1,,-1,,0.0,,0,0,
2,positive_sentiment,Sentiment: The service was fast and extremely helpful. Label:, positive, positive,1,14,29229,0.9716435185185186,0.9869791666666669,0.7777777777777778,0.0,ablate,sae_feature,-1,8,-0.0,0.0,0.0322065353393554,2.2502499632537365e-05,0.0117246005684137,0.0117246005684137,0.0,0.0,12,12,0,-4.446065902709961,-4.446065902709961,0.0,-4.446065902709961,-4.446065902709961,0.0,0.0,0,final_token,-1,,-1,,-1,,0.0,,0,0,
2,positive_sentiment,Sentiment: The service was fast and extremely helpful. Label:, positive, positive,1,14,29229,0.9716435185185186,0.9869791666666669,0.7777777777777778,0.0,ablate,random_norm_matched,0,8,,0.0,0.0322065353393554,2.2502499632537365e-05,0.0117246005684137,0.0117246005684137,0.0,0.0,12,12,0,-4.446065902709961,-4.446065902709961,0.0,-4.446065902709961,-4.446065902709961,0.0,0.0,0,final_token,-1,,-1,,-1,,0.0,,0,0,
2,positive_sentiment,Sentiment: The service was fast and extremely helpful. Label:, positive, positive,1,14,29229,0.9716435185185186,0.9869791666666669,0.7777777777777778,0.0,ablate,random_norm_matched,1,8,,0.0,0.0322065353393554,2.2502499632537365e-05,0.0117246005684137,0.0117246005684137,0.0,0.0,12,12,0,-4.446065902709961,-4.446065902709961,0.0,-4.446065902709961,-4.446065902709961,0.0,0.0,0,final_token,-1,,-1,,-1,,0.0,,0,0,
2,positive_sentiment,Sentiment: The service was fast and extremely helpful. Label:, positive, positive,1,14,29229,0.9716435185185186,0.9869791666666669,0.7777777777777778,0.0,ablate,random_norm_matched,2,8,,0.0,0.0322065353393554,2.2502499632537365e-05,0.0117246005684137,0.0117246005684137,0.0,0.0,12,12,0,-4.446065902709961,-4.446065902709961,0.0,-4.446065902709961,-4.446065902709961,0.0,0.0,0,final_token,-1,,-1,,-1,,0.0,,0,0,
2,positive_sentiment,Sentiment: The service was fast and extremely helpful. Label:, positive, positive,1,14,29229,0.9716435185185186,0.9869791666666669,0.7777777777777778,0.0,ablate,random_norm_matched,3,8,,0.0,0.0322065353393554,2.2502499632537365e-05,0.0117246005684137,0.0117246005684137,0.0,0.0,12,12,0,-4.446065902709961,-4.446065902709961,0.0,-4.446065902709961,-4.446065902709961,0.0,0.0,0,final_token,-1,,-1,,-1,,0.0,,0,0,
2,positive_sentiment,Sentiment: The service was fast and extremely helpful. Label:, positive, positive,1,14,29229,0.9716435185185186,0.9869791666666669,0.7777777777777778,0.0,ablate,random_norm_matched,4,8,,0.0,0.0322065353393554,2.2502499632537365e-05,0.0117246005684137,0.0117246005684137,0.0,0.0,12,12,0,-4.446065902709961,-4.446065902709961,0.0,-4.446065902709961,-4.446065902709961,0.0,0.0,0,final_token,-1,,-1,,-1,,0.0,,0,0,
2,positive_sentiment,Sentiment: The service was fast and extremely helpful. Label:, positive, positive,1,14,29229,0.9716435185185186,0.9869791666666669,0.7777777777777778,0.0,ablate,random_norm_matched,5,8,,0.0,0.0322065353393554,2.2502499632537365e-05,0.0117246005684137,0.0117246005684137,0.0,0.0,12,12,0,-4.446065902709961,-4.446065902709961,0.0,-4.446065902709961,-4.446065902709961,0.0,0.0,0,final_token,-1,,-1,,-1,,0.0,,0,0,
2,positive_sentiment,Sentiment: The service was fast and extremely helpful. Label:, positive, positive,1,14,29229,0.9716435185185186,0.9869791666666669,0.7777777777777778,0.0,ablate,random_norm_matched,6,8,,0.0,0.0322065353393554,2.2502499632537365e-05,0.0117246005684137,0.0117246005684137,0.0,0.0,12,12,0,-4.446065902709961,-4.446065902709961,0.0,-4.446065902709961,-4.446065902709961,0.0,0.0,0,final_token,-1,,-1,,-1,,0.0,,0,0,
2,positive_sentiment,Sentiment: The service was fast and extremely helpful. Label:, positive, positive,1,14,29229,0.9716435185185186,0.9869791666666669,0.7777777777777778,0.0,ablate,random_norm_matched,7,8,,0.0,0.0322065353393554,2.2502499632537365e-05,0.0117246005684137,0.0117246005684137,0.0,0.0,12,12,0,-4.446065902709961,-4.446065902709961,0.0,-4.446065902709961,-4.446065902709961,0.0,0.0,0,final_token,-1,,-1,,-1,,0.0,,0,0,
2,positive_sentiment,Sentiment: The service was fast and extremely helpful. Label:, positive, positive,1,14,29229,0.9716435185185186,0.9869791666666669,0.7777777777777778,0.0,amplify_2x,sae_feature,-1,8,0.0,0.0,0.0322065353393554,2.2502499632537365e-05,0.0117246005684137,0.0117246005684137,0.0,0.0,12,12,0,-4.446065902709961,-4.446065902709961,0.0,-4.446065902709961,-4.446065902709961,0.0,0.0,0,final_token,-1,,-1,,-1,,0.0,,0,0,
2,positive_sentiment,Sentiment: The service was fast and extremely helpful. Label:, positive, positive,1,14,29229,0.9716435185185186,0.9869791666666669,0.7777777777777778,0.0,amplify_2x,random_norm_matched,0,8,,0.0,0.0322065353393554,2.2502499632537365e-05,0.0117246005684137,0.0117246005684137,0.0,0.0,12,12,0,-4.446065902709961,-4.446065902709961,0.0,-4.446065902709961,-4.446065902709961,0.0,0.0,0,final_token,-1,,-1,,-1,,0.0,,0,0,
2,positive_sentiment,Sentiment: The service was fast and extremely helpful. Label:, positive, positive,1,14,29229,0.9716435185185186,0.9869791666666669,0.7777777777777778,0.0,amplify_2x,random_norm_matched,1,8,,0.0,0.0322065353393554,2.2502499632537365e-05,0.0117246005684137,0.0117246005684137,0.0,0.0,12,12,0,-4.446065902709961,-4.446065902709961,0.0,-4.446065902709961,-4.446065902709961,0.0,0.0,0,final_token,-1,,-1,,-1,,0.0,,0,0,
2,positive_sentiment,Sentiment: The service was fast and extremely helpful. Label:, positive, positive,1,14,29229,0.9716435185185186,0.9869791666666669,0.7777777777777778,0.0,amplify_2x,random_norm_matched,2,8,,0.0,0.0322065353393554,2.2502499632537365e-05,0.0117246005684137,0.0117246005684137,0.0,0.0,12,12,0,-4.446065902709961,-4.446065902709961,0.0,-4.446065902709961,-4.446065902709961,0.0,0.0,0,final_token,-1,,-1,,-1,,0.0,,0,0,
2,positive_sentiment,Sentiment: The service was fast and extremely helpful. Label:, positive, positive,1,14,29229,0.9716435185185186,0.9869791666666669,0.7777777777777778,0.0,amplify_2x,random_norm_matched,3,8,,0.0,0.0322065353393554,2.2502499632537365e-05,0.0117246005684137,0.0117246005684137,0.0,0.0,12,12,0,-4.446065902709961,-4.446065902709961,0.0,-4.446065902709961,-4.446065902709961,0.0,0.0,0,final_token,-1,,-1,,-1,,0.0,,0,0,
2,positive_sentiment,Sentiment: The service was fast and extremely helpful. Label:, positive, positive,1,14,29229,0.9716435185185186,0.9869791666666669,0.7777777777777778,0.0,amplify_2x,random_norm_matched,4,8,,0.0,0.0322065353393554,2.2502499632537365e-05,0.0117246005684137,0.0117246005684137,0.0,0.0,12,12,0,-4.446065902709961,-4.446065902709961,0.0,-4.446065902709961,-4.446065902709961,0.0,0.0,0,final_token,-1,,-1,,-1,,0.0,,0,0,
2,positive_sentiment,Sentiment: The service was fast and extremely helpful. Label:, positive, positive,1,14,29229,0.9716435185185186,0.9869791666666669,0.7777777777777778,0.0,amplify_2x,random_norm_matched,5,8,,0.0,0.0322065353393554,2.2502499632537365e-05,0.0117246005684137,0.0117246005684137,0.0,0.0,12,12,0,-4.446065902709961,-4.446065902709961,0.0,-4.446065902709961,-4.446065902709961,0.0,0.0,0,final_token,-1,,-1,,-1,,0.0,,0,0,
2,positive_sentiment,Sentiment: The service was fast and extremely helpful. Label:, positive, positive,1,14,29229,0.9716435185185186,0.9869791666666669,0.7777777777777778,0.0,amplify_2x,random_norm_matched,6,8,,0.0,0.0322065353393554,2.2502499632537365e-05,0.0117246005684137,0.0117246005684137,0.0,0.0,12,12,0,-4.446065902709961,-4.446065902709961,0.0,-4.446065902709961,-4.446065902709961,0.0,0.0,0,final_token,-1,,-1,,-1,,0.0,,0,0,
2,positive_sentiment,Sentiment: The service was fast and extremely helpful. Label:, positive, positive,1,14,29229,0.9716435185185186,0.9869791666666669,0.7777777777777778,0.0,amplify_2x,random_norm_matched,7,8,,0.0,0.0322065353393554,2.2502499632537365e-05,0.0117246005684137,0.0117246005684137,0.0,0.0,12,12,0,-4.446065902709961,-4.446065902709961,0.0,-4.446065902709961,-4.446065902709961,0.0,0.0,0,final_token,-1,,-1,,-1,,0.0,,0,0,
3,positive_sentiment,Sentiment: The journey was comfortable and enjoyable. Label:, positive, positive,1,14,29229,0.9716435185185186,0.9869791666666669,0.7777777777777778,0.0,ablate,sae_feature,-1,8,-0.0,0.0,-0.0498385429382324,1.0810625099111348e-05,0.0005935031804256,0.0005935031804256,0.0,0.0,199,199,0,-7.429468154907227,-7.429468154907227,0.0,-7.429468154907227,-7.429468154907227,0.0,0.0,0,final_token,-1,,-1,,-1,,0.0,,0,0,
3,positive_sentiment,Sentiment: The journey was comfortable and enjoyable. Label:, positive, positive,1,14,29229,0.9716435185185186,0.9869791666666669,0.7777777777777778,0.0,ablate,random_norm_matched,0,8,,0.0,-0.0498385429382324,1.0810625099111348e-05,0.0005935031804256,0.0005935031804256,0.0,0.0,199,199,0,-7.429468154907227,-7.429468154907227,0.0,-7.429468154907227,-7.429468154907227,0.0,0.0,0,final_token,-1,,-1,,-1,,0.0,,0,0,
3,positive_sentiment,Sentiment: The journey was comfortable and enjoyable. Label:, positive, positive,1,14,29229,0.9716435185185186,0.9869791666666669,0.7777777777777778,0.0,ablate,random_norm_matched,1,8,,0.0,-0.0498385429382324,1.0810625099111348e-05,0.0005935031804256,0.0005935031804256,0.0,0.0,199,199,0,-7.429468154907227,-7.429468154907227,0.0,-7.429468154907227,-7.429468154907227,0.0,0.0,0,final_token,-1,,-1,,-1,,0.0,,0,0,
3,positive_sentiment,Sentiment: The journey was comfortable and enjoyable. Label:, positive, positive,1,14,29229,0.9716435185185186,0.9869791666666669,0.7777777777777778,0.0,ablate,random_norm_matched,2,8,,0.0,-0.0498385429382324,1.0810625099111348e-05,0.0005935031804256,0.0005935031804256,0.0,0.0,199,199,0,-7.429468154907227,-7.429468154907227,0.0,-7.429468154907227,-7.429468154907227,0.0,0.0,0,final_token,-1,,-1,,-1,,0.0,,0,0,
3,positive_sentiment,Sentiment: The journey was comfortable and enjoyable. Label:, positive, positive,1,14,29229,0.9716435185185186,0.9869791666666669,0.7777777777777778,0.0,ablate,random_norm_matched,3,8,,0.0,-0.0498385429382324,1.0810625099111348e-05,0.0005935031804256,0.0005935031804256,0.0,0.0,199,199,0,-7.429468154907227,-7.429468154907227,0.0,-7.429468154907227,-7.429468154907227,0.0,0.0,0,final_token,-1,,-1,,-1,,0.0,,0,0,
3,positive_sentiment,Sentiment: The journey was comfortable and enjoyable. Label:, positive, positive,1,14,29229,0.9716435185185186,0.9869791666666669,0.7777777777777778,0.0,ablate,random_norm_matched,4,8,,0.0,-0.0498385429382324,1.0810625099111348e-05,0.0005935031804256,0.0005935031804256,0.0,0.0,199,199,0,-7.429468154907227,-7.429468154907227,0.0,-7.429468154907227,-7.429468154907227,0.0,0.0,0,final_token,-1,,-1,,-1,,0.0,,0,0,
3,positive_sentiment,Sentiment: The journey was comfortable and enjoyable. Label:, positive, positive,1,14,29229,0.9716435185185186,0.9869791666666669,0.7777777777777778,0.0,ablate,random_norm_matched,5,8,,0.0,-0.0498385429382324,1.0810625099111348e-05,0.0005935031804256,0.0005935031804256,0.0,0.0,199,199,0,-7.429468154907227,-7.429468154907227,0.0,-7.429468154907227,-7.429468154907227,0.0,0.0,0,final_token,-1,,-1,,-1,,0.0,,0,0,
3,positive_sentiment,Sentiment: The journey was comfortable and enjoyable. Label:, positive, positive,1,14,29229,0.9716435185185186,0.9869791666666669,0.7777777777777778,0.0,ablate,random_norm_matched,6,8,,0.0,-0.0498385429382324,1.0810625099111348e-05,0.0005935031804256,0.0005935031804256,0.0,0.0,199,199,0,-7.429468154907227,-7.429468154907227,0.0,-7.429468154907227,-7.429468154907227,0.0,0.0,0,final_token,-1,,-1,,-1,,0.0,,0,0,
3,positive_sentiment,Sentiment: The journey was comfortable and enjoyable. Label:, positive, positive,1,14,29229,0.9716435185185186,0.9869791666666669,0.7777777777777778,0.0,ablate,random_norm_matched,7,8,,0.0,-0.0498385429382324,1.0810625099111348e-05,0.0005935031804256,0.0005935031804256,0.0,0.0,199,199,0,-7.429468154907227,-7.429468154907227,0.0,-7.429468154907227,-7.429468154907227,0.0,0.0,0,final_token,-1,,-1,,-1,,0.0,,0,0,
3,positive_sentiment,Sentiment: The journey was comfortable and enjoyable. Label:, positive, positive,1,14,29229,0.9716435185185186,0.9869791666666669,0.7777777777777778,0.0,amplify_2x,sae_feature,-1,8,0.0,0.0,-0.0498385429382324,1.0810625099111348e-05,0.0005935031804256,0.0005935031804256,0.0,0.0,199,199,0,-7.429468154907227,-7.429468154907227,0.0,-7.429468154907227,-7.429468154907227,0.0,0.0,0,final_token,-1,,-1,,-1,,0.0,,0,0,
3,positive_sentiment,Sentiment: The journey was comfortable and enjoyable. Label:, positive, positive,1,14,29229,0.9716435185185186,0.9869791666666669,0.7777777777777778,0.0,amplify_2x,random_norm_matched,0,8,,0.0,-0.0498385429382324,1.0810625099111348e-05,0.0005935031804256,0.0005935031804256,0.0,0.0,199,199,0,-7.429468154907227,-7.429468154907227,0.0,-7.429468154907227,-7.429468154907227,0.0,0.0,0,final_token,-1,,-1,,-1,,0.0,,0,0,
3,positive_sentiment,Sentiment: The journey was comfortable and enjoyable. Label:, positive, positive,1,14,29229,0.9716435185185186,0.9869791666666669,0.7777777777777778,0.0,amplify_2x,random_norm_matched,1,8,,0.0,-0.0498385429382324,1.0810625099111348e-05,0.0005935031804256,0.0005935031804256,0.0,0.0,199,199,0,-7.429468154907227,-7.429468154907227,0.0,-7.429468154907227,-7.429468154907227,0.0,0.0,0,final_token,-1,,-1,,-1,,0.0,,0,0,
3,positive_sentiment,Sentiment: The journey was comfortable and enjoyable. Label:, positive, positive,1,14,29229,0.9716435185185186,0.9869791666666669,0.7777777777777778,0.0,amplify_2x,random_norm_matched,2,8,,0.0,-0.0498385429382324,1.0810625099111348e-05,0.0005935031804256,0.0005935031804256,0.0,0.0,199,199,0,-7.429468154907227,-7.429468154907227,0.0,-7.429468154907227,-7.429468154907227,0.0,0.0,0,final_token,-1,,-1,,-1,,0.0,,0,0,
3,positive_sentiment,Sentiment: The journey was comfortable and enjoyable. Label:, positive, positive,1,14,29229,0.9716435185185186,0.9869791666666669,0.7777777777777778,0.0,amplify_2x,random_norm_matched,3,8,,0.0,-0.0498385429382324,1.0810625099111348e-05,0.0005935031804256,0.0005935031804256,0.0,0.0,199,199,0,-7.429468154907227,-7.429468154907227,0.0,-7.429468154907227,-7.429468154907227,0.0,0.0,0,final_token,-1,,-1,,-1,,0.0,,0,0,
3,positive_sentiment,Sentiment: The journey was comfortable and enjoyable. Label:, positive, positive,1,14,29229,0.9716435185185186,0.9869791666666669,0.7777777777777778,0.0,amplify_2x,random_norm_matched,4,8,,0.0,-0.0498385429382324,1.0810625099111348e-05,0.0005935031804256,0.0005935031804256,0.0,0.0,199,199,0,-7.429468154907227,-7.429468154907227,0.0,-7.429468154907227,-7.429468154907227,0.0,0.0,0,final_token,-1,,-1,,-1,,0.0,,0,0,
3,positive_sentiment,Sentiment: The journey was comfortable and enjoyable. Label:, positive, positive,1,14,29229,0.9716435185185186,0.9869791666666669,0.7777777777777778,0.0,amplify_2x,random_norm_matched,5,8,,0.0,-0.0498385429382324,1.0810625099111348e-05,0.0005935031804256,0.0005935031804256,0.0,0.0,199,199,0,-7.429468154907227,-7.429468154907227,0.0,-7.429468154907227,-7.429468154907227,0.0,0.0,0,final_token,-1,,-1,,-1,,0.0,,0,0,
3,positive_sentiment,Sentiment: The journey was comfortable and enjoyable. Label:, positive, positive,1,14,29229,0.9716435185185186,0.9869791666666669,0.7777777777777778,0.0,amplify_2x,random_norm_matched,6,8,,0.0,-0.0498385429382324,1.0810625099111348e-05,0.0005935031804256,0.0005935031804256,0.0,0.0,199,199,0,-7.429468154907227,-7.429468154907227,0.0,-7.429468154907227,-7.429468154907227,0.0,0.0,0,final_token,-1,,-1,,-1,,0.0,,0,0,
3,positive_sentiment,Sentiment: The journey was comfortable and enjoyable. Label:, positive, positive,1,14,29229,0.9716435185185186,0.9869791666666669,0.7777777777777778,0.0,amplify_2x,random_norm_matched,7,8,,0.0,-0.0498385429382324,1.0810625099111348e-05,0.0005935031804256,0.0005935031804256,0.0,0.0,199,199,0,-7.429468154907227,-7.429468154907227,0.0,-7.429468154907227,-7.429468154907227,0.0,0.0,0,final_token,-1,,-1,,-1,,0.0,,0,0,
4,negative_sentiment,Sentiment: The meal was awful and the staff were rude. Label:, negative, negative,1,14,14651,0.9971064814814816,1.0,0.9411764705882352,0.0,ablate,sae_feature,-1,8,-0.0,0.0,-0.0169570446014404,3.413399099372327e-05,0.0856963396072387,0.0856963396072387,0.0,0.0,1,1,0,-2.4569451808929443,-2.4569451808929443,0.0,-2.4569451808929443,-2.4569451808929443,0.0,0.0,0,final_token,-1,,-1,,-1,,0.0,,0,0,
4,negative_sentiment,Sentiment: The meal was awful and the staff were rude. Label:, negative, negative,1,14,14651,0.9971064814814816,1.0,0.9411764705882352,0.0,ablate,random_norm_matched,0,8,,0.0,-0.0169570446014404,3.413399099372327e-05,0.0856963396072387,0.0856963396072387,0.0,0.0,1,1,0,-2.4569451808929443,-2.4569451808929443,0.0,-2.4569451808929443,-2.4569451808929443,0.0,0.0,0,final_token,-1,,-1,,-1,,0.0,,0,0,
4,negative_sentiment,Sentiment: The meal was awful and the staff were rude. Label:, negative, negative,1,14,14651,0.9971064814814816,1.0,0.9411764705882352,0.0,ablate,random_norm_matched,1,8,,0.0,-0.0169570446014404,3.413399099372327e-05,0.0856963396072387,0.0856963396072387,0.0,0.0,1,1,0,-2.4569451808929443,-2.4569451808929443,0.0,-2.4569451808929443,-2.4569451808929443,0.0,0.0,0,final_token,-1,,-1,,-1,,0.0,,0,0,
4,negative_sentiment,Sentiment: The meal was awful and the staff were rude. Label:, negative, negative,1,14,14651,0.9971064814814816,1.0,0.9411764705882352,0.0,ablate,random_norm_matched,2,8,,0.0,-0.0169570446014404,3.413399099372327e-05,0.0856963396072387,0.0856963396072387,0.0,0.0,1,1,0,-2.4569451808929443,-2.4569451808929443,0.0,-2.4569451808929443,-2.4569451808929443,0.0,0.0,0,final_token,-1,,-1,,-1,,0.0,,0,0,
4,negative_sentiment,Sentiment: The meal was awful and the staff were rude. Label:, negative, negative,1,14,14651,0.9971064814814816,1.0,0.9411764705882352,0.0,ablate,random_norm_matched,3,8,,0.0,-0.0169570446014404,3.413399099372327e-05,0.0856963396072387,0.0856963396072387,0.0,0.0,1,1,0,-2.4569451808929443,-2.4569451808929443,0.0,-2.4569451808929443,-2.4569451808929443,0.0,0.0,0,final_token,-1,,-1,,-1,,0.0,,0,0,
4,negative_sentiment,Sentiment: The meal was awful and the staff were rude. Label:, negative, negative,1,14,14651,0.9971064814814816,1.0,0.9411764705882352,0.0,ablate,random_norm_matched,4,8,,0.0,-0.0169570446014404,3.413399099372327e-05,0.0856963396072387,0.0856963396072387,0.0,0.0,1,1,0,-2.4569451808929443,-2.4569451808929443,0.0,-2.4569451808929443,-2.4569451808929443,0.0,0.0,0,final_token,-1,,-1,,-1,,0.0,,0,0,
4,negative_sentiment,Sentiment: The meal was awful and the staff were rude. Label:, negative, negative,1,14,14651,0.9971064814814816,1.0,0.9411764705882352,0.0,ablate,random_norm_matched,5,8,,0.0,-0.0169570446014404,3.413399099372327e-05,0.0856963396072387,0.0856963396072387,0.0,0.0,1,1,0,-2.4569451808929443,-2.4569451808929443,0.0,-2.4569451808929443,-2.4569451808929443,0.0,0.0,0,final_token,-1,,-1,,-1,,0.0,,0,0,
4,negative_sentiment,Sentiment: The meal was awful and the staff were rude. Label:, negative, negative,1,14,14651,0.9971064814814816,1.0,0.9411764705882352,0.0,ablate,random_norm_matched,6,8,,0.0,-0.0169570446014404,3.413399099372327e-05,0.0856963396072387,0.0856963396072387,0.0,0.0,1,1,0,-2.4569451808929443,-2.4569451808929443,0.0,-2.4569451808929443,-2.4569451808929443,0.0,0.0,0,final_token,-1,,-1,,-1,,0.0,,0,0,
4,negative_sentiment,Sentiment: The meal was awful and the staff were rude. Label:, negative, negative,1,14,14651,0.9971064814814816,1.0,0.9411764705882352,0.0,ablate,random_norm_matched,7,8,,0.0,-0.0169570446014404,3.413399099372327e-05,0.0856963396072387,0.0856963396072387,0.0,0.0,1,1,0,-2.4569451808929443,-2.4569451808929443,0.0,-2.4569451808929443,-2.4569451808929443,0.0,0.0,0,final_token,-1,,-1,,-1,,0.0,,0,0,
4,negative_sentiment,Sentiment: The meal was awful and the staff were rude. Label:, negative, negative,1,14,14651,0.9971064814814816,1.0,0.9411764705882352,0.0,amplify_2x,sae_feature,-1,8,0.0,0.0,-0.0169570446014404,3.413399099372327e-05,0.0856963396072387,0.0856963396072387,0.0,0.0,1,1,0,-2.4569451808929443,-2.4569451808929443,0.0,-2.4569451808929443,-2.4569451808929443,0.0,0.0,0,final_token,-1,,-1,,-1,,0.0,,0,0,
4,negative_sentiment,Sentiment: The meal was awful and the staff were rude. Label:, negative, negative,1,14,14651,0.9971064814814816,1.0,0.9411764705882352,0.0,amplify_2x,random_norm_matched,0,8,,0.0,-0.0169570446014404,3.413399099372327e-05,0.0856963396072387,0.0856963396072387,0.0,0.0,1,1,0,-2.4569451808929443,-2.4569451808929443,0.0,-2.4569451808929443,-2.4569451808929443,0.0,0.0,0,final_token,-1,,-1,,-1,,0.0,,0,0,
4,negative_sentiment,Sentiment: The meal was awful and the staff were rude. Label:, negative, negative,1,14,14651,0.9971064814814816,1.0,0.9411764705882352,0.0,amplify_2x,random_norm_matched,1,8,,0.0,-0.0169570446014404,3.413399099372327e-05,0.0856963396072387,0.0856963396072387,0.0,0.0,1,1,0,-2.4569451808929443,-2.4569451808929443,0.0,-2.4569451808929443,-2.4569451808929443,0.0,0.0,0,final_token,-1,,-1,,-1,,0.0,,0,0,
4,negative_sentiment,Sentiment: The meal was awful and the staff were rude. Label:, negative, negative,1,14,14651,0.9971064814814816,1.0,0.9411764705882352,0.0,amplify_2x,random_norm_matched,2,8,,0.0,-0.0169570446014404,3.413399099372327e-05,0.0856963396072387,0.0856963396072387,0.0,0.0,1,1,0,-2.4569451808929443,-2.4569451808929443,0.0,-2.4569451808929443,-2.4569451808929443,0.0,0.0,0,final_token,-1,,-1,,-1,,0.0,,0,0,
4,negative_sentiment,Sentiment: The meal was awful and the staff were rude. Label:, negative, negative,1,14,14651,0.9971064814814816,1.0,0.9411764705882352,0.0,amplify_2x,random_norm_matched,3,8,,0.0,-0.0169570446014404,3.413399099372327e-05,0.0856963396072387,0.0856963396072387,0.0,0.0,1,1,0,-2.4569451808929443,-2.4569451808929443,0.0,-2.4569451808929443,-2.4569451808929443,0.0,0.0,0,final_token,-1,,-1,,-1,,0.0,,0,0,
4,negative_sentiment,Sentiment: The meal was awful and the staff were rude. Label:, negative, negative,1,14,14651,0.9971064814814816,1.0,0.9411764705882352,0.0,amplify_2x,random_norm_matched,4,8,,0.0,-0.0169570446014404,3.413399099372327e-05,0.0856963396072387,0.0856963396072387,0.0,0.0,1,1,0,-2.4569451808929443,-2.4569451808929443,0.0,-2.4569451808929443,-2.4569451808929443,0.0,0.0,0,final_token,-1,,-1,,-1,,0.0,,0,0,
4,negative_sentiment,Sentiment: The meal was awful and the staff were rude. Label:, negative, negative,1,14,14651,0.9971064814814816,1.0,0.9411764705882352,0.0,amplify_2x,random_norm_matched,5,8,,0.0,-0.0169570446014404,3.413399099372327e-05,0.0856963396072387,0.0856963396072387,0.0,0.0,1,1,0,-2.4569451808929443,-2.4569451808929443,0.0,-2.4569451808929443,-2.4569451808929443,0.0,0.0,0,final_token,-1,,-1,,-1,,0.0,,0,0,
4,negative_sentiment,Sentiment: The meal was awful and the staff were rude. Label:, negative, negative,1,14,14651,0.9971064814814816,1.0,0.9411764705882352,0.0,amplify_2x,random_norm_matched,6,8,,0.0,-0.0169570446014404,3.413399099372327e-05,0.0856963396072387,0.0856963396072387,0.0,0.0,1,1,0,-2.4569451808929443,-2.4569451808929443,0.0,-2.4569451808929443,-2.4569451808929443,0.0,0.0,0,final_token,-1,,-1,,-1,,0.0,,0,0,
4,negative_sentiment,Sentiment: The meal was awful and the staff were rude. Label:, negative, negative,1,14,14651,0.9971064814814816,1.0,0.9411764705882352,0.0,amplify_2x,random_norm_matched,7,8,,0.0,-0.0169570446014404,3.413399099372327e-05,0.0856963396072387,0.0856963396072387,0.0,0.0,1,1,0,-2.4569451808929443,-2.4569451808929443,0.0,-2.4569451808929443,-2.4569451808929443,0.0,0.0,0,final_token,-1,,-1,,-1,,0.0,,0,0,
5,negative_sentiment,"Sentiment: I hated the tedious, badly written novel. Label:", negative, negative,1,14,14651,0.9971064814814816,1.0,0.9411764705882352,0.0,ablate,sae_feature,-1,8,-0.0,0.0,0.0200204849243164,8.79201979842037e-06,0.0001484380481997,0.0001484380481997,0.0,0.0,738,738,0,-8.815342903137207,-8.815342903137207,0.0,-8.815342903137207,-8.815342903137207,0.0,0.0,0,final_token,-1,,-1,,-1,,0.0,,0,0,
5,negative_sentiment,"Sentiment: I hated the tedious, badly written novel. Label:", negative, negative,1,14,14651,0.9971064814814816,1.0,0.9411764705882352,0.0,ablate,random_norm_matched,0,8,,0.0,0.0200204849243164,8.79201979842037e-06,0.0001484380481997,0.0001484380481997,0.0,0.0,738,738,0,-8.815342903137207,-8.815342903137207,0.0,-8.815342903137207,-8.815342903137207,0.0,0.0,0,final_token,-1,,-1,,-1,,0.0,,0,0,
5,negative_sentiment,"Sentiment: I hated the tedious, badly written novel. Label:", negative, negative,1,14,14651,0.9971064814814816,1.0,0.9411764705882352,0.0,ablate,random_norm_matched,1,8,,0.0,0.0200204849243164,8.79201979842037e-06,0.0001484380481997,0.0001484380481997,0.0,0.0,738,738,0,-8.815342903137207,-8.815342903137207,0.0,-8.815342903137207,-8.815342903137207,0.0,0.0,0,final_token,-1,,-1,,-1,,0.0,,0,0,
5,negative_sentiment,"Sentiment: I hated the tedious, badly written novel. Label:", negative, negative,1,14,14651,0.9971064814814816,1.0,0.9411764705882352,0.0,ablate,random_norm_matched,2,8,,0.0,0.0200204849243164,8.79201979842037e-06,0.0001484380481997,0.0001484380481997,0.0,0.0,738,738,0,-8.815342903137207,-8.815342903137207,0.0,-8.815342903137207,-8.815342903137207,0.0,0.0,0,final_token,-1,,-1,,-1,,0.0,,0,0,
5,negative_sentiment,"Sentiment: I hated the tedious, badly written novel. Label:", negative, negative,1,14,14651,0.9971064814814816,1.0,0.9411764705882352,0.0,ablate,random_norm_matched,3,8,,0.0,0.0200204849243164,8.79201979842037e-06,0.0001484380481997,0.0001484380481997,0.0,0.0,738,738,0,-8.815342903137207,-8.815342903137207,0.0,-8.815342903137207,-8.815342903137207,0.0,0.0,0,final_token,-1,,-1,,-1,,0.0,,0,0,
5,negative_sentiment,"Sentiment: I hated the tedious, badly written novel. Label:", negative, negative,1,14,14651,0.9971064814814816,1.0,0.9411764705882352,0.0,ablate,random_norm_matched,4,8,,0.0,0.0200204849243164,8.79201979842037e-06,0.0001484380481997,0.0001484380481997,0.0,0.0,738,738,0,-8.815342903137207,-8.815342903137207,0.0,-8.815342903137207,-8.815342903137207,0.0,0.0,0,final_token,-1,,-1,,-1,,0.0,,0,0,
5,negative_sentiment,"Sentiment: I hated the tedious, badly written novel. Label:", negative, negative,1,14,14651,0.9971064814814816,1.0,0.9411764705882352,0.0,ablate,random_norm_matched,5,8,,0.0,0.0200204849243164,8.79201979842037e-06,0.0001484380481997,0.0001484380481997,0.0,0.0,738,738,0,-8.815342903137207,-8.815342903137207,0.0,-8.815342903137207,-8.815342903137207,0.0,0.0,0,final_token,-1,,-1,,-1,,0.0,,0,0,
5,negative_sentiment,"Sentiment: I hated the tedious, badly written novel. Label:", negative, negative,1,14,14651,0.9971064814814816,1.0,0.9411764705882352,0.0,ablate,random_norm_matched,6,8,,0.0,0.0200204849243164,8.79201979842037e-06,0.0001484380481997,0.0001484380481997,0.0,0.0,738,738,0,-8.815342903137207,-8.815342903137207,0.0,-8.815342903137207,-8.815342903137207,0.0,0.0,0,final_token,-1,,-1,,-1,,0.0,,0,0,
5,negative_sentiment,"Sentiment: I hated the tedious, badly written novel. Label:", negative, negative,1,14,14651,0.9971064814814816,1.0,0.9411764705882352,0.0,ablate,random_norm_matched,7,8,,0.0,0.0200204849243164,8.79201979842037e-06,0.0001484380481997,0.0001484380481997,0.0,0.0,738,738,0,-8.815342903137207,-8.815342903137207,0.0,-8.815342903137207,-8.815342903137207,0.0,0.0,0,final_token,-1,,-1,,-1,,0.0,,0,0,
5,negative_sentiment,"Sentiment: I hated the tedious, badly written novel. Label:", negative, negative,1,14,14651,0.9971064814814816,1.0,0.9411764705882352,0.0,amplify_2x,sae_feature,-1,8,0.0,0.0,0.0200204849243164,8.79201979842037e-06,0.0001484380481997,0.0001484380481997,0.0,0.0,738,738,0,-8.815342903137207,-8.815342903137207,0.0,-8.815342903137207,-8.815342903137207,0.0,0.0,0,final_token,-1,,-1,,-1,,0.0,,0,0,
5,negative_sentiment,"Sentiment: I hated the tedious, badly written novel. Label:", negative, negative,1,14,14651,0.9971064814814816,1.0,0.9411764705882352,0.0,amplify_2x,random_norm_matched,0,8,,0.0,0.0200204849243164,8.79201979842037e-06,0.0001484380481997,0.0001484380481997,0.0,0.0,738,738,0,-8.815342903137207,-8.815342903137207,0.0,-8.815342903137207,-8.815342903137207,0.0,0.0,0,final_token,-1,,-1,,-1,,0.0,,0,0,
5,negative_sentiment,"Sentiment: I hated the tedious, badly written novel. Label:", negative, negative,1,14,14651,0.9971064814814816,1.0,0.9411764705882352,0.0,amplify_2x,random_norm_matched,1,8,,0.0,0.0200204849243164,8.79201979842037e-06,0.0001484380481997,0.0001484380481997,0.0,0.0,738,738,0,-8.815342903137207,-8.815342903137207,0.0,-8.815342903137207,-8.815342903137207,0.0,0.0,0,final_token,-1,,-1,,-1,,0.0,,0,0,
5,negative_sentiment,"Sentiment: I hated the tedious, badly written novel. Label:", negative, negative,1,14,14651,0.9971064814814816,1.0,0.9411764705882352,0.0,amplify_2x,random_norm_matched,2,8,,0.0,0.0200204849243164,8.79201979842037e-06,0.0001484380481997,0.0001484380481997,0.0,0.0,738,738,0,-8.815342903137207,-8.815342903137207,0.0,-8.815342903137207,-8.815342903137207,0.0,0.0,0,final_token,-1,,-1,,-1,,0.0,,0,0,
5,negative_sentiment,"Sentiment: I hated the tedious, badly written novel. Label:", negative, negative,1,14,14651,0.9971064814814816,1.0,0.9411764705882352,0.0,amplify_2x,random_norm_matched,3,8,,0.0,0.0200204849243164,8.79201979842037e-06,0.0001484380481997,0.0001484380481997,0.0,0.0,738,738,0,-8.815342903137207,-8.815342903137207,0.0,-8.815342903137207,-8.815342903137207,0.0,0.0,0,final_token,-1,,-1,,-1,,0.0,,0,0,
5,negative_sentiment,"Sentiment: I hated the tedious, badly written novel. Label:", negative, negative,1,14,14651,0.9971064814814816,1.0,0.9411764705882352,0.0,amplify_2x,random_norm_matched,4,8,,0.0,0.0200204849243164,8.79201979842037e-06,0.0001484380481997,0.0001484380481997,0.0,0.0,738,738,0,-8.815342903137207,-8.815342903137207,0.0,-8.815342903137207,-8.815342903137207,0.0,0.0,0,final_token,-1,,-1,,-1,,0.0,,0,0,
5,negative_sentiment,"Sentiment: I hated the tedious, badly written novel. Label:", negative, negative,1,14,14651,0.9971064814814816,1.0,0.9411764705882352,0.0,amplify_2x,random_norm_matched,5,8,,0.0,0.0200204849243164,8.79201979842037e-06,0.0001484380481997,0.0001484380481997,0.0,0.0,738,738,0,-8.815342903137207,-8.815342903137207,0.0,-8.815342903137207,-8.815342903137207,0.0,0.0,0,final_token,-1,,-1,,-1,,0.0,,0,0,
5,negative_sentiment,"Sentiment: I hated the tedious, badly written novel. Label:", negative, negative,1,14,14651,0.9971064814814816,1.0,0.9411764705882352,0.0,amplify_2x,random_norm_matched,6,8,,0.0,0.0200204849243164,8.79201979842037e-06,0.0001484380481997,0.0001484380481997,0.0,0.0,738,738,0,-8.815342903137207,-8.815342903137207,0.0,-8.815342903137207,-8.815342903137207,0.0,0.0,0,final_token,-1,,-1,,-1,,0.0,,0,0,
5,negative_sentiment,"Sentiment: I hated the tedious, badly written novel. Label:", negative, negative,1,14,14651,0.9971064814814816,1.0,0.9411764705882352,0.0,amplify_2x,random_norm_matched,7,8,,0.0,0.0200204849243164,8.79201979842037e-06,0.0001484380481997,0.0001484380481997,0.0,0.0,738,738,0,-8.815342903137207,-8.815342903137207,0.0,-8.815342903137207,-8.815342903137207,0.0,0.0,0,final_token,-1,,-1,,-1,,0.0,,0,0,
6,negative_sentiment,Sentiment: The service was slow and completely unhelpful. Label:, negative, negative,1,14,14651,0.9971064814814816,1.0,0.9411764705882352,0.0,ablate,sae_feature,-1,8,-0.0,0.0,0.0602779388427734,2.600555308163166e-05,0.0004813201085198,0.0004813201085198,0.0,0.0,255,255,0,-7.638978004455566,-7.638978004455566,0.0,-7.638978004455566,-7.638978004455566,0.0,0.0,0,final_token,-1,,-1,,-1,,0.0,,0,0,
6,negative_sentiment,Sentiment: The service was slow and completely unhelpful. Label:, negative, negative,1,14,14651,0.9971064814814816,1.0,0.9411764705882352,0.0,ablate,random_norm_matched,0,8,,0.0,0.0602779388427734,2.600555308163166e-05,0.0004813201085198,0.0004813201085198,0.0,0.0,255,255,0,-7.638978004455566,-7.638978004455566,0.0,-7.638978004455566,-7.638978004455566,0.0,0.0,0,final_token,-1,,-1,,-1,,0.0,,0,0,
6,negative_sentiment,Sentiment: The service was slow and completely unhelpful. Label:, negative, negative,1,14,14651,0.9971064814814816,1.0,0.9411764705882352,0.0,ablate,random_norm_matched,1,8,,0.0,0.0602779388427734,2.600555308163166e-05,0.0004813201085198,0.0004813201085198,0.0,0.0,255,255,0,-7.638978004455566,-7.638978004455566,0.0,-7.638978004455566,-7.638978004455566,0.0,0.0,0,final_token,-1,,-1,,-1,,0.0,,0,0,
6,negative_sentiment,Sentiment: The service was slow and completely unhelpful. Label:, negative, negative,1,14,14651,0.9971064814814816,1.0,0.9411764705882352,0.0,ablate,random_norm_matched,2,8,,0.0,0.0602779388427734,2.600555308163166e-05,0.0004813201085198,0.0004813201085198,0.0,0.0,255,255,0,-7.638978004455566,-7.638978004455566,0.0,-7.638978004455566,-7.638978004455566,0.0,0.0,0,final_token,-1,,-1,,-1,,0.0,,0,0,
6,negative_sentiment,Sentiment: The service was slow and completely unhelpful. Label:, negative, negative,1,14,14651,0.9971064814814816,1.0,0.9411764705882352,0.0,ablate,random_norm_matched,3,8,,0.0,0.0602779388427734,2.600555308163166e-05,0.0004813201085198,0.0004813201085198,0.0,0.0,255,255,0,-7.638978004455566,-7.638978004455566,0.0,-7.638978004455566,-7.638978004455566,0.0,0.0,0,final_token,-1,,-1,,-1,,0.0,,0,0,
6,negative_sentiment,Sentiment: The service was slow and completely unhelpful. Label:, negative, negative,1,14,14651,0.9971064814814816,1.0,0.9411764705882352,0.0,ablate,random_norm_matched,4,8,,0.0,0.0602779388427734,2.600555308163166e-05,0.0004813201085198,0.0004813201085198,0.0,0.0,255,255,0,-7.638978004455566,-7.638978004455566,0.0,-7.638978004455566,-7.638978004455566,0.0,0.0,0,final_token,-1,,-1,,-1,,0.0,,0,0,
6,negative_sentiment,Sentiment: The service was slow and completely unhelpful. Label:, negative, negative,1,14,14651,0.9971064814814816,1.0,0.9411764705882352,0.0,ablate,random_norm_matched,5,8,,0.0,0.0602779388427734,2.600555308163166e-05,0.0004813201085198,0.0004813201085198,0.0,0.0,255,255,0,-7.638978004455566,-7.638978004455566,0.0,-7.638978004455566,-7.638978004455566,0.0,0.0,0,final_token,-1,,-1,,-1,,0.0,,0,0,
6,negative_sentiment,Sentiment: The service was slow and completely unhelpful. Label:, negative, negative,1,14,14651,0.9971064814814816,1.0,0.9411764705882352,0.0,ablate,random_norm_matched,6,8,,0.0,0.0602779388427734,2.600555308163166e-05,0.0004813201085198,0.0004813201085198,0.0,0.0,255,255,0,-7.638978004455566,-7.638978004455566,0.0,-7.638978004455566,-7.638978004455566,0.0,0.0,0,final_token,-1,,-1,,-1,,0.0,,0,0,
6,negative_sentiment,Sentiment: The service was slow and completely unhelpful. Label:, negative, negative,1,14,14651,0.9971064814814816,1.0,0.9411764705882352,0.0,ablate,random_norm_matched,7,8,,0.0,0.0602779388427734,2.600555308163166e-05,0.0004813201085198,0.0004813201085198,0.0,0.0,255,255,0,-7.638978004455566,-7.638978004455566,0.0,-7.638978004455566,-7.638978004455566,0.0,0.0,0,final_token,-1,,-1,,-1,,0.0,,0,0,
6,negative_sentiment,Sentiment: The service was slow and completely unhelpful. Label:, negative, negative,1,14,14651,0.9971064814814816,1.0,0.9411764705882352,0.0,amplify_2x,sae_feature,-1,8,0.0,0.0,0.0602779388427734,2.600555308163166e-05,0.0004813201085198,0.0004813201085198,0.0,0.0,255,255,0,-7.638978004455566,-7.638978004455566,0.0,-7.638978004455566,-7.638978004455566,0.0,0.0,0,final_token,-1,,-1,,-1,,0.0,,0,0,
6,negative_sentiment,Sentiment: The service was slow and completely unhelpful. Label:, negative, negative,1,14,14651,0.9971064814814816,1.0,0.9411764705882352,0.0,amplify_2x,random_norm_matched,0,8,,0.0,0.0602779388427734,2.600555308163166e-05,0.0004813201085198,0.0004813201085198,0.0,0.0,255,255,0,-7.638978004455566,-7.638978004455566,0.0,-7.638978004455566,-7.638978004455566,0.0,0.0,0,final_token,-1,,-1,,-1,,0.0,,0,0,
6,negative_sentiment,Sentiment: The service was slow and completely unhelpful. Label:, negative, negative,1,14,14651,0.9971064814814816,1.0,0.9411764705882352,0.0,amplify_2x,random_norm_matched,1,8,,0.0,0.0602779388427734,2.600555308163166e-05,0.0004813201085198,0.0004813201085198,0.0,0.0,255,255,0,-7.638978004455566,-7.638978004455566,0.0,-7.638978004455566,-7.638978004455566,0.0,0.0,0,final_token,-1,,-1,,-1,,0.0,,0,0,
6,negative_sentiment,Sentiment: The service was slow and completely unhelpful. Label:, negative, negative,1,14,14651,0.9971064814814816,1.0,0.9411764705882352,0.0,amplify_2x,random_norm_matched,2,8,,0.0,0.0602779388427734,2.600555308163166e-05,0.0004813201085198,0.0004813201085198,0.0,0.0,255,255,0,-7.638978004455566,-7.638978004455566,0.0,-7.638978004455566,-7.638978004455566,0.0,0.0,0,final_token,-1,,-1,,-1,,0.0,,0,0,
6,negative_sentiment,Sentiment: The service was slow and completely unhelpful. Label:, negative, negative,1,14,14651,0.9971064814814816,1.0,0.9411764705882352,0.0,amplify_2x,random_norm_matched,3,8,,0.0,0.0602779388427734,2.600555308163166e-05,0.0004813201085198,0.0004813201085198,0.0,0.0,255,255,0,-7.638978004455566,-7.638978004455566,0.0,-7.638978004455566,-7.638978004455566,0.0,0.0,0,final_token,-1,,-1,,-1,,0.0,,0,0,
6,negative_sentiment,Sentiment: The service was slow and completely unhelpful. Label:, negative, negative,1,14,14651,0.9971064814814816,1.0,0.9411764705882352,0.0,amplify_2x,random_norm_matched,4,8,,0.0,0.0602779388427734,2.600555308163166e-05,0.0004813201085198,0.0004813201085198,0.0,0.0,255,255,0,-7.638978004455566,-7.638978004455566,0.0,-7.638978004455566,-7.638978004455566,0.0,0.0,0,final_token,-1,,-1,,-1,,0.0,,0,0,
6,negative_sentiment,Sentiment: The service was slow and completely unhelpful. Label:, negative, negative,1,14,14651,0.9971064814814816,1.0,0.9411764705882352,0.0,amplify_2x,random_norm_matched,5,8,,0.0,0.0602779388427734,2.600555308163166e-05,0.0004813201085198,0.0004813201085198,0.0,0.0,255,255,0,-7.638978004455566,-7.638978004455566,0.0,-7.638978004455566,-7.638978004455566,0.0,0.0,0,final_token,-1,,-1,,-1,,0.0,,0,0,
6,negative_sentiment,Sentiment: The service was slow and completely unhelpful. Label:, negative, negative,1,14,14651,0.9971064814814816,1.0,0.9411764705882352,0.0,amplify_2x,random_norm_matched,6,8,,0.0,0.0602779388427734,2.600555308163166e-05,0.0004813201085198,0.0004813201085198,0.0,0.0,255,255,0,-7.638978004455566,-7.638978004455566,0.0,-7.638978004455566,-7.638978004455566,0.0,0.0,0,final_token,-1,,-1,,-1,,0.0,,0,0,
6,negative_sentiment,Sentiment: The service was slow and completely unhelpful. Label:, negative, negative,1,14,14651,0.9971064814814816,1.0,0.9411764705882352,0.0,amplify_2x,random_norm_matched,7,8,,0.0,0.0602779388427734,2.600555308163166e-05,0.0004813201085198,0.0004813201085198,0.0,0.0,255,255,0,-7.638978004455566,-7.638978004455566,0.0,-7.638978004455566,-7.638978004455566,0.0,0.0,0,final_token,-1,,-1,,-1,,0.0,,0,0,
7,negative_sentiment,Sentiment: The journey was stressful and unpleasant. Label:, negative, negative,1,14,14651,0.9971064814814816,1.0,0.9411764705882352,0.0,ablate,sae_feature,-1,8,-0.0,0.0,-0.0118882656097412,2.293696161359549e-05,0.3003493547439575,0.3003493547439575,0.0,0.0,1,1,0,-1.2028089761734009,-1.2028089761734009,0.0,-1.2028089761734009,-1.2028089761734009,0.0,0.0,0,final_token,-1,,-1,,-1,,0.0,,0,0,
7,negative_sentiment,Sentiment: The journey was stressful and unpleasant. Label:, negative, negative,1,14,14651,0.9971064814814816,1.0,0.9411764705882352,0.0,ablate,random_norm_matched,0,8,,0.0,-0.0118882656097412,2.293696161359549e-05,0.3003493547439575,0.3003493547439575,0.0,0.0,1,1,0,-1.2028089761734009,-1.2028089761734009,0.0,-1.2028089761734009,-1.2028089761734009,0.0,0.0,0,final_token,-1,,-1,,-1,,0.0,,0,0,
7,negative_sentiment,Sentiment: The journey was stressful and unpleasant. Label:, negative, negative,1,14,14651,0.9971064814814816,1.0,0.9411764705882352,0.0,ablate,random_norm_matched,1,8,,0.0,-0.0118882656097412,2.293696161359549e-05,0.3003493547439575,0.3003493547439575,0.0,0.0,1,1,0,-1.2028089761734009,-1.2028089761734009,0.0,-1.2028089761734009,-1.2028089761734009,0.0,0.0,0,final_token,-1,,-1,,-1,,0.0,,0,0,
7,negative_sentiment,Sentiment: The journey was stressful and unpleasant. Label:, negative, negative,1,14,14651,0.9971064814814816,1.0,0.9411764705882352,0.0,ablate,random_norm_matched,2,8,,0.0,-0.0118882656097412,2.293696161359549e-05,0.3003493547439575,0.3003493547439575,0.0,0.0,1,1,0,-1.2028089761734009,-1.2028089761734009,0.0,-1.2028089761734009,-1.2028089761734009,0.0,0.0,0,final_token,-1,,-1,,-1,,0.0,,0,0,
7,negative_sentiment,Sentiment: The journey was stressful and unpleasant. Label:, negative, negative,1,14,14651,0.9971064814814816,1.0,0.9411764705882352,0.0,ablate,random_norm_matched,3,8,,0.0,-0.0118882656097412,2.293696161359549e-05,0.3003493547439575,0.3003493547439575,0.0,0.0,1,1,0,-1.2028089761734009,-1.2028089761734009,0.0,-1.2028089761734009,-1.2028089761734009,0.0,0.0,0,final_token,-1,,-1,,-1,,0.0,,0,0,
7,negative_sentiment,Sentiment: The journey was stressful and unpleasant. Label:, negative, negative,1,14,14651,0.9971064814814816,1.0,0.9411764705882352,0.0,ablate,random_norm_matched,4,8,,0.0,-0.0118882656097412,2.293696161359549e-05,0.3003493547439575,0.3003493547439575,0.0,0.0,1,1,0,-1.2028089761734009,-1.2028089761734009,0.0,-1.2028089761734009,-1.2028089761734009,0.0,0.0,0,final_token,-1,,-1,,-1,,0.0,,0,0,
7,negative_sentiment,Sentiment: The journey was stressful and unpleasant. Label:, negative, negative,1,14,14651,0.9971064814814816,1.0,0.9411764705882352,0.0,ablate,random_norm_matched,5,8,,0.0,-0.0118882656097412,2.293696161359549e-05,0.3003493547439575,0.3003493547439575,0.0,0.0,1,1,0,-1.2028089761734009,-1.2028089761734009,0.0,-1.2028089761734009,-1.2028089761734009,0.0,0.0,0,final_token,-1,,-1,,-1,,0.0,,0,0,
7,negative_sentiment,Sentiment: The journey was stressful and unpleasant. Label:, negative, negative,1,14,14651,0.9971064814814816,1.0,0.9411764705882352,0.0,ablate,random_norm_matched,6,8,,0.0,-0.0118882656097412,2.293696161359549e-05,0.3003493547439575,0.3003493547439575,0.0,0.0,1,1,0,-1.2028089761734009,-1.2028089761734009,0.0,-1.2028089761734009,-1.2028089761734009,0.0,0.0,0,final_token,-1,,-1,,-1,,0.0,,0,0,
7,negative_sentiment,Sentiment: The journey was stressful and unpleasant. Label:, negative, negative,1,14,14651,0.9971064814814816,1.0,0.9411764705882352,0.0,ablate,random_norm_matched,7,8,,0.0,-0.0118882656097412,2.293696161359549e-05,0.3003493547439575,0.3003493547439575,0.0,0.0,1,1,0,-1.2028089761734009,-1.2028089761734009,0.0,-1.2028089761734009,-1.2028089761734009,0.0,0.0,0,final_token,-1,,-1,,-1,,0.0,,0,0,
7,negative_sentiment,Sentiment: The journey was stressful and unpleasant. Label:, negative, negative,1,14,14651,0.9971064814814816,1.0,0.9411764705882352,0.0,amplify_2x,sae_feature,-1,8,0.0,0.0,-0.0118882656097412,2.293696161359549e-05,0.3003493547439575,0.3003493547439575,0.0,0.0,1,1,0,-1.2028089761734009,-1.2028089761734009,0.0,-1.2028089761734009,-1.2028089761734009,0.0,0.0,0,final_token,-1,,-1,,-1,,0.0,,0,0,
7,negative_sentiment,Sentiment: The journey was stressful and unpleasant. Label:, negative, negative,1,14,14651,0.9971064814814816,1.0,0.9411764705882352,0.0,amplify_2x,random_norm_matched,0,8,,0.0,-0.0118882656097412,2.293696161359549e-05,0.3003493547439575,0.3003493547439575,0.0,0.0,1,1,0,-1.2028089761734009,-1.2028089761734009,0.0,-1.2028089761734009,-1.2028089761734009,0.0,0.0,0,final_token,-1,,-1,,-1,,0.0,,0,0,
7,negative_sentiment,Sentiment: The journey was stressful and unpleasant. Label:, negative, negative,1,14,14651,0.9971064814814816,1.0,0.9411764705882352,0.0,amplify_2x,random_norm_matched,1,8,,0.0,-0.0118882656097412,2.293696161359549e-05,0.3003493547439575,0.3003493547439575,0.0,0.0,1,1,0,-1.2028089761734009,-1.2028089761734009,0.0,-1.2028089761734009,-1.2028089761734009,0.0,0.0,0,final_token,-1,,-1,,-1,,0.0,,0,0,
7,negative_sentiment,Sentiment: The journey was stressful and unpleasant. Label:, negative, negative,1,14,14651,0.9971064814814816,1.0,0.9411764705882352,0.0,amplify_2x,random_norm_matched,2,8,,0.0,-0.0118882656097412,2.293696161359549e-05,0.3003493547439575,0.3003493547439575,0.0,0.0,1,1,0,-1.2028089761734009,-1.2028089761734009,0.0,-1.2028089761734009,-1.2028089761734009,0.0,0.0,0,final_token,-1,,-1,,-1,,0.0,,0,0,
7,negative_sentiment,Sentiment: The journey was stressful and unpleasant. Label:, negative, negative,1,14,14651,0.9971064814814816,1.0,0.9411764705882352,0.0,amplify_2x,random_norm_matched,3,8,,0.0,-0.0118882656097412,2.293696161359549e-05,0.3003493547439575,0.3003493547439575,0.0,0.0,1,1,0,-1.2028089761734009,-1.2028089761734009,0.0,-1.2028089761734009,-1.2028089761734009,0.0,0.0,0,final_token,-1,,-1,,-1,,0.0,,0,0,
7,negative_sentiment,Sentiment: The journey was stressful and unpleasant. Label:, negative, negative,1,14,14651,0.9971064814814816,1.0,0.9411764705882352,0.0,amplify_2x,random_norm_matched,4,8,,0.0,-0.0118882656097412,2.293696161359549e-05,0.3003493547439575,0.3003493547439575,0.0,0.0,1,1,0,-1.2028089761734009,-1.2028089761734009,0.0,-1.2028089761734009,-1.2028089761734009,0.0,0.0,0,final_token,-1,,-1,,-1,,0.0,,0,0,
7,negative_sentiment,Sentiment: The journey was stressful and unpleasant. Label:, negative, negative,1,14,14651,0.9971064814814816,1.0,0.9411764705882352,0.0,amplify_2x,random_norm_matched,5,8,,0.0,-0.0118882656097412,2.293696161359549e-05,0.3003493547439575,0.3003493547439575,0.0,0.0,1,1,0,-1.2028089761734009,-1.2028089761734009,0.0,-1.2028089761734009,-1.2028089761734009,0.0,0.0,0,final_token,-1,,-1,,-1,,0.0,,0,0,
7,negative_sentiment,Sentiment: The journey was stressful and unpleasant. Label:, negative, negative,1,14,14651,0.9971064814814816,1.0,0.9411764705882352,0.0,amplify_2x,random_norm_matched,6,8,,0.0,-0.0118882656097412,2.293696161359549e-05,0.3003493547439575,0.3003493547439575,0.0,0.0,1,1,0,-1.2028089761734009,-1.2028089761734009,0.0,-1.2028089761734009,-1.2028089761734009,0.0,0.0,0,final_token,-1,,-1,,-1,,0.0,,0,0,
7,negative_sentiment,Sentiment: The journey was stressful and unpleasant. Label:, negative, negative,1,14,14651,0.9971064814814816,1.0,0.9411764705882352,0.0,amplify_2x,random_norm_matched,7,8,,0.0,-0.0118882656097412,2.293696161359549e-05,0.3003493547439575,0.3003493547439575,0.0,0.0,1,1,0,-1.2028089761734009,-1.2028089761734009,0.0,-1.2028089761734009,-1.2028089761734009,0.0,0.0,0,final_token,-1,,-1,,-1,,0.0,,0,0,
8,mathematics,2 + 3 =, 5, ,2,26,12177,0.9982638888888888,1.0,0.9333333333333332,136.6625213623047,ablate,sae_feature,-1,8,-136.6625213623047,136.6625213623047,0.0015427470207214,9.143187753579696e-07,0.8744862079620361,0.8964499235153198,0.0219637155532836,0.024805873632431,1,1,0,-1.4193642139434814,-1.3941338062286377,0.0252304077148437,-0.7096821069717407,-0.6970669031143188,0.0126152038574218,0.0008824467658996,0,final_token,-1,,-1,,-1,,136.6625213623047,,1,1,
8,mathematics,2 + 3 =, 5, ,2,26,12177,0.9982638888888888,1.0,0.9333333333333332,136.6625213623047,ablate,random_norm_matched,0,8,,136.66253662109375,0.0015427470207214,9.143187753579696e-07,0.8744862079620361,0.8786528706550598,0.0041666626930236,0.004753366112709,1,1,0,-1.4193642139434814,-1.4069210290908811,0.0124431848526,-0.7096821069717407,-0.7034605145454407,0.0062215924263,0.0003854889073409,0,final_token,-1,,-1,,-1,,136.6625213623047,,1,1,
8,mathematics,2 + 3 =, 5, ,2,26,12177,0.9982638888888888,1.0,0.9333333333333332,136.6625213623047,ablate,random_norm_matched,1,8,,136.6625213623047,0.0015427470207214,9.143187753579696e-07,0.8744862079620361,0.8790696263313293,0.0045834183692932,0.0052275508642196,1,1,0,-1.4193642139434814,-1.4075891971588137,0.0117750167846679,-0.7096821069717407,-0.7037945985794067,0.0058875083923339,0.0001832737907534,0,final_token,-1,,-1,,-1,,136.6625213623047,,1,1,
8,mathematics,2 + 3 =, 5, ,2,26,12177,0.9982638888888888,1.0,0.9333333333333332,136.6625213623047,ablate,random_norm_matched,2,8,,136.6625213623047,0.0015427470207214,9.143187753579696e-07,0.8744862079620361,0.8705563545227051,-0.003929853439331,-0.0045040398836135,1,1,0,-1.4193642139434814,-1.4366803169250488,-0.0173161029815673,-0.7096821069717407,-0.7183401584625244,-0.0086580514907836,0.000190036415006,0,final_token,-1,,-1,,-1,,136.6625213623047,,1,1,
8,mathematics,2 + 3 =, 5, ,2,26,12177,0.9982638888888888,1.0,0.9333333333333332,136.6625213623047,ablate,random_norm_matched,3,8,,136.6625213623047,0.0015427470207214,9.143187753579696e-07,0.8744862079620361,0.881432056427002,0.0069458484649658,0.0079113394021987,1,1,0,-1.4193642139434814,-1.4143946170806885,0.0049695968627929,-0.7096821069717407,-0.7071973085403442,0.0024847984313964,0.0002719963085837,0,final_token,-1,,-1,,-1,,136.6625213623047,,1,1,
8,mathematics,2 + 3 =, 5, ,2,26,12177,0.9982638888888888,1.0,0.9333333333333332,136.6625213623047,ablate,random_norm_matched,4,8,,136.66250610351562,0.0015427470207214,9.143187753579696e-07,0.8744862079620361,0.8887718319892883,0.0142856240272521,0.0162039995193481,1,1,0,-1.4193642139434814,-1.3886582851409912,0.0307059288024902,-0.7096821069717407,-0.6943291425704956,0.0153529644012451,0.0004431949346326,0,final_token,-1,,-1,,-1,,136.6625213623047,,1,1,
8,mathematics,2 + 3 =, 5, ,2,26,12177,0.9982638888888888,1.0,0.9333333333333332,136.6625213623047,ablate,random_norm_matched,5,8,,136.6625213623047,0.0015427470207214,9.143187753579696e-07,0.8744862079620361,0.8949229121208191,0.0204367041587829,0.0231010094285011,1,1,0,-1.4193642139434814,-1.3980140686035156,0.0213501453399658,-0.7096821069717407,-0.6990070343017578,0.0106750726699829,0.0007902784855104,0,final_token,-1,,-1,,-1,,136.6625213623047,,1,1,
8,mathematics,2 + 3 =, 5, ,2,26,12177,0.9982638888888888,1.0,0.9333333333333332,136.6625213623047,ablate,random_norm_matched,6,8,,136.6625213623047,0.0015427470207214,9.143187753579696e-07,0.8744862079620361,0.8755863308906555,0.0011001229286193,0.0012571811676025,1,1,0,-1.4193642139434814,-1.4161245822906494,0.003239631652832,-0.7096821069717407,-0.7080622911453247,0.001619815826416,0.0001490848808316,0,final_token,-1,,-1,,-1,,136.6625213623047,,1,1,
8,mathematics,2 + 3 =, 5, ,2,26,12177,0.9982638888888888,1.0,0.9333333333333332,136.6625213623047,ablate,random_norm_matched,7,8,,136.66250610351562,0.0015427470207214,9.143187753579696e-07,0.8744862079620361,0.8578141927719116,-0.0166720151901245,-0.0192490071058273,1,1,0,-1.4193642139434814,-1.434302806854248,-0.0149385929107666,-0.7096821069717407,-0.717151403427124,-0.0074692964553833,0.0006263264804147,0,final_token,-1,,-1,,-1,,136.6625213623047,,1,1,
8,mathematics,2 + 3 =, 5, ,2,26,12177,0.9982638888888888,1.0,0.9333333333333332,136.6625213623047,amplify_2x,sae_feature,-1,8,136.6625213623047,136.6625213623047,0.0015427470207214,9.143187753579696e-07,0.8744862079620361,0.8557546138763428,-0.0187315940856933,-0.0216528922319412,1,1,0,-1.4193642139434814,-1.4405322074890137,-0.0211679935455322,-0.7096821069717407,-0.7202661037445068,-0.0105839967727661,0.0006680559599772,0,final_token,-1,,-1,,-1,,136.6625213623047,,1,1,
8,mathematics,2 + 3 =, 5, ,2,26,12177,0.9982638888888888,1.0,0.9333333333333332,136.6625213623047,amplify_2x,random_norm_matched,0,8,,136.6625213623047,0.0015427470207214,9.143187753579696e-07,0.8744862079620361,0.8829483389854431,0.0084621310234069,0.0096301659941673,1,1,0,-1.4193642139434814,-1.4004740715026855,0.0188901424407959,-0.7096821069717407,-0.7002370357513428,0.0094450712203979,0.0002692357811611,0,final_token,-1,,-1,,-1,,136.6625213623047,,1,1,
8,mathematics,2 + 3 =, 5, ,2,26,12177,0.9982638888888888,1.0,0.9333333333333332,136.6625213623047,amplify_2x,random_norm_matched,1,8,,136.66253662109375,0.0015427470207214,9.143187753579696e-07,0.8744862079620361,0.8687084913253784,-0.0057777166366577,-0.006628930568695,1,1,0,-1.4193642139434814,-1.4261178970336914,-0.0067536830902099,-0.7096821069717407,-0.7130589485168457,-0.0033768415451049,0.0002195125853177,0,final_token,-1,,-1,,-1,,136.6625213623047,,1,1,
8,mathematics,2 + 3 =, 5, ,2,26,12177,0.9982638888888888,1.0,0.9333333333333332,136.6625213623047,amplify_2x,random_norm_matched,2,8,,136.66250610351562,0.0015427470207214,9.143187753579696e-07,0.8744862079620361,0.8903979063034058,0.0159116983413696,0.0180319249629974,1,1,0,-1.4193642139434814,-1.399617075920105,0.0197471380233764,-0.7096821069717407,-0.6998085379600525,0.0098735690116882,0.0004622540436685,0,final_token,-1,,-1,,-1,,136.6625213623047,,1,1,
8,mathematics,2 + 3 =, 5, ,2,26,12177,0.9982638888888888,1.0,0.9333333333333332,136.6625213623047,amplify_2x,random_norm_matched,3,8,,136.6625213623047,0.0015427470207214,9.143187753579696e-07,0.8744862079620361,0.8654729723930359,-0.0090132355690002,-0.0103604048490524,1,1,0,-1.4193642139434814,-1.417380690574646,0.0019835233688354,-0.7096821069717407,-0.708690345287323,0.0009917616844177,0.0002238315355498,0,final_token,-1,,-1,,-1,,136.6625213623047,,1,1,
8,mathematics,2 + 3 =, 5, ,2,26,12177,0.9982638888888888,1.0,0.9333333333333332,136.6625213623047,amplify_2x,random_norm_matched,4,8,,136.6625213623047,0.0015427470207214,9.143187753579696e-07,0.8744862079620361,0.867519199848175,-0.006967008113861,-0.0079988837242126,1,1,0,-1.4193642139434814,-1.4291270971298218,-0.0097628831863403,-0.7096821069717407,-0.7145635485649109,-0.0048814415931701,0.0001791456888895,0,final_token,-1,,-1,,-1,,136.6625213623047,,1,1,
8,mathematics,2 + 3 =, 5, ,2,26,12177,0.9982638888888888,1.0,0.9333333333333332,136.6625213623047,amplify_2x,random_norm_matched,5,8,,136.66250610351562,0.0015427470207214,9.143187753579696e-07,0.8744862079620361,0.8827201724052429,0.0082339644432067,0.0093716904520988,1,1,0,-1.4193642139434814,-1.3886882066726685,0.0306760072708129,-0.7096821069717407,-0.6943441033363342,0.0153380036354064,0.0003338703827466,0,final_token,-1,,-1,,-1,,136.6625213623047,,1,1,
8,mathematics,2 + 3 =, 5, ,2,26,12177,0.9982638888888888,1.0,0.9333333333333332,136.6625213623047,amplify_2x,random_norm_matched,6,8,,136.66250610351562,0.0015427470207214,9.143187753579696e-07,0.8744862079620361,0.8651688694953918,-0.0093173384666442,-0.0107118487358093,1,1,0,-1.4193642139434814,-1.4154579639434814,0.00390625,-0.7096821069717407,-0.7077289819717407,0.001953125,0.0003345983568578,0,final_token,-1,,-1,,-1,,136.6625213623047,,1,1,
8,mathematics,2 + 3 =, 5, ,2,26,12177,0.9982638888888888,1.0,0.9333333333333332,136.6625213623047,amplify_2x,random_norm_matched,7,8,,136.6625213623047,0.0015427470207214,9.143187753579696e-07,0.8744862079620361,0.9011595845222472,0.0266733765602111,0.0300458148121833,1,1,0,-1.4193642139434814,-1.385585904121399,0.0337783098220825,-0.7096821069717407,-0.6927929520606995,0.0168891549110412,0.0010736472904682,0,final_token,-1,,-1,,-1,,136.6625213623047,,1,1,
9,mathematics,7 - 4 =, 3, ,2,26,12177,0.9982638888888888,1.0,0.9333333333333332,176.70884704589844,ablate,sae_feature,-1,8,-176.70884704589844,176.70883178710938,0.0020850151777267,6.171012500999495e-07,0.8756558299064636,0.9024972319602966,0.026841402053833,0.0301924645900726,1,1,0,-0.4153036475181579,-0.3818774223327636,0.0334262251853942,-0.2076518237590789,-0.1909387111663818,0.0167131125926971,0.0012447135522961,0,final_token,-1,,-1,,-1,,176.70884704589844,,1,1,
9,mathematics,7 - 4 =, 3, ,2,26,12177,0.9982638888888888,1.0,0.9333333333333332,176.70884704589844,ablate,random_norm_matched,0,8,,176.70883178710938,0.0020850151777267,6.171012500999495e-07,0.8756558299064636,0.8775812387466431,0.0019254088401794,0.0021964013576507,1,1,0,-0.4153036475181579,-0.409513771533966,0.0057898759841918,-0.2076518237590789,-0.204756885766983,0.0028949379920959,0.0003303418052382,0,final_token,-1,,-1,,-1,,176.70884704589844,,1,1,
9,mathematics,7 - 4 =, 3, ,2,26,12177,0.9982638888888888,1.0,0.9333333333333332,176.70884704589844,ablate,random_norm_matched,1,8,,176.7088165283203,0.0020850151777267,6.171012500999495e-07,0.8756558299064636,0.8767071962356567,0.0010513663291931,0.0011999011039733,1,1,0,-0.4153036475181579,-0.41322922706604,0.0020744204521179,-0.2076518237590789,-0.20661461353302,0.0010372102260589,0.000211390419281,0,final_token,-1,,-1,,-1,,176.70884704589844,,1,1,
9,mathematics,7 - 4 =, 3, ,2,26,12177,0.9982638888888888,1.0,0.9333333333333332,176.70884704589844,ablate,random_norm_matched,2,8,,176.70883178710938,0.0020850151777267,6.171012500999495e-07,0.8756558299064636,0.8723270297050476,-0.003328800201416,-0.0038087964057922,1,1,0,-0.4153036475181579,-0.4131050109863281,0.0021986365318298,-0.2076518237590789,-0.206552505493164,0.0010993182659149,0.0002483975549694,0,final_token,-1,,-1,,-1,,176.70884704589844,,1,1,
9,mathematics,7 - 4 =, 3, ,2,26,12177,0.9982638888888888,1.0,0.9333333333333332,176.70884704589844,ablate,random_norm_matched,3,8,,176.7088165283203,0.0020850151777267,6.171012500999495e-07,0.8756558299064636,0.863081693649292,-0.0125741362571716,-0.0144637823104858,1,1,0,-0.4153036475181579,-0.4352619051933288,-0.0199582576751709,-0.2076518237590789,-0.2176309525966644,-0.0099791288375854,0.000488971651066,0,final_token,-1,,-1,,-1,,176.70884704589844,,1,1,
9,mathematics,7 - 4 =, 3, ,2,26,12177,0.9982638888888888,1.0,0.9333333333333332,176.70884704589844,ablate,random_norm_matched,4,8,,176.7088165283203,0.0020850151777267,6.171012500999495e-07,0.8756558299064636,0.8776547908782959,0.0019989609718322,0.0022802054882049,1,1,0,-0.4153036475181579,-0.4144434928894043,0.0008601546287536,-0.2076518237590789,-0.2072217464447021,0.0004300773143768,0.0003864261379931,0,final_token,-1,,-1,,-1,,176.70884704589844,,1,1,
9,mathematics,7 - 4 =, 3, ,2,26,12177,0.9982638888888888,1.0,0.9333333333333332,176.70884704589844,ablate,random_norm_matched,5,8,,176.70883178710938,0.0020850151777267,6.171012500999495e-07,0.8756558299064636,0.8918060660362244,0.0161502361297607,0.0182755440473556,1,1,0,-0.4153036475181579,-0.4051077365875244,0.0101959109306335,-0.2076518237590789,-0.2025538682937622,0.0050979554653167,0.0006895828992128,0,final_token,-1,,-1,,-1,,176.70884704589844,,1,1,
9,mathematics,7 - 4 =, 3, ,2,26,12177,0.9982638888888888,1.0,0.9333333333333332,176.70884704589844,ablate,random_norm_matched,6,8,,176.7088165283203,0.0020850151777267,6.171012500999495e-07,0.8756558299064636,0.8885918855667114,0.0129360556602478,0.0146649256348609,1,1,0,-0.4153036475181579,-0.3934120833873749,0.021891564130783,-0.2076518237590789,-0.1967060416936874,0.0109457820653915,0.0007176147191785,0,final_token,-1,,-1,,-1,,176.70884704589844,,1,1,
9,mathematics,7 - 4 =, 3, ,2,26,12177,0.9982638888888888,1.0,0.9333333333333332,176.70884704589844,ablate,random_norm_matched,7,8,,176.70883178710938,0.0020850151777267,6.171012500999495e-07,0.8756558299064636,0.8912746906280518,0.0156188607215881,0.0176795274019241,1,1,0,-0.4153036475181579,-0.396181046962738,0.0191226005554199,-0.2076518237590789,-0.198090523481369,0.0095613002777099,0.000526885036379,0,final_token,-1,,-1,,-1,,176.70884704589844,,1,1,
9,mathematics,7 - 4 =, 3, ,2,26,12177,0.9982638888888888,1.0,0.9333333333333332,176.70884704589844,amplify_2x,sae_feature,-1,8,176.70884704589844,176.70883178710938,0.0020850151777267,6.171012500999495e-07,0.8756558299064636,0.8429906964302063,-0.0326651334762573,-0.0380172431468963,1,1,0,-0.4153036475181579,-0.4544544219970703,-0.0391507744789123,-0.2076518237590789,-0.2272272109985351,-0.0195753872394561,0.0014863442629575,0,final_token,-1,,-1,,-1,,176.70884704589844,,1,1,
9,mathematics,7 - 4 =, 3, ,2,26,12177,0.9982638888888888,1.0,0.9333333333333332,176.70884704589844,amplify_2x,random_norm_matched,0,8,,176.70883178710938,0.0020850151777267,6.171012500999495e-07,0.8756558299064636,0.8755223155021667,-0.0001335144042968,-0.0001524984836578,1,1,0,-0.4153036475181579,-0.4245666861534118,-0.0092630386352539,-0.2076518237590789,-0.2122833430767059,-0.0046315193176269,0.0002552260411903,0,final_token,-1,,-1,,-1,,176.70884704589844,,1,1,
9,mathematics,7 - 4 =, 3, ,2,26,12177,0.9982638888888888,1.0,0.9333333333333332,176.70884704589844,amplify_2x,random_norm_matched,1,8,,176.70883178710938,0.0020850151777267,6.171012500999495e-07,0.8756558299064636,0.8657091856002808,-0.0099466443061828,-0.0114240944385528,1,1,0,-0.4153036475181579,-0.4240355491638183,-0.0087319016456604,-0.2076518237590789,-0.2120177745819091,-0.0043659508228302,0.0006008535856381,0,final_token,-1,,-1,,-1,,176.70884704589844,,1,1,
9,mathematics,7 - 4 =, 3, ,2,26,12177,0.9982638888888888,1.0,0.9333333333333332,176.70884704589844,amplify_2x,random_norm_matched,2,8,,176.70883178710938,0.0020850151777267,6.171012500999495e-07,0.8756558299064636,0.8876780271530151,0.0120221972465515,0.013635940849781,1,1,0,-0.4153036475181579,-0.4088110327720642,0.0064926147460937,-0.2076518237590789,-0.2044055163860321,0.0032463073730468,0.0005705072544515,0,final_token,-1,,-1,,-1,,176.70884704589844,,1,1,
9,mathematics,7 - 4 =, 3, ,2,26,12177,0.9982638888888888,1.0,0.9333333333333332,176.70884704589844,amplify_2x,random_norm_matched,3,8,,176.70884704589844,0.0020850151777267,6.171012500999495e-07,0.8756558299064636,0.8953313231468201,0.0196754932403564,0.0222206711769104,1,1,0,-0.4153036475181579,-0.391684889793396,0.0236187577247619,-0.2076518237590789,-0.195842444896698,0.0118093788623809,0.0006676551420241,0,final_token,-1,,-1,,-1,,176.70884704589844,,1,1,
9,mathematics,7 - 4 =, 3, ,2,26,12177,0.9982638888888888,1.0,0.9333333333333332,176.70884704589844,amplify_2x,random_norm_matched,4,8,,176.70884704589844,0.0020850151777267,6.171012500999495e-07,0.8756558299064636,0.8783305287361145,0.0026746988296508,0.0030498057603836,1,1,0,-0.4153036475181579,-0.4085184037685394,0.0067852437496185,-0.2076518237590789,-0.2042592018842697,0.0033926218748092,0.0002893387572839,0,final_token,-1,,-1,,-1,,176.70884704589844,,1,1,
9,mathematics,7 - 4 =, 3, ,2,26,12177,0.9982638888888888,1.0,0.9333333333333332,176.70884704589844,amplify_2x,random_norm_matched,5,8,,176.7088165283203,0.0020850151777267,6.171012500999495e-07,0.8756558299064636,0.8829039335250854,0.0072481036186218,0.0082432329654693,1,1,0,-0.4153036475181579,-0.4145879745483398,0.0007156729698181,-0.2076518237590789,-0.2072939872741699,0.000357836484909,0.0003378905530553,0,final_token,-1,,-1,,-1,,176.70884704589844,,1,1,
9,mathematics,7 - 4 =, 3, ,2,26,12177,0.9982638888888888,1.0,0.9333333333333332,176.70884704589844,amplify_2x,random_norm_matched,6,8,,176.70883178710938,0.0020850151777267,6.171012500999495e-07,0.8756558299064636,0.8569021821022034,-0.0187536478042602,-0.0216493755578994,1,1,0,-0.4153036475181579,-0.4374941885471344,-0.0221905410289764,-0.2076518237590789,-0.2187470942735672,-0.0110952705144882,0.0007382079493254,0,final_token,-1,,-1,,-1,,176.70884704589844,,1,1,
9,mathematics,7 - 4 =, 3, ,2,26,12177,0.9982638888888888,1.0,0.9333333333333332,176.70884704589844,amplify_2x,random_norm_matched,7,8,,176.70883178710938,0.0020850151777267,6.171012500999495e-07,0.8756558299064636,0.8567458987236023,-0.0189099311828613,-0.0218318104743957,1,1,0,-0.4153036475181579,-0.4349367618560791,-0.0196331143379211,-0.2076518237590789,-0.2174683809280395,-0.0098165571689605,0.000833191035781,0,final_token,-1,,-1,,-1,,176.70884704589844,,1,1,
10,mathematics,6 * 2 =, 12, ,3,26,12177,0.9982638888888888,1.0,0.9333333333333332,157.9477996826172,ablate,sae_feature,-1,8,-157.9477996826172,157.94778442382812,0.0014098137617111,4.5836532081011683e-07,0.908487856388092,0.9291303753852844,0.0206425189971923,0.0224675387144088,1,1,0,-0.3833167850971222,-0.3540249168872833,0.0292918682098388,-0.1277722716331482,-0.1180083081126213,0.0097639635205268,0.000977297546342,0,final_token,-1,,-1,,-1,,157.9477996826172,,1,1,
10,mathematics,6 * 2 =, 12, ,3,26,12177,0.9982638888888888,1.0,0.9333333333333332,157.9477996826172,ablate,random_norm_matched,0,8,,157.94778442382812,0.0014098137617111,4.5836532081011683e-07,0.908487856388092,0.899454653263092,-0.009033203125,-0.0099929049611091,1,1,0,-0.3833167850971222,-0.3951336145401001,-0.0118168294429779,-0.1277722716331482,-0.1317112147808075,-0.0039389431476593,0.0004637246020138,0,final_token,-1,,-1,,-1,,157.9477996826172,,1,1,
10,mathematics,6 * 2 =, 12, ,3,26,12177,0.9982638888888888,1.0,0.9333333333333332,157.9477996826172,ablate,random_norm_matched,1,8,,157.94778442382812,0.0014098137617111,4.5836532081011683e-07,0.908487856388092,0.9059154987335204,-0.0025723576545715,-0.0028354972600936,1,1,0,-0.3833167850971222,-0.3871803879737854,-0.0038636028766632,-0.1277722716331482,-0.1290601342916488,-0.0012878626585006,0.000195974484086,0,final_token,-1,,-1,,-1,,157.9477996826172,,1,1,
10,mathematics,6 * 2 =, 12, ,3,26,12177,0.9982638888888888,1.0,0.9333333333333332,157.9477996826172,ablate,random_norm_matched,2,8,,157.94778442382812,0.0014098137617111,4.5836532081011683e-07,0.908487856388092,0.8928495645523071,-0.0156382918357849,-0.0173634439706802,1,1,0,-0.3833167850971222,-0.3977338075637817,-0.0144170224666595,-0.1277722716331482,-0.1325779408216476,-0.0048056691884994,0.0006110173999331,0,final_token,-1,,-1,,-1,,157.9477996826172,,1,1,
10,mathematics,6 * 2 =, 12, ,3,26,12177,0.9982638888888888,1.0,0.9333333333333332,157.9477996826172,ablate,random_norm_matched,3,8,,157.94778442382812,0.0014098137617111,4.5836532081011683e-07,0.908487856388092,0.9067977070808412,-0.0016901493072509,-0.0018621087074279,1,1,0,-0.3833167850971222,-0.3800254464149475,0.0032913386821746,-0.1277722716331482,-0.1266751587390899,0.0010971128940582,0.0002210137754445,0,final_token,-1,,-1,,-1,,157.9477996826172,,1,1,
10,mathematics,6 * 2 =, 12, ,3,26,12177,0.9982638888888888,1.0,0.9333333333333332,157.9477996826172,ablate,random_norm_matched,4,8,,157.94776916503906,0.0014098137617111,4.5836532081011683e-07,0.908487856388092,0.8851887583732605,-0.0232990980148315,-0.0259806215763092,1,1,0,-0.3833167850971222,-0.4043472409248352,-0.021030455827713,-0.1277722716331482,-0.1347824186086654,-0.0070101469755172,0.0009353460045531,0,final_token,-1,,-1,,-1,,157.9477996826172,,1,1,
10,mathematics,6 * 2 =, 12, ,3,26,12177,0.9982638888888888,1.0,0.9333333333333332,157.9477996826172,ablate,random_norm_matched,5,8,,157.94778442382812,0.0014098137617111,4.5836532081011683e-07,0.908487856388092,0.9246469736099244,0.0161591172218322,0.0176304727792739,1,1,0,-0.3833167850971222,-0.3706450760364532,0.0126717090606689,-0.1277722716331482,-0.1235483586788177,0.0042239129543304,0.0005831263842992,0,final_token,-1,,-1,,-1,,157.9477996826172,,1,1,
10,mathematics,6 * 2 =, 12, ,3,26,12177,0.9982638888888888,1.0,0.9333333333333332,157.9477996826172,ablate,random_norm_matched,6,8,,157.94778442382812,0.0014098137617111,4.5836532081011683e-07,0.908487856388092,0.9152072072029114,0.0067193508148193,0.0073689743876457,1,1,0,-0.3833167850971222,-0.3787379264831543,0.0045788586139678,-0.1277722716331482,-0.1262459754943847,0.0015262961387634,0.000202703900868,0,final_token,-1,,-1,,-1,,157.9477996826172,,1,1,
10,mathematics,6 * 2 =, 12, ,3,26,12177,0.9982638888888888,1.0,0.9333333333333332,157.9477996826172,ablate,random_norm_matched,7,8,,157.9477996826172,0.0014098137617111,4.5836532081011683e-07,0.908487856388092,0.915994107723236,0.007506251335144,0.0082284063100814,1,1,0,-0.3833167850971222,-0.3797234892845154,0.0035932958126068,-0.1277722716331482,-0.1265745013952255,0.0011977702379226,0.0003170795389451,0,final_token,-1,,-1,,-1,,157.9477996826172,,1,1,
10,mathematics,6 * 2 =, 12, ,3,26,12177,0.9982638888888888,1.0,0.9333333333333332,157.9477996826172,amplify_2x,sae_feature,-1,8,157.9477996826172,157.94778442382812,0.0014098137617111,4.5836532081011683e-07,0.908487856388092,0.8838129639625549,-0.0246748924255371,-0.0275360867381095,1,1,0,-0.3833167850971222,-0.4196068048477173,-0.036290019750595,-0.1277722716331482,-0.1398689448833465,-0.0120966732501983,0.0011552162468433,0,final_token,-1,,-1,,-1,,157.9477996826172,,1,1,
10,mathematics,6 * 2 =, 12, ,3,26,12177,0.9982638888888888,1.0,0.9333333333333332,157.9477996826172,amplify_2x,random_norm_matched,0,8,,157.94776916503906,0.0014098137617111,4.5836532081011683e-07,0.908487856388092,0.9289414882659912,0.0204536318778991,0.0222642049193382,1,1,0,-0.3833167850971222,-0.3619928359985351,0.021323949098587,-0.1277722716331482,-0.1206642836332321,0.007107987999916,0.0009062913013622,0,final_token,-1,,-1,,-1,,157.9477996826172,,1,1,
10,mathematics,6 * 2 =, 12, ,3,26,12177,0.9982638888888888,1.0,0.9333333333333332,157.9477996826172,amplify_2x,random_norm_matched,1,8,,157.94778442382812,0.0014098137617111,4.5836532081011683e-07,0.908487856388092,0.914021611213684,0.005533754825592,0.0060727074742317,1,1,0,-0.3833167850971222,-0.3742550611495971,0.009061723947525,-0.1277722716331482,-0.1247516870498657,0.0030205845832824,0.0004426387022249,0,final_token,-1,,-1,,-1,,157.9477996826172,,1,1,
10,mathematics,6 * 2 =, 12, ,3,26,12177,0.9982638888888888,1.0,0.9333333333333332,157.9477996826172,amplify_2x,random_norm_matched,2,8,,157.94778442382812,0.0014098137617111,4.5836532081011683e-07,0.908487856388092,0.902153730392456,-0.0063341259956359,-0.0069965720176696,1,1,0,-0.3833167850971222,-0.3943240046501159,-0.0110072195529937,-0.1277722716331482,-0.1314413398504257,-0.0036690682172775,0.0002012968470808,0,final_token,-1,,-1,,-1,,157.9477996826172,,1,1,
10,mathematics,6 * 2 =, 12, ,3,26,12177,0.9982638888888888,1.0,0.9333333333333332,157.9477996826172,amplify_2x,random_norm_matched,3,8,,157.94776916503906,0.0014098137617111,4.5836532081011683e-07,0.908487856388092,0.9157132506370544,0.0072253942489624,0.0079217180609703,1,1,0,-0.3833167850971222,-0.3732128739356994,0.0101039111614227,-0.1277722716331482,-0.1244042962789535,0.0033679753541946,0.0003042191383428,0,final_token,-1,,-1,,-1,,157.9477996826172,,1,1,
10,mathematics,6 * 2 =, 12, ,3,26,12177,0.9982638888888888,1.0,0.9333333333333332,157.9477996826172,amplify_2x,random_norm_matched,4,8,,157.94778442382812,0.0014098137617111,4.5836532081011683e-07,0.908487856388092,0.9255276918411256,0.0170398354530334,0.0185825154185295,1,1,0,-0.3833167850971222,-0.369552731513977,0.0137640535831451,-0.1277722716331482,-0.123184248805046,0.0045880228281021,0.0006149473483674,0,final_token,-1,,-1,,-1,,157.9477996826172,,1,1,
10,mathematics,6 * 2 =, 12, ,3,26,12177,0.9982638888888888,1.0,0.9333333333333332,157.9477996826172,amplify_2x,random_norm_matched,5,8,,157.94778442382812,0.0014098137617111,4.5836532081011683e-07,0.908487856388092,0.906951367855072,-0.00153648853302,-0.0016927048563957,1,1,0,-0.3833167850971222,-0.387021541595459,-0.0037047564983367,-0.1277722716331482,-0.1290071904659271,-0.0012349188327789,0.000237073196331,0,final_token,-1,,-1,,-1,,157.9477996826172,,1,1,
10,mathematics,6 * 2 =, 12, ,3,26,12177,0.9982638888888888,1.0,0.9333333333333332,157.9477996826172,amplify_2x,random_norm_matched,6,8,,157.94776916503906,0.0014098137617111,4.5836532081011683e-07,0.908487856388092,0.9086340069770812,0.0001461505889892,0.0001608356833457,1,1,0,-0.3833167850971222,-0.3845835030078888,-0.0012667179107666,-0.1277722716331482,-0.128194510936737,-0.0004222393035888,0.0004226968449074,0,final_token,-1,,-1,,-1,,157.9477996826172,,1,1,
10,mathematics,6 * 2 =, 12, ,3,26,12177,0.9982638888888888,1.0,0.9333333333333332,157.9477996826172,amplify_2x,random_norm_matched,7,8,,157.94778442382812,0.0014098137617111,4.5836532081011683e-07,0.908487856388092,0.8981712460517883,-0.0103166103363037,-0.0114207416772842,1,1,0,-0.3833167850971222,-0.3902068138122558,-0.0068900287151336,-0.1277722716331482,-0.1300689429044723,-0.0022966712713241,0.0003308620362076,0,final_token,-1,,-1,,-1,,157.9477996826172,,1,1,
11,mathematics,The square root of 81 is, 9, ,2,26,12177,0.9982638888888888,1.0,0.9333333333333332,197.7279815673828,ablate,sae_feature,-1,8,-197.7279815673828,197.72796630859372,-0.0015064477920532,6.317859515547752e-06,0.5005343556404114,0.5130572319030762,0.0125228762626647,0.0247111320495605,1,1,0,-0.7198755741119385,-0.6950526833534241,0.0248228907585144,-0.3599377870559692,-0.347526341676712,0.0124114453792572,0.0037024163175374,0,final_token,-1,,-1,,-1,,197.7279815673828,,1,1,
11,mathematics,The square root of 81 is, 9, ,2,26,12177,0.9982638888888888,1.0,0.9333333333333332,197.7279815673828,ablate,random_norm_matched,0,8,,197.72796630859372,-0.0015064477920532,6.317859515547752e-06,0.5005343556404114,0.5251599550247192,0.0246255993843078,0.0480266809463501,1,1,0,-0.7198755741119385,-0.6712253093719482,0.0486502647399902,-0.3599377870559692,-0.3356126546859741,0.0243251323699951,0.0023578177206218,0,final_token,-1,,-1,,-1,,197.7279815673828,,1,1,
11,mathematics,The square root of 81 is, 9, ,2,26,12177,0.9982638888888888,1.0,0.9333333333333332,197.7279815673828,ablate,random_norm_matched,1,8,,197.72796630859372,-0.0015064477920532,6.317859515547752e-06,0.5005343556404114,0.4811649322509765,-0.0193694233894348,-0.0394661426544189,1,1,0,-0.7198755741119385,-0.7595682740211487,-0.0396926999092102,-0.3599377870559692,-0.3797841370105743,-0.0198463499546051,0.0018681673100218,0,final_token,-1,,-1,,-1,,197.7279815673828,,1,1,
11,mathematics,The square root of 81 is, 9, ,2,26,12177,0.9982638888888888,1.0,0.9333333333333332,197.7279815673828,ablate,random_norm_matched,2,8,,197.7279510498047,-0.0015064477920532,6.317859515547752e-06,0.5005343556404114,0.5546303987503052,0.0540960431098938,0.1026257276535034,1,1,0,-0.7198755741119385,-0.6192558407783508,0.1006197333335876,-0.3599377870559692,-0.3096279203891754,0.0503098666667938,0.0032783155329525,0,final_token,-1,,-1,,-1,,197.7279815673828,,1,1,
11,mathematics,The square root of 81 is, 9, ,2,26,12177,0.9982638888888888,1.0,0.9333333333333332,197.7279815673828,ablate,random_norm_matched,3,8,,197.72796630859372,-0.0015064477920532,6.317859515547752e-06,0.5005343556404114,0.4898207783699035,-0.0107135772705078,-0.0216366648674011,1,1,0,-0.7198755741119385,-0.7420506477355957,-0.0221750736236572,-0.3599377870559692,-0.3710253238677978,-0.0110875368118286,0.0021347319707274,0,final_token,-1,,-1,,-1,,197.7279815673828,,1,1,
11,mathematics,The square root of 81 is, 9, ,2,26,12177,0.9982638888888888,1.0,0.9333333333333332,197.7279815673828,ablate,random_norm_matched,4,8,,197.7279510498047,-0.0015064477920532,6.317859515547752e-06,0.5005343556404114,0.4508333802223205,-0.0497009754180908,-0.1045783758163452,1,1,0,-0.7198755741119385,-0.8247349858283997,-0.1048594117164611,-0.3599377870559692,-0.4123674929141998,-0.0524297058582305,0.0039760107174515,0,final_token,-1,,-1,,-1,,197.7279815673828,,1,1,
11,mathematics,The square root of 81 is, 9, ,2,26,12177,0.9982638888888888,1.0,0.9333333333333332,197.7279815673828,ablate,random_norm_matched,5,8,,197.72796630859372,-0.0015064477920532,6.317859515547752e-06,0.5005343556404114,0.5293586850166321,0.0288243293762207,0.0559899806976318,1,1,0,-0.7198755741119385,-0.6642670631408691,0.0556085109710693,-0.3599377870559692,-0.3321335315704345,0.0278042554855346,0.0024583260528743,0,final_token,-1,,-1,,-1,,197.7279815673828,,1,1,
11,mathematics,The square root of 81 is, 9, ,2,26,12177,0.9982638888888888,1.0,0.9333333333333332,197.7279815673828,ablate,random_norm_matched,6,8,,197.7279510498047,-0.0015064477920532,6.317859515547752e-06,0.5005343556404114,0.4675281047821045,-0.0330062508583068,-0.0682167410850524,1,1,0,-0.7198755741119385,-0.7897573709487915,-0.069881796836853,-0.3599377870559692,-0.3948786854743957,-0.0349408984184265,0.0025779756251722,0,final_token,-1,,-1,,-1,,197.7279815673828,,1,1,
11,mathematics,The square root of 81 is, 9, ,2,26,12177,0.9982638888888888,1.0,0.9333333333333332,197.7279815673828,ablate,random_norm_matched,7,8,,197.72796630859372,-0.0015064477920532,6.317859515547752e-06,0.5005343556404114,0.5380356907844543,0.0375013351440429,0.0722486972808837,1,1,0,-0.7198755741119385,-0.6480046510696411,0.0718709230422973,-0.3599377870559692,-0.3240023255348205,0.0359354615211486,0.0029244862962514,0,final_token,-1,,-1,,-1,,197.7279815673828,,1,1,
11,mathematics,The square root of 81 is, 9, ,2,26,12177,0.9982638888888888,1.0,0.9333333333333332,197.7279815673828,amplify_2x,sae_feature,-1,8,197.7279815673828,197.72796630859372,-0.0015064477920532,6.317859515547752e-06,0.5005343556404114,0.4848945736885071,-0.0156397819519042,-0.0317447185516357,1,1,0,-0.7198755741119385,-0.7526205778121948,-0.0327450037002563,-0.3599377870559692,-0.3763102889060974,-0.0163725018501281,0.0034932298585772,0,final_token,-1,,-1,,-1,,197.7279815673828,,1,1,
11,mathematics,The square root of 81 is, 9, ,2,26,12177,0.9982638888888888,1.0,0.9333333333333332,197.7279815673828,amplify_2x,random_norm_matched,0,8,,197.72796630859372,-0.0015064477920532,6.317859515547752e-06,0.5005343556404114,0.5487152338027954,0.048180878162384,0.0919033885002136,1,1,0,-0.7198755741119385,-0.6273026466369629,0.0925729274749755,-0.3599377870559692,-0.3136513233184814,0.0462864637374877,0.003930487204343,0,final_token,-1,,-1,,-1,,197.7279815673828,,1,1,
11,mathematics,The square root of 81 is, 9, ,2,26,12177,0.9982638888888888,1.0,0.9333333333333332,197.7279815673828,amplify_2x,random_norm_matched,1,8,,197.72796630859372,-0.0015064477920532,6.317859515547752e-06,0.5005343556404114,0.4837172031402588,-0.0168171525001525,-0.0341758131980896,1,1,0,-0.7198755741119385,-0.7552811503410339,-0.0354055762290954,-0.3599377870559692,-0.3776405751705169,-0.0177027881145477,0.0024223211221396,0,final_token,-1,,-1,,-1,,197.7279815673828,,1,1,
11,mathematics,The square root of 81 is, 9, ,2,26,12177,0.9982638888888888,1.0,0.9333333333333332,197.7279815673828,amplify_2x,random_norm_matched,2,8,,197.72796630859372,-0.0015064477920532,6.317859515547752e-06,0.5005343556404114,0.409816026687622,-0.0907183289527893,-0.1999678611755371,1,1,0,-0.7198755741119385,-0.9214940071105956,-0.2016184329986572,-0.3599377870559692,-0.4607470035552978,-0.1008092164993286,0.0064942296594381,0,final_token,-1,,-1,,-1,,197.7279815673828,,1,1,
11,mathematics,The square root of 81 is, 9, ,2,26,12177,0.9982638888888888,1.0,0.9333333333333332,197.7279815673828,amplify_2x,random_norm_matched,3,8,,197.7279510498047,-0.0015064477920532,6.317859515547752e-06,0.5005343556404114,0.4924359023571014,-0.0080984532833099,-0.0163119435310363,1,1,0,-0.7198755741119385,-0.7363529801368713,-0.0164774060249328,-0.3599377870559692,-0.3681764900684356,-0.0082387030124664,0.0027999025769531,0,final_token,-1,,-1,,-1,,197.7279815673828,,1,1,
11,mathematics,The square root of 81 is, 9, ,2,26,12177,0.9982638888888888,1.0,0.9333333333333332,197.7279815673828,amplify_2x,random_norm_matched,4,8,,197.72799682617188,-0.0015064477920532,6.317859515547752e-06,0.5005343556404114,0.4587709307670593,-0.041763424873352,-0.0871251821517944,1,1,0,-0.7198755741119385,-0.8065423369407654,-0.0866667628288269,-0.3599377870559692,-0.4032711684703827,-0.0433333814144134,0.002773055806756,0,final_token,-1,,-1,,-1,,197.7279815673828,,1,1,
11,mathematics,The square root of 81 is, 9, ,2,26,12177,0.9982638888888888,1.0,0.9333333333333332,197.7279815673828,amplify_2x,random_norm_matched,5,8,,197.72796630859372,-0.0015064477920532,6.317859515547752e-06,0.5005343556404114,0.5552517771720886,0.0547174215316772,0.1037454605102539,1,1,0,-0.7198755741119385,-0.6153631210327148,0.1045124530792236,-0.3599377870559692,-0.3076815605163574,0.0522562265396118,0.0036404710263013,0,final_token,-1,,-1,,-1,,197.7279815673828,,1,1,
11,mathematics,The square root of 81 is, 9, ,2,26,12177,0.9982638888888888,1.0,0.9333333333333332,197.7279815673828,amplify_2x,random_norm_matched,6,8,,197.7279510498047,-0.0015064477920532,6.317859515547752e-06,0.5005343556404114,0.503960371017456,0.0034260153770446,0.0068213939666748,1,1,0,-0.7198755741119385,-0.7123516798019409,0.0075238943099975,-0.3599377870559692,-0.3561758399009704,0.0037619471549987,0.0022844010964035,0,final_token,-1,,-1,,-1,,197.7279815673828,,1,1,
11,mathematics,The square root of 81 is, 9, ,2,26,12177,0.9982638888888888,1.0,0.9333333333333332,197.7279815673828,amplify_2x,random_norm_matched,7,8,,197.7279510498047,-0.0015064477920532,6.317859515547752e-06,0.5005343556404114,0.4696731269359588,-0.0308612287044525,-0.0636392831802368,1,1,0,-0.7198755741119385,-0.7845020890235901,-0.0646265149116516,-0.3599377870559692,-0.392251044511795,-0.0323132574558258,0.0025188229046761,0,final_token,-1,,-1,,-1,,197.7279815673828,,1,1,
12,code,Python function declaration keyword:, def, def,1,26,19655,0.988136574074074,0.9661458333333334,0.8235294117647058,86.84410095214844,ablate,sae_feature,-1,8,-86.84410095214844,86.8440933227539,-0.0099923610687255,8.427170541835949e-06,0.1479483097791671,0.1609863340854644,0.0130380243062973,0.0844565629959106,1,1,0,-1.910892367362976,-1.8264358043670652,0.0844565629959106,-1.910892367362976,-1.8264358043670652,0.0844565629959106,0.0010792430257424,0,final_token,-1,,-1,,-1,,86.84410095214844,,1,1,
12,code,Python function declaration keyword:, def, def,1,26,19655,0.988136574074074,0.9661458333333334,0.8235294117647058,86.84410095214844,ablate,random_norm_matched,0,8,,86.84408569335938,-0.0099923610687255,8.427170541835949e-06,0.1479483097791671,0.1381186693906784,-0.0098296403884887,-0.0687496662139892,1,1,0,-1.910892367362976,-1.979642033576965,-0.0687496662139892,-1.910892367362976,-1.979642033576965,-0.0687496662139892,0.0005721459165215,0,final_token,-1,,-1,,-1,,86.84410095214844,,1,1,
12,code,Python function declaration keyword:, def, def,1,26,19655,0.988136574074074,0.9661458333333334,0.8235294117647058,86.84410095214844,ablate,random_norm_matched,1,8,,86.84410095214844,-0.0099923610687255,8.427170541835949e-06,0.1479483097791671,0.1415441781282425,-0.0064041316509246,-0.0442509651184082,1,1,0,-1.910892367362976,-1.9551433324813845,-0.0442509651184082,-1.910892367362976,-1.9551433324813845,-0.0442509651184082,0.0004634617653209,0,final_token,-1,,-1,,-1,,86.84410095214844,,1,1,
12,code,Python function declaration keyword:, def, def,1,26,19655,0.988136574074074,0.9661458333333334,0.8235294117647058,86.84410095214844,ablate,random_norm_matched,2,8,,86.8440933227539,-0.0099923610687255,8.427170541835949e-06,0.1479483097791671,0.1523289084434509,0.0043805986642837,0.0291790962219238,1,1,0,-1.910892367362976,-1.881713271141052,0.0291790962219238,-1.910892367362976,-1.881713271141052,0.0291790962219238,0.0004920051433146,0,final_token,-1,,-1,,-1,,86.84410095214844,,1,1,
12,code,Python function declaration keyword:, def, def,1,26,19655,0.988136574074074,0.9661458333333334,0.8235294117647058,86.84410095214844,ablate,random_norm_matched,3,8,,86.8440933227539,-0.0099923610687255,8.427170541835949e-06,0.1479483097791671,0.1432649046182632,-0.0046834051609039,-0.0321675539016723,1,1,0,-1.910892367362976,-1.9430599212646484,-0.0321675539016723,-1.910892367362976,-1.9430599212646484,-0.0321675539016723,0.0004986419808119,0,final_token,-1,,-1,,-1,,86.84410095214844,,1,1,
12,code,Python function declaration keyword:, def, def,1,26,19655,0.988136574074074,0.9661458333333334,0.8235294117647058,86.84410095214844,ablate,random_norm_matched,4,8,,86.8440933227539,-0.0099923610687255,8.427170541835949e-06,0.1479483097791671,0.1451392620801925,-0.0028090476989746,-0.0191692113876342,1,1,0,-1.910892367362976,-1.9300615787506104,-0.0191692113876342,-1.910892367362976,-1.9300615787506104,-0.0191692113876342,0.0008163430029526,0,final_token,-1,,-1,,-1,,86.84410095214844,,1,1,
12,code,Python function declaration keyword:, def, def,1,26,19655,0.988136574074074,0.9661458333333334,0.8235294117647058,86.84410095214844,ablate,random_norm_matched,5,8,,86.84410095214844,-0.0099923610687255,8.427170541835949e-06,0.1479483097791671,0.1437650471925735,-0.0041832625865936,-0.0286825895309448,1,1,0,-1.910892367362976,-1.939574956893921,-0.0286825895309448,-1.910892367362976,-1.939574956893921,-0.0286825895309448,0.0006471151136793,0,final_token,-1,,-1,,-1,,86.84410095214844,,1,1,
12,code,Python function declaration keyword:, def, def,1,26,19655,0.988136574074074,0.9661458333333334,0.8235294117647058,86.84410095214844,ablate,random_norm_matched,6,8,,86.8440933227539,-0.0099923610687255,8.427170541835949e-06,0.1479483097791671,0.1480722427368164,0.0001239329576492,0.0008373260498046,1,1,0,-1.910892367362976,-1.9100550413131716,0.0008373260498046,-1.910892367362976,-1.9100550413131716,0.0008373260498046,0.0006650206632912,0,final_token,-1,,-1,,-1,,86.84410095214844,,1,1,
12,code,Python function declaration keyword:, def, def,1,26,19655,0.988136574074074,0.9661458333333334,0.8235294117647058,86.84410095214844,ablate,random_norm_matched,7,8,,86.8440933227539,-0.0099923610687255,8.427170541835949e-06,0.1479483097791671,0.1537142097949981,0.0057659000158309,0.0382322072982788,1,1,0,-1.910892367362976,-1.8726601600646973,0.0382322072982788,-1.910892367362976,-1.8726601600646973,0.0382322072982788,0.0007380922324955,0,final_token,-1,,-1,,-1,,86.84410095214844,,1,1,
12,code,Python function declaration keyword:, def, def,1,26,19655,0.988136574074074,0.9661458333333334,0.8235294117647058,86.84410095214844,amplify_2x,sae_feature,-1,8,86.84410095214844,86.8440933227539,-0.0099923610687255,8.427170541835949e-06,0.1479483097791671,0.1367071270942688,-0.0112411826848983,-0.0790220499038696,1,1,0,-1.910892367362976,-1.9899144172668457,-0.0790220499038696,-1.910892367362976,-1.9899144172668457,-0.0790220499038696,0.0010572047904133,0,final_token,-1,,-1,,-1,,86.84410095214844,,1,1,
12,code,Python function declaration keyword:, def, def,1,26,19655,0.988136574074074,0.9661458333333334,0.8235294117647058,86.84410095214844,amplify_2x,random_norm_matched,0,8,,86.84410095214844,-0.0099923610687255,8.427170541835949e-06,0.1479483097791671,0.1550420373678207,0.0070937275886535,0.0468333959579467,1,1,0,-1.910892367362976,-1.8640589714050293,0.0468333959579467,-1.910892367362976,-1.8640589714050293,0.0468333959579467,0.0004976740456186,0,final_token,-1,,-1,,-1,,86.84410095214844,,1,1,
12,code,Python function declaration keyword:, def, def,1,26,19655,0.988136574074074,0.9661458333333334,0.8235294117647058,86.84410095214844,amplify_2x,random_norm_matched,1,8,,86.8440933227539,-0.0099923610687255,8.427170541835949e-06,0.1479483097791671,0.1456216871738433,-0.0023266226053237,-0.0158509016036987,1,1,0,-1.910892367362976,-1.9267432689666748,-0.0158509016036987,-1.910892367362976,-1.9267432689666748,-0.0158509016036987,0.0004072227166034,0,final_token,-1,,-1,,-1,,86.84410095214844,,1,1,
12,code,Python function declaration keyword:, def, def,1,26,19655,0.988136574074074,0.9661458333333334,0.8235294117647058,86.84410095214844,amplify_2x,random_norm_matched,2,8,,86.8440933227539,-0.0099923610687255,8.427170541835949e-06,0.1479483097791671,0.1380109637975692,-0.0099373459815979,-0.0695298910140991,1,1,0,-1.910892367362976,-1.9804222583770752,-0.0695298910140991,-1.910892367362976,-1.9804222583770752,-0.0695298910140991,0.00067390257027,0,final_token,-1,,-1,,-1,,86.84410095214844,,1,1,
12,code,Python function declaration keyword:, def, def,1,26,19655,0.988136574074074,0.9661458333333334,0.8235294117647058,86.84410095214844,amplify_2x,random_norm_matched,3,8,,86.8440933227539,-0.0099923610687255,8.427170541835949e-06,0.1479483097791671,0.1473546475172042,-0.0005936622619628,-0.0040205717086791,1,1,0,-1.910892367362976,-1.9149129390716555,-0.0040205717086791,-1.910892367362976,-1.9149129390716555,-0.0040205717086791,0.000660658464767,0,final_token,-1,,-1,,-1,,86.84410095214844,,1,1,
12,code,Python function declaration keyword:, def, def,1,26,19655,0.988136574074074,0.9661458333333334,0.8235294117647058,86.84410095214844,amplify_2x,random_norm_matched,4,8,,86.8440933227539,-0.0099923610687255,8.427170541835949e-06,0.1479483097791671,0.1596756279468536,0.0117273181676864,0.0762815475463867,1,1,0,-1.910892367362976,-1.8346108198165891,0.0762815475463867,-1.910892367362976,-1.8346108198165891,0.0762815475463867,0.0004921947256661,0,final_token,-1,,-1,,-1,,86.84410095214844,,1,1,
12,code,Python function declaration keyword:, def, def,1,26,19655,0.988136574074074,0.9661458333333334,0.8235294117647058,86.84410095214844,amplify_2x,random_norm_matched,5,8,,86.84408569335938,-0.0099923610687255,8.427170541835949e-06,0.1479483097791671,0.1470649391412735,-0.0008833706378936,-0.005988597869873,1,1,0,-1.910892367362976,-1.916880965232849,-0.005988597869873,-1.910892367362976,-1.916880965232849,-0.005988597869873,0.0004322887980379,0,final_token,-1,,-1,,-1,,86.84410095214844,,1,1,
12,code,Python function declaration keyword:, def, def,1,26,19655,0.988136574074074,0.9661458333333334,0.8235294117647058,86.84410095214844,amplify_2x,random_norm_matched,6,8,,86.8440933227539,-0.0099923610687255,8.427170541835949e-06,0.1479483097791671,0.1438929140567779,-0.0040553957223892,-0.027793526649475,1,1,0,-1.910892367362976,-1.9386858940124512,-0.027793526649475,-1.910892367362976,-1.9386858940124512,-0.027793526649475,0.0004619695828296,0,final_token,-1,,-1,,-1,,86.84410095214844,,1,1,
12,code,Python function declaration keyword:, def, def,1,26,19655,0.988136574074074,0.9661458333333334,0.8235294117647058,86.84410095214844,amplify_2x,random_norm_matched,7,8,,86.84407806396484,-0.0099923610687255,8.427170541835949e-06,0.1479483097791671,0.1731905937194824,0.0252422839403152,0.1575297117233276,1,1,0,-1.910892367362976,-1.7533626556396484,0.1575297117233276,-1.910892367362976,-1.7533626556396484,0.1575297117233276,0.0013347598724067,0,final_token,-1,,-1,,-1,,86.84410095214844,,1,1,
13,code,"In Python, an exception handler begins with the keyword", except, except,1,26,19655,0.988136574074074,0.9661458333333334,0.8235294117647058,0.0,ablate,sae_feature,-1,8,-0.0,0.0,-0.0141592025756835,7.210677722468972e-06,0.0128170559182763,0.0128170559182763,0.0,0.0,11,11,0,-4.356978416442871,-4.356978416442871,0.0,-4.356978416442871,-4.356978416442871,0.0,0.0,0,final_token,-1,,-1,,-1,,0.0,,0,0,
13,code,"In Python, an exception handler begins with the keyword", except, except,1,26,19655,0.988136574074074,0.9661458333333334,0.8235294117647058,0.0,ablate,random_norm_matched,0,8,,0.0,-0.0141592025756835,7.210677722468972e-06,0.0128170559182763,0.0128170559182763,0.0,0.0,11,11,0,-4.356978416442871,-4.356978416442871,0.0,-4.356978416442871,-4.356978416442871,0.0,0.0,0,final_token,-1,,-1,,-1,,0.0,,0,0,
13,code,"In Python, an exception handler begins with the keyword", except, except,1,26,19655,0.988136574074074,0.9661458333333334,0.8235294117647058,0.0,ablate,random_norm_matched,1,8,,0.0,-0.0141592025756835,7.210677722468972e-06,0.0128170559182763,0.0128170559182763,0.0,0.0,11,11,0,-4.356978416442871,-4.356978416442871,0.0,-4.356978416442871,-4.356978416442871,0.0,0.0,0,final_token,-1,,-1,,-1,,0.0,,0,0,
13,code,"In Python, an exception handler begins with the keyword", except, except,1,26,19655,0.988136574074074,0.9661458333333334,0.8235294117647058,0.0,ablate,random_norm_matched,2,8,,0.0,-0.0141592025756835,7.210677722468972e-06,0.0128170559182763,0.0128170559182763,0.0,0.0,11,11,0,-4.356978416442871,-4.356978416442871,0.0,-4.356978416442871,-4.356978416442871,0.0,0.0,0,final_token,-1,,-1,,-1,,0.0,,0,0,
13,code,"In Python, an exception handler begins with the keyword", except, except,1,26,19655,0.988136574074074,0.9661458333333334,0.8235294117647058,0.0,ablate,random_norm_matched,3,8,,0.0,-0.0141592025756835,7.210677722468972e-06,0.0128170559182763,0.0128170559182763,0.0,0.0,11,11,0,-4.356978416442871,-4.356978416442871,0.0,-4.356978416442871,-4.356978416442871,0.0,0.0,0,final_token,-1,,-1,,-1,,0.0,,0,0,
13,code,"In Python, an exception handler begins with the keyword", except, except,1,26,19655,0.988136574074074,0.9661458333333334,0.8235294117647058,0.0,ablate,random_norm_matched,4,8,,0.0,-0.0141592025756835,7.210677722468972e-06,0.0128170559182763,0.0128170559182763,0.0,0.0,11,11,0,-4.356978416442871,-4.356978416442871,0.0,-4.356978416442871,-4.356978416442871,0.0,0.0,0,final_token,-1,,-1,,-1,,0.0,,0,0,
13,code,"In Python, an exception handler begins with the keyword", except, except,1,26,19655,0.988136574074074,0.9661458333333334,0.8235294117647058,0.0,ablate,random_norm_matched,5,8,,0.0,-0.0141592025756835,7.210677722468972e-06,0.0128170559182763,0.0128170559182763,0.0,0.0,11,11,0,-4.356978416442871,-4.356978416442871,0.0,-4.356978416442871,-4.356978416442871,0.0,0.0,0,final_token,-1,,-1,,-1,,0.0,,0,0,
13,code,"In Python, an exception handler begins with the keyword", except, except,1,26,19655,0.988136574074074,0.9661458333333334,0.8235294117647058,0.0,ablate,random_norm_matched,6,8,,0.0,-0.0141592025756835,7.210677722468972e-06,0.0128170559182763,0.0128170559182763,0.0,0.0,11,11,0,-4.356978416442871,-4.356978416442871,0.0,-4.356978416442871,-4.356978416442871,0.0,0.0,0,final_token,-1,,-1,,-1,,0.0,,0,0,
13,code,"In Python, an exception handler begins with the keyword", except, except,1,26,19655,0.988136574074074,0.9661458333333334,0.8235294117647058,0.0,ablate,random_norm_matched,7,8,,0.0,-0.0141592025756835,7.210677722468972e-06,0.0128170559182763,0.0128170559182763,0.0,0.0,11,11,0,-4.356978416442871,-4.356978416442871,0.0,-4.356978416442871,-4.356978416442871,0.0,0.0,0,final_token,-1,,-1,,-1,,0.0,,0,0,
13,code,"In Python, an exception handler begins with the keyword", except, except,1,26,19655,0.988136574074074,0.9661458333333334,0.8235294117647058,0.0,amplify_2x,sae_feature,-1,8,0.0,0.0,-0.0141592025756835,7.210677722468972e-06,0.0128170559182763,0.0128170559182763,0.0,0.0,11,11,0,-4.356978416442871,-4.356978416442871,0.0,-4.356978416442871,-4.356978416442871,0.0,0.0,0,final_token,-1,,-1,,-1,,0.0,,0,0,
13,code,"In Python, an exception handler begins with the keyword", except, except,1,26,19655,0.988136574074074,0.9661458333333334,0.8235294117647058,0.0,amplify_2x,random_norm_matched,0,8,,0.0,-0.0141592025756835,7.210677722468972e-06,0.0128170559182763,0.0128170559182763,0.0,0.0,11,11,0,-4.356978416442871,-4.356978416442871,0.0,-4.356978416442871,-4.356978416442871,0.0,0.0,0,final_token,-1,,-1,,-1,,0.0,,0,0,
13,code,"In Python, an exception handler begins with the keyword", except, except,1,26,19655,0.988136574074074,0.9661458333333334,0.8235294117647058,0.0,amplify_2x,random_norm_matched,1,8,,0.0,-0.0141592025756835,7.210677722468972e-06,0.0128170559182763,0.0128170559182763,0.0,0.0,11,11,0,-4.356978416442871,-4.356978416442871,0.0,-4.356978416442871,-4.356978416442871,0.0,0.0,0,final_token,-1,,-1,,-1,,0.0,,0,0,
13,code,"In Python, an exception handler begins with the keyword", except, except,1,26,19655,0.988136574074074,0.9661458333333334,0.8235294117647058,0.0,amplify_2x,random_norm_matched,2,8,,0.0,-0.0141592025756835,7.210677722468972e-06,0.0128170559182763,0.0128170559182763,0.0,0.0,11,11,0,-4.356978416442871,-4.356978416442871,0.0,-4.356978416442871,-4.356978416442871,0.0,0.0,0,final_token,-1,,-1,,-1,,0.0,,0,0,
13,code,"In Python, an exception handler begins with the keyword", except, except,1,26,19655,0.988136574074074,0.9661458333333334,0.8235294117647058,0.0,amplify_2x,random_norm_matched,3,8,,0.0,-0.0141592025756835,7.210677722468972e-06,0.0128170559182763,0.0128170559182763,0.0,0.0,11,11,0,-4.356978416442871,-4.356978416442871,0.0,-4.356978416442871,-4.356978416442871,0.0,0.0,0,final_token,-1,,-1,,-1,,0.0,,0,0,
13,code,"In Python, an exception handler begins with the keyword", except, except,1,26,19655,0.988136574074074,0.9661458333333334,0.8235294117647058,0.0,amplify_2x,random_norm_matched,4,8,,0.0,-0.0141592025756835,7.210677722468972e-06,0.0128170559182763,0.0128170559182763,0.0,0.0,11,11,0,-4.356978416442871,-4.356978416442871,0.0,-4.356978416442871,-4.356978416442871,0.0,0.0,0,final_token,-1,,-1,,-1,,0.0,,0,0,
13,code,"In Python, an exception handler begins with the keyword", except, except,1,26,19655,0.988136574074074,0.9661458333333334,0.8235294117647058,0.0,amplify_2x,random_norm_matched,5,8,,0.0,-0.0141592025756835,7.210677722468972e-06,0.0128170559182763,0.0128170559182763,0.0,0.0,11,11,0,-4.356978416442871,-4.356978416442871,0.0,-4.356978416442871,-4.356978416442871,0.0,0.0,0,final_token,-1,,-1,,-1,,0.0,,0,0,
13,code,"In Python, an exception handler begins with the keyword", except, except,1,26,19655,0.988136574074074,0.9661458333333334,0.8235294117647058,0.0,amplify_2x,random_norm_matched,6,8,,0.0,-0.0141592025756835,7.210677722468972e-06,0.0128170559182763,0.0128170559182763,0.0,0.0,11,11,0,-4.356978416442871,-4.356978416442871,0.0,-4.356978416442871,-4.356978416442871,0.0,0.0,0,final_token,-1,,-1,,-1,,0.0,,0,0,
13,code,"In Python, an exception handler begins with the keyword", except, except,1,26,19655,0.988136574074074,0.9661458333333334,0.8235294117647058,0.0,amplify_2x,random_norm_matched,7,8,,0.0,-0.0141592025756835,7.210677722468972e-06,0.0128170559182763,0.0128170559182763,0.0,0.0,11,11,0,-4.356978416442871,-4.356978416442871,0.0,-4.356978416442871,-4.356978416442871,0.0,0.0,0,final_token,-1,,-1,,-1,,0.0,,0,0,
14,code,SQL keyword used to retrieve rows:, SELECT, SELECT,1,26,19655,0.988136574074074,0.9661458333333334,0.8235294117647058,75.18826293945312,ablate,sae_feature,-1,8,-75.18826293945312,75.1882553100586,-0.0018374919891357,5.861089448444545e-06,0.1173301041126251,0.1218464821577072,0.004516378045082,0.0377705097198486,1,1,0,-2.14276385307312,-2.1049933433532715,0.0377705097198486,-2.14276385307312,-2.1049933433532715,0.0377705097198486,0.0007929275743663,0,final_token,-1,,-1,,-1,,75.18826293945312,,1,1,
14,code,SQL keyword used to retrieve rows:, SELECT, SELECT,1,26,19655,0.988136574074074,0.9661458333333334,0.8235294117647058,75.18826293945312,ablate,random_norm_matched,0,8,,75.1882553100586,-0.0018374919891357,5.861089448444545e-06,0.1173301041126251,0.1202976778149604,0.0029675737023353,0.0249779224395751,1,1,0,-2.14276385307312,-2.117785930633545,0.0249779224395751,-2.14276385307312,-2.117785930633545,0.0249779224395751,0.000316709280014,0,final_token,-1,,-1,,-1,,75.18826293945312,,1,1,
14,code,SQL keyword used to retrieve rows:, SELECT, SELECT,1,26,19655,0.988136574074074,0.9661458333333334,0.8235294117647058,75.18826293945312,ablate,random_norm_matched,1,8,,75.1882553100586,-0.0018374919891357,5.861089448444545e-06,0.1173301041126251,0.1164437010884285,-0.0008864030241966,-0.0075836181640625,1,1,0,-2.14276385307312,-2.1503474712371826,-0.0075836181640625,-2.14276385307312,-2.1503474712371826,-0.0075836181640625,0.0003745436843018,0,final_token,-1,,-1,,-1,,75.18826293945312,,1,1,
14,code,SQL keyword used to retrieve rows:, SELECT, SELECT,1,26,19655,0.988136574074074,0.9661458333333334,0.8235294117647058,75.18826293945312,ablate,random_norm_matched,2,8,,75.18826293945312,-0.0018374919891357,5.861089448444545e-06,0.1173301041126251,0.1182610988616943,0.0009309947490692,0.0079035758972167,1,1,0,-2.14276385307312,-2.1348602771759038,0.0079035758972167,-2.14276385307312,-2.1348602771759038,0.0079035758972167,0.0003617079055402,0,final_token,-1,,-1,,-1,,75.18826293945312,,1,1,
14,code,SQL keyword used to retrieve rows:, SELECT, SELECT,1,26,19655,0.988136574074074,0.9661458333333334,0.8235294117647058,75.18826293945312,ablate,random_norm_matched,3,8,,75.1882553100586,-0.0018374919891357,5.861089448444545e-06,0.1173301041126251,0.1180142238736152,0.0006841197609901,0.0058138370513916,1,1,0,-2.14276385307312,-2.1369500160217285,0.0058138370513916,-2.14276385307312,-2.1369500160217285,0.0058138370513916,0.0005386372213251,0,final_token,-1,,-1,,-1,,75.18826293945312,,1,1,
14,code,SQL keyword used to retrieve rows:, SELECT, SELECT,1,26,19655,0.988136574074074,0.9661458333333334,0.8235294117647058,75.18826293945312,ablate,random_norm_matched,4,8,,75.1882553100586,-0.0018374919891357,5.861089448444545e-06,0.1173301041126251,0.1122661903500557,-0.0050639137625694,-0.0441186428070068,1,1,0,-2.14276385307312,-2.186882495880127,-0.0441186428070068,-2.14276385307312,-2.186882495880127,-0.0441186428070068,0.0004576281644403,0,final_token,-1,,-1,,-1,,75.18826293945312,,1,1,
14,code,SQL keyword used to retrieve rows:, SELECT, SELECT,1,26,19655,0.988136574074074,0.9661458333333334,0.8235294117647058,75.18826293945312,ablate,random_norm_matched,5,8,,75.18824768066406,-0.0018374919891357,5.861089448444545e-06,0.1173301041126251,0.1141188219189643,-0.0032112821936607,-0.0277512073516845,1,1,0,-2.14276385307312,-2.1705150604248047,-0.0277512073516845,-2.14276385307312,-2.1705150604248047,-0.0277512073516845,0.0003919715527445,0,final_token,-1,,-1,,-1,,75.18826293945312,,1,1,
14,code,SQL keyword used to retrieve rows:, SELECT, SELECT,1,26,19655,0.988136574074074,0.9661458333333334,0.8235294117647058,75.18826293945312,ablate,random_norm_matched,6,8,,75.1882553100586,-0.0018374919891357,5.861089448444545e-06,0.1173301041126251,0.1220068857073783,0.0046767815947532,0.039086103439331,1,1,0,-2.14276385307312,-2.103677749633789,0.039086103439331,-2.14276385307312,-2.103677749633789,0.039086103439331,0.0004021077766083,0,final_token,-1,,-1,,-1,,75.18826293945312,,1,1,
14,code,SQL keyword used to retrieve rows:, SELECT, SELECT,1,26,19655,0.988136574074074,0.9661458333333334,0.8235294117647058,75.18826293945312,ablate,random_norm_matched,7,8,,75.18824768066406,-0.0018374919891357,5.861089448444545e-06,0.1173301041126251,0.116060197353363,-0.001269906759262,-0.0108823776245117,1,1,0,-2.14276385307312,-2.153646230697632,-0.0108823776245117,-2.14276385307312,-2.153646230697632,-0.0108823776245117,0.0004554097540676,0,final_token,-1,,-1,,-1,,75.18826293945312,,1,1,
14,code,SQL keyword used to retrieve rows:, SELECT, SELECT,1,26,19655,0.988136574074074,0.9661458333333334,0.8235294117647058,75.18826293945312,amplify_2x,sae_feature,-1,8,75.18826293945312,75.1882553100586,-0.0018374919891357,5.861089448444545e-06,0.1173301041126251,0.112236812710762,-0.005093291401863,-0.0443804264068603,1,1,0,-2.14276385307312,-2.1871442794799805,-0.0443804264068603,-2.14276385307312,-2.1871442794799805,-0.0443804264068603,0.0008146738400682,0,final_token,-1,,-1,,-1,,75.18826293945312,,1,1,
14,code,SQL keyword used to retrieve rows:, SELECT, SELECT,1,26,19655,0.988136574074074,0.9661458333333334,0.8235294117647058,75.18826293945312,amplify_2x,random_norm_matched,0,8,,75.1882553100586,-0.0018374919891357,5.861089448444545e-06,0.1173301041126251,0.1210806369781494,0.0037505328655242,0.0314652919769287,1,1,0,-2.14276385307312,-2.1112985610961914,0.0314652919769287,-2.14276385307312,-2.1112985610961914,0.0314652919769287,0.0003012939705513,0,final_token,-1,,-1,,-1,,75.18826293945312,,1,1,
14,code,SQL keyword used to retrieve rows:, SELECT, SELECT,1,26,19655,0.988136574074074,0.9661458333333334,0.8235294117647058,75.18826293945312,amplify_2x,random_norm_matched,1,8,,75.1882553100586,-0.0018374919891357,5.861089448444545e-06,0.1173301041126251,0.1231767386198043,0.0058466345071792,0.048628807067871,1,1,0,-2.14276385307312,-2.094135046005249,0.048628807067871,-2.14276385307312,-2.094135046005249,0.048628807067871,0.0004183982964605,0,final_token,-1,,-1,,-1,,75.18826293945312,,1,1,
14,code,SQL keyword used to retrieve rows:, SELECT, SELECT,1,26,19655,0.988136574074074,0.9661458333333334,0.8235294117647058,75.18826293945312,amplify_2x,random_norm_matched,2,8,,75.18826293945312,-0.0018374919891357,5.861089448444545e-06,0.1173301041126251,0.1250974088907241,0.007767304778099,0.0641012191772461,1,1,0,-2.14276385307312,-2.078662633895874,0.0641012191772461,-2.14276385307312,-2.078662633895874,0.0641012191772461,0.0006395634263753,0,final_token,-1,,-1,,-1,,75.18826293945312,,1,1,
14,code,SQL keyword used to retrieve rows:, SELECT, SELECT,1,26,19655,0.988136574074074,0.9661458333333334,0.8235294117647058,75.18826293945312,amplify_2x,random_norm_matched,3,8,,75.1882553100586,-0.0018374919891357,5.861089448444545e-06,0.1173301041126251,0.1169724091887474,-0.0003576949238777,-0.0030534267425537,1,1,0,-2.14276385307312,-2.145817279815674,-0.0030534267425537,-2.14276385307312,-2.145817279815674,-0.0030534267425537,0.000552306883037,0,final_token,-1,,-1,,-1,,75.18826293945312,,1,1,
14,code,SQL keyword used to retrieve rows:, SELECT, SELECT,1,26,19655,0.988136574074074,0.9661458333333334,0.8235294117647058,75.18826293945312,amplify_2x,random_norm_matched,4,8,,75.1882553100586,-0.0018374919891357,5.861089448444545e-06,0.1173301041126251,0.1161534115672111,-0.0011766925454139,-0.0100796222686767,1,1,0,-2.14276385307312,-2.152843475341797,-0.0100796222686767,-2.14276385307312,-2.152843475341797,-0.0100796222686767,0.0004557643842417,0,final_token,-1,,-1,,-1,,75.18826293945312,,1,1,
14,code,SQL keyword used to retrieve rows:, SELECT, SELECT,1,26,19655,0.988136574074074,0.9661458333333334,0.8235294117647058,75.18826293945312,amplify_2x,random_norm_matched,5,8,,75.1882553100586,-0.0018374919891357,5.861089448444545e-06,0.1173301041126251,0.1219742447137832,0.0046441406011581,0.0388185977935791,1,1,0,-2.14276385307312,-2.103945255279541,0.0388185977935791,-2.14276385307312,-2.103945255279541,0.0388185977935791,0.0004238630644977,0,final_token,-1,,-1,,-1,,75.18826293945312,,1,1,
14,code,SQL keyword used to retrieve rows:, SELECT, SELECT,1,26,19655,0.988136574074074,0.9661458333333334,0.8235294117647058,75.18826293945312,amplify_2x,random_norm_matched,6,8,,75.1882553100586,-0.0018374919891357,5.861089448444545e-06,0.1173301041126251,0.1195272505283355,0.0021971464157104,0.0185530185699462,1,1,0,-2.14276385307312,-2.124210834503174,0.0185530185699462,-2.14276385307312,-2.124210834503174,0.0185530185699462,0.0004350344534032,0,final_token,-1,,-1,,-1,,75.18826293945312,,1,1,
14,code,SQL keyword used to retrieve rows:, SELECT, SELECT,1,26,19655,0.988136574074074,0.9661458333333334,0.8235294117647058,75.18826293945312,amplify_2x,random_norm_matched,7,8,,75.18826293945312,-0.0018374919891357,5.861089448444545e-06,0.1173301041126251,0.1218058615922927,0.0044757574796676,0.0374369621276855,1,1,0,-2.14276385307312,-2.1053268909454346,0.0374369621276855,-2.14276385307312,-2.1053268909454346,0.0374369621276855,0.0004188556922599,0,final_token,-1,,-1,,-1,,75.18826293945312,,1,1,
15,code,A Python conditional branch commonly starts with, if, if,1,26,19655,0.988136574074074,0.9661458333333334,0.8235294117647058,0.0,ablate,sae_feature,-1,8,-0.0,0.0,0.0096774101257324,2.1593779820250347e-05,0.0460205636918544,0.0460205636918544,0.0,0.0,6,6,0,-3.078667163848877,-3.078667163848877,0.0,-3.078667163848877,-3.078667163848877,0.0,0.0,0,final_token,-1,,-1,,-1,,0.0,,0,0,
15,code,A Python conditional branch commonly starts with, if, if,1,26,19655,0.988136574074074,0.9661458333333334,0.8235294117647058,0.0,ablate,random_norm_matched,0,8,,0.0,0.0096774101257324,2.1593779820250347e-05,0.0460205636918544,0.0460205636918544,0.0,0.0,6,6,0,-3.078667163848877,-3.078667163848877,0.0,-3.078667163848877,-3.078667163848877,0.0,0.0,0,final_token,-1,,-1,,-1,,0.0,,0,0,
15,code,A Python conditional branch commonly starts with, if, if,1,26,19655,0.988136574074074,0.9661458333333334,0.8235294117647058,0.0,ablate,random_norm_matched,1,8,,0.0,0.0096774101257324,2.1593779820250347e-05,0.0460205636918544,0.0460205636918544,0.0,0.0,6,6,0,-3.078667163848877,-3.078667163848877,0.0,-3.078667163848877,-3.078667163848877,0.0,0.0,0,final_token,-1,,-1,,-1,,0.0,,0,0,
15,code,A Python conditional branch commonly starts with, if, if,1,26,19655,0.988136574074074,0.9661458333333334,0.8235294117647058,0.0,ablate,random_norm_matched,2,8,,0.0,0.0096774101257324,2.1593779820250347e-05,0.0460205636918544,0.0460205636918544,0.0,0.0,6,6,0,-3.078667163848877,-3.078667163848877,0.0,-3.078667163848877,-3.078667163848877,0.0,0.0,0,final_token,-1,,-1,,-1,,0.0,,0,0,
15,code,A Python conditional branch commonly starts with, if, if,1,26,19655,0.988136574074074,0.9661458333333334,0.8235294117647058,0.0,ablate,random_norm_matched,3,8,,0.0,0.0096774101257324,2.1593779820250347e-05,0.0460205636918544,0.0460205636918544,0.0,0.0,6,6,0,-3.078667163848877,-3.078667163848877,0.0,-3.078667163848877,-3.078667163848877,0.0,0.0,0,final_token,-1,,-1,,-1,,0.0,,0,0,
15,code,A Python conditional branch commonly starts with, if, if,1,26,19655,0.988136574074074,0.9661458333333334,0.8235294117647058,0.0,ablate,random_norm_matched,4,8,,0.0,0.0096774101257324,2.1593779820250347e-05,0.0460205636918544,0.0460205636918544,0.0,0.0,6,6,0,-3.078667163848877,-3.078667163848877,0.0,-3.078667163848877,-3.078667163848877,0.0,0.0,0,final_token,-1,,-1,,-1,,0.0,,0,0,
15,code,A Python conditional branch commonly starts with, if, if,1,26,19655,0.988136574074074,0.9661458333333334,0.8235294117647058,0.0,ablate,random_norm_matched,5,8,,0.0,0.0096774101257324,2.1593779820250347e-05,0.0460205636918544,0.0460205636918544,0.0,0.0,6,6,0,-3.078667163848877,-3.078667163848877,0.0,-3.078667163848877,-3.078667163848877,0.0,0.0,0,final_token,-1,,-1,,-1,,0.0,,0,0,
15,code,A Python conditional branch commonly starts with, if, if,1,26,19655,0.988136574074074,0.9661458333333334,0.8235294117647058,0.0,ablate,random_norm_matched,6,8,,0.0,0.0096774101257324,2.1593779820250347e-05,0.0460205636918544,0.0460205636918544,0.0,0.0,6,6,0,-3.078667163848877,-3.078667163848877,0.0,-3.078667163848877,-3.078667163848877,0.0,0.0,0,final_token,-1,,-1,,-1,,0.0,,0,0,
15,code,A Python conditional branch commonly starts with, if, if,1,26,19655,0.988136574074074,0.9661458333333334,0.8235294117647058,0.0,ablate,random_norm_matched,7,8,,0.0,0.0096774101257324,2.1593779820250347e-05,0.0460205636918544,0.0460205636918544,0.0,0.0,6,6,0,-3.078667163848877,-3.078667163848877,0.0,-3.078667163848877,-3.078667163848877,0.0,0.0,0,final_token,-1,,-1,,-1,,0.0,,0,0,
15,code,A Python conditional branch commonly starts with, if, if,1,26,19655,0.988136574074074,0.9661458333333334,0.8235294117647058,0.0,amplify_2x,sae_feature,-1,8,0.0,0.0,0.0096774101257324,2.1593779820250347e-05,0.0460205636918544,0.0460205636918544,0.0,0.0,6,6,0,-3.078667163848877,-3.078667163848877,0.0,-3.078667163848877,-3.078667163848877,0.0,0.0,0,final_token,-1,,-1,,-1,,0.0,,0,0,
15,code,A Python conditional branch commonly starts with, if, if,1,26,19655,0.988136574074074,0.9661458333333334,0.8235294117647058,0.0,amplify_2x,random_norm_matched,0,8,,0.0,0.0096774101257324,2.1593779820250347e-05,0.0460205636918544,0.0460205636918544,0.0,0.0,6,6,0,-3.078667163848877,-3.078667163848877,0.0,-3.078667163848877,-3.078667163848877,0.0,0.0,0,final_token,-1,,-1,,-1,,0.0,,0,0,
15,code,A Python conditional branch commonly starts with, if, if,1,26,19655,0.988136574074074,0.9661458333333334,0.8235294117647058,0.0,amplify_2x,random_norm_matched,1,8,,0.0,0.0096774101257324,2.1593779820250347e-05,0.0460205636918544,0.0460205636918544,0.0,0.0,6,6,0,-3.078667163848877,-3.078667163848877,0.0,-3.078667163848877,-3.078667163848877,0.0,0.0,0,final_token,-1,,-1,,-1,,0.0,,0,0,
15,code,A Python conditional branch commonly starts with, if, if,1,26,19655,0.988136574074074,0.9661458333333334,0.8235294117647058,0.0,amplify_2x,random_norm_matched,2,8,,0.0,0.0096774101257324,2.1593779820250347e-05,0.0460205636918544,0.0460205636918544,0.0,0.0,6,6,0,-3.078667163848877,-3.078667163848877,0.0,-3.078667163848877,-3.078667163848877,0.0,0.0,0,final_token,-1,,-1,,-1,,0.0,,0,0,
15,code,A Python conditional branch commonly starts with, if, if,1,26,19655,0.988136574074074,0.9661458333333334,0.8235294117647058,0.0,amplify_2x,random_norm_matched,3,8,,0.0,0.0096774101257324,2.1593779820250347e-05,0.0460205636918544,0.0460205636918544,0.0,0.0,6,6,0,-3.078667163848877,-3.078667163848877,0.0,-3.078667163848877,-3.078667163848877,0.0,0.0,0,final_token,-1,,-1,,-1,,0.0,,0,0,
15,code,A Python conditional branch commonly starts with, if, if,1,26,19655,0.988136574074074,0.9661458333333334,0.8235294117647058,0.0,amplify_2x,random_norm_matched,4,8,,0.0,0.0096774101257324,2.1593779820250347e-05,0.0460205636918544,0.0460205636918544,0.0,0.0,6,6,0,-3.078667163848877,-3.078667163848877,0.0,-3.078667163848877,-3.078667163848877,0.0,0.0,0,final_token,-1,,-1,,-1,,0.0,,0,0,
15,code,A Python conditional branch commonly starts with, if, if,1,26,19655,0.988136574074074,0.9661458333333334,0.8235294117647058,0.0,amplify_2x,random_norm_matched,5,8,,0.0,0.0096774101257324,2.1593779820250347e-05,0.0460205636918544,0.0460205636918544,0.0,0.0,6,6,0,-3.078667163848877,-3.078667163848877,0.0,-3.078667163848877,-3.078667163848877,0.0,0.0,0,final_token,-1,,-1,,-1,,0.0,,0,0,
15,code,A Python conditional branch commonly starts with, if, if,1,26,19655,0.988136574074074,0.9661458333333334,0.8235294117647058,0.0,amplify_2x,random_norm_matched,6,8,,0.0,0.0096774101257324,2.1593779820250347e-05,0.0460205636918544,0.0460205636918544,0.0,0.0,6,6,0,-3.078667163848877,-3.078667163848877,0.0,-3.078667163848877,-3.078667163848877,0.0,0.0,0,final_token,-1,,-1,,-1,,0.0,,0,0,
15,code,A Python conditional branch commonly starts with, if, if,1,26,19655,0.988136574074074,0.9661458333333334,0.8235294117647058,0.0,amplify_2x,random_norm_matched,7,8,,0.0,0.0096774101257324,2.1593779820250347e-05,0.0460205636918544,0.0460205636918544,0.0,0.0,6,6,0,-3.078667163848877,-3.078667163848877,0.0,-3.078667163848877,-3.078667163848877,0.0,0.0,0,final_token,-1,,-1,,-1,,0.0,,0,0,
16,german_language,Translate 'hello' into German:, hallo, hal,2,4,4446,1.0,1.0,0.9333333333333332,0.0,ablate,sae_feature,-1,8,-0.0,0.0,-0.0034437179565429,1.1407144484110177e-05,0.0006551280966959,0.0006551280966959,0.0,0.0,128,128,0,-7.341464519500732,-7.341464519500732,0.0,-3.670732259750366,-3.670732259750366,0.0,0.0,0,final_token,-1,,-1,,-1,,0.0,,0,0,
16,german_language,Translate 'hello' into German:, hallo, hal,2,4,4446,1.0,1.0,0.9333333333333332,0.0,ablate,random_norm_matched,0,8,,0.0,-0.0034437179565429,1.1407144484110177e-05,0.0006551280966959,0.0006551280966959,0.0,0.0,128,128,0,-7.341464519500732,-7.341464519500732,0.0,-3.670732259750366,-3.670732259750366,0.0,0.0,0,final_token,-1,,-1,,-1,,0.0,,0,0,
16,german_language,Translate 'hello' into German:, hallo, hal,2,4,4446,1.0,1.0,0.9333333333333332,0.0,ablate,random_norm_matched,1,8,,0.0,-0.0034437179565429,1.1407144484110177e-05,0.0006551280966959,0.0006551280966959,0.0,0.0,128,128,0,-7.341464519500732,-7.341464519500732,0.0,-3.670732259750366,-3.670732259750366,0.0,0.0,0,final_token,-1,,-1,,-1,,0.0,,0,0,
16,german_language,Translate 'hello' into German:, hallo, hal,2,4,4446,1.0,1.0,0.9333333333333332,0.0,ablate,random_norm_matched,2,8,,0.0,-0.0034437179565429,1.1407144484110177e-05,0.0006551280966959,0.0006551280966959,0.0,0.0,128,128,0,-7.341464519500732,-7.341464519500732,0.0,-3.670732259750366,-3.670732259750366,0.0,0.0,0,final_token,-1,,-1,,-1,,0.0,,0,0,
16,german_language,Translate 'hello' into German:, hallo, hal,2,4,4446,1.0,1.0,0.9333333333333332,0.0,ablate,random_norm_matched,3,8,,0.0,-0.0034437179565429,1.1407144484110177e-05,0.0006551280966959,0.0006551280966959,0.0,0.0,128,128,0,-7.341464519500732,-7.341464519500732,0.0,-3.670732259750366,-3.670732259750366,0.0,0.0,0,final_token,-1,,-1,,-1,,0.0,,0,0,
16,german_language,Translate 'hello' into German:, hallo, hal,2,4,4446,1.0,1.0,0.9333333333333332,0.0,ablate,random_norm_matched,4,8,,0.0,-0.0034437179565429,1.1407144484110177e-05,0.0006551280966959,0.0006551280966959,0.0,0.0,128,128,0,-7.341464519500732,-7.341464519500732,0.0,-3.670732259750366,-3.670732259750366,0.0,0.0,0,final_token,-1,,-1,,-1,,0.0,,0,0,
16,german_language,Translate 'hello' into German:, hallo, hal,2,4,4446,1.0,1.0,0.9333333333333332,0.0,ablate,random_norm_matched,5,8,,0.0,-0.0034437179565429,1.1407144484110177e-05,0.0006551280966959,0.0006551280966959,0.0,0.0,128,128,0,-7.341464519500732,-7.341464519500732,0.0,-3.670732259750366,-3.670732259750366,0.0,0.0,0,final_token,-1,,-1,,-1,,0.0,,0,0,
16,german_language,Translate 'hello' into German:, hallo, hal,2,4,4446,1.0,1.0,0.9333333333333332,0.0,ablate,random_norm_matched,6,8,,0.0,-0.0034437179565429,1.1407144484110177e-05,0.0006551280966959,0.0006551280966959,0.0,0.0,128,128,0,-7.341464519500732,-7.341464519500732,0.0,-3.670732259750366,-3.670732259750366,0.0,0.0,0,final_token,-1,,-1,,-1,,0.0,,0,0,
16,german_language,Translate 'hello' into German:, hallo, hal,2,4,4446,1.0,1.0,0.9333333333333332,0.0,ablate,random_norm_matched,7,8,,0.0,-0.0034437179565429,1.1407144484110177e-05,0.0006551280966959,0.0006551280966959,0.0,0.0,128,128,0,-7.341464519500732,-7.341464519500732,0.0,-3.670732259750366,-3.670732259750366,0.0,0.0,0,final_token,-1,,-1,,-1,,0.0,,0,0,
16,german_language,Translate 'hello' into German:, hallo, hal,2,4,4446,1.0,1.0,0.9333333333333332,0.0,amplify_2x,sae_feature,-1,8,0.0,0.0,-0.0034437179565429,1.1407144484110177e-05,0.0006551280966959,0.0006551280966959,0.0,0.0,128,128,0,-7.341464519500732,-7.341464519500732,0.0,-3.670732259750366,-3.670732259750366,0.0,0.0,0,final_token,-1,,-1,,-1,,0.0,,0,0,
16,german_language,Translate 'hello' into German:, hallo, hal,2,4,4446,1.0,1.0,0.9333333333333332,0.0,amplify_2x,random_norm_matched,0,8,,0.0,-0.0034437179565429,1.1407144484110177e-05,0.0006551280966959,0.0006551280966959,0.0,0.0,128,128,0,-7.341464519500732,-7.341464519500732,0.0,-3.670732259750366,-3.670732259750366,0.0,0.0,0,final_token,-1,,-1,,-1,,0.0,,0,0,
16,german_language,Translate 'hello' into German:, hallo, hal,2,4,4446,1.0,1.0,0.9333333333333332,0.0,amplify_2x,random_norm_matched,1,8,,0.0,-0.0034437179565429,1.1407144484110177e-05,0.0006551280966959,0.0006551280966959,0.0,0.0,128,128,0,-7.341464519500732,-7.341464519500732,0.0,-3.670732259750366,-3.670732259750366,0.0,0.0,0,final_token,-1,,-1,,-1,,0.0,,0,0,
16,german_language,Translate 'hello' into German:, hallo, hal,2,4,4446,1.0,1.0,0.9333333333333332,0.0,amplify_2x,random_norm_matched,2,8,,0.0,-0.0034437179565429,1.1407144484110177e-05,0.0006551280966959,0.0006551280966959,0.0,0.0,128,128,0,-7.341464519500732,-7.341464519500732,0.0,-3.670732259750366,-3.670732259750366,0.0,0.0,0,final_token,-1,,-1,,-1,,0.0,,0,0,
16,german_language,Translate 'hello' into German:, hallo, hal,2,4,4446,1.0,1.0,0.9333333333333332,0.0,amplify_2x,random_norm_matched,3,8,,0.0,-0.0034437179565429,1.1407144484110177e-05,0.0006551280966959,0.0006551280966959,0.0,0.0,128,128,0,-7.341464519500732,-7.341464519500732,0.0,-3.670732259750366,-3.670732259750366,0.0,0.0,0,final_token,-1,,-1,,-1,,0.0,,0,0,
16,german_language,Translate 'hello' into German:, hallo, hal,2,4,4446,1.0,1.0,0.9333333333333332,0.0,amplify_2x,random_norm_matched,4,8,,0.0,-0.0034437179565429,1.1407144484110177e-05,0.0006551280966959,0.0006551280966959,0.0,0.0,128,128,0,-7.341464519500732,-7.341464519500732,0.0,-3.670732259750366,-3.670732259750366,0.0,0.0,0,final_token,-1,,-1,,-1,,0.0,,0,0,
16,german_language,Translate 'hello' into German:, hallo, hal,2,4,4446,1.0,1.0,0.9333333333333332,0.0,amplify_2x,random_norm_matched,5,8,,0.0,-0.0034437179565429,1.1407144484110177e-05,0.0006551280966959,0.0006551280966959,0.0,0.0,128,128,0,-7.341464519500732,-7.341464519500732,0.0,-3.670732259750366,-3.670732259750366,0.0,0.0,0,final_token,-1,,-1,,-1,,0.0,,0,0,
16,german_language,Translate 'hello' into German:, hallo, hal,2,4,4446,1.0,1.0,0.9333333333333332,0.0,amplify_2x,random_norm_matched,6,8,,0.0,-0.0034437179565429,1.1407144484110177e-05,0.0006551280966959,0.0006551280966959,0.0,0.0,128,128,0,-7.341464519500732,-7.341464519500732,0.0,-3.670732259750366,-3.670732259750366,0.0,0.0,0,final_token,-1,,-1,,-1,,0.0,,0,0,
16,german_language,Translate 'hello' into German:, hallo, hal,2,4,4446,1.0,1.0,0.9333333333333332,0.0,amplify_2x,random_norm_matched,7,8,,0.0,-0.0034437179565429,1.1407144484110177e-05,0.0006551280966959,0.0006551280966959,0.0,0.0,128,128,0,-7.341464519500732,-7.341464519500732,0.0,-3.670732259750366,-3.670732259750366,0.0,0.0,0,final_token,-1,,-1,,-1,,0.0,,0,0,
17,german_language,Translate 'thank you' into German:, danke, dan,2,4,4446,1.0,1.0,0.9333333333333332,0.0,ablate,sae_feature,-1,8,-0.0,0.0,-0.0066635608673095,8.401322702411562e-06,0.0037799237761646,0.0037799237761646,0.0,0.0,32,32,0,-5.579110622406006,-5.579110622406006,0.0,-2.789555311203003,-2.789555311203003,0.0,0.0,0,final_token,-1,,-1,,-1,,0.0,,0,0,
17,german_language,Translate 'thank you' into German:, danke, dan,2,4,4446,1.0,1.0,0.9333333333333332,0.0,ablate,random_norm_matched,0,8,,0.0,-0.0066635608673095,8.401322702411562e-06,0.0037799237761646,0.0037799237761646,0.0,0.0,32,32,0,-5.579110622406006,-5.579110622406006,0.0,-2.789555311203003,-2.789555311203003,0.0,0.0,0,final_token,-1,,-1,,-1,,0.0,,0,0,
17,german_language,Translate 'thank you' into German:, danke, dan,2,4,4446,1.0,1.0,0.9333333333333332,0.0,ablate,random_norm_matched,1,8,,0.0,-0.0066635608673095,8.401322702411562e-06,0.0037799237761646,0.0037799237761646,0.0,0.0,32,32,0,-5.579110622406006,-5.579110622406006,0.0,-2.789555311203003,-2.789555311203003,0.0,0.0,0,final_token,-1,,-1,,-1,,0.0,,0,0,
17,german_language,Translate 'thank you' into German:, danke, dan,2,4,4446,1.0,1.0,0.9333333333333332,0.0,ablate,random_norm_matched,2,8,,0.0,-0.0066635608673095,8.401322702411562e-06,0.0037799237761646,0.0037799237761646,0.0,0.0,32,32,0,-5.579110622406006,-5.579110622406006,0.0,-2.789555311203003,-2.789555311203003,0.0,0.0,0,final_token,-1,,-1,,-1,,0.0,,0,0,
17,german_language,Translate 'thank you' into German:, danke, dan,2,4,4446,1.0,1.0,0.9333333333333332,0.0,ablate,random_norm_matched,3,8,,0.0,-0.0066635608673095,8.401322702411562e-06,0.0037799237761646,0.0037799237761646,0.0,0.0,32,32,0,-5.579110622406006,-5.579110622406006,0.0,-2.789555311203003,-2.789555311203003,0.0,0.0,0,final_token,-1,,-1,,-1,,0.0,,0,0,
17,german_language,Translate 'thank you' into German:, danke, dan,2,4,4446,1.0,1.0,0.9333333333333332,0.0,ablate,random_norm_matched,4,8,,0.0,-0.0066635608673095,8.401322702411562e-06,0.0037799237761646,0.0037799237761646,0.0,0.0,32,32,0,-5.579110622406006,-5.579110622406006,0.0,-2.789555311203003,-2.789555311203003,0.0,0.0,0,final_token,-1,,-1,,-1,,0.0,,0,0,
17,german_language,Translate 'thank you' into German:, danke, dan,2,4,4446,1.0,1.0,0.9333333333333332,0.0,ablate,random_norm_matched,5,8,,0.0,-0.0066635608673095,8.401322702411562e-06,0.0037799237761646,0.0037799237761646,0.0,0.0,32,32,0,-5.579110622406006,-5.579110622406006,0.0,-2.789555311203003,-2.789555311203003,0.0,0.0,0,final_token,-1,,-1,,-1,,0.0,,0,0,
17,german_language,Translate 'thank you' into German:, danke, dan,2,4,4446,1.0,1.0,0.9333333333333332,0.0,ablate,random_norm_matched,6,8,,0.0,-0.0066635608673095,8.401322702411562e-06,0.0037799237761646,0.0037799237761646,0.0,0.0,32,32,0,-5.579110622406006,-5.579110622406006,0.0,-2.789555311203003,-2.789555311203003,0.0,0.0,0,final_token,-1,,-1,,-1,,0.0,,0,0,
17,german_language,Translate 'thank you' into German:, danke, dan,2,4,4446,1.0,1.0,0.9333333333333332,0.0,ablate,random_norm_matched,7,8,,0.0,-0.0066635608673095,8.401322702411562e-06,0.0037799237761646,0.0037799237761646,0.0,0.0,32,32,0,-5.579110622406006,-5.579110622406006,0.0,-2.789555311203003,-2.789555311203003,0.0,0.0,0,final_token,-1,,-1,,-1,,0.0,,0,0,
17,german_language,Translate 'thank you' into German:, danke, dan,2,4,4446,1.0,1.0,0.9333333333333332,0.0,amplify_2x,sae_feature,-1,8,0.0,0.0,-0.0066635608673095,8.401322702411562e-06,0.0037799237761646,0.0037799237761646,0.0,0.0,32,32,0,-5.579110622406006,-5.579110622406006,0.0,-2.789555311203003,-2.789555311203003,0.0,0.0,0,final_token,-1,,-1,,-1,,0.0,,0,0,
17,german_language,Translate 'thank you' into German:, danke, dan,2,4,4446,1.0,1.0,0.9333333333333332,0.0,amplify_2x,random_norm_matched,0,8,,0.0,-0.0066635608673095,8.401322702411562e-06,0.0037799237761646,0.0037799237761646,0.0,0.0,32,32,0,-5.579110622406006,-5.579110622406006,0.0,-2.789555311203003,-2.789555311203003,0.0,0.0,0,final_token,-1,,-1,,-1,,0.0,,0,0,
17,german_language,Translate 'thank you' into German:, danke, dan,2,4,4446,1.0,1.0,0.9333333333333332,0.0,amplify_2x,random_norm_matched,1,8,,0.0,-0.0066635608673095,8.401322702411562e-06,0.0037799237761646,0.0037799237761646,0.0,0.0,32,32,0,-5.579110622406006,-5.579110622406006,0.0,-2.789555311203003,-2.789555311203003,0.0,0.0,0,final_token,-1,,-1,,-1,,0.0,,0,0,
17,german_language,Translate 'thank you' into German:, danke, dan,2,4,4446,1.0,1.0,0.9333333333333332,0.0,amplify_2x,random_norm_matched,2,8,,0.0,-0.0066635608673095,8.401322702411562e-06,0.0037799237761646,0.0037799237761646,0.0,0.0,32,32,0,-5.579110622406006,-5.579110622406006,0.0,-2.789555311203003,-2.789555311203003,0.0,0.0,0,final_token,-1,,-1,,-1,,0.0,,0,0,
17,german_language,Translate 'thank you' into German:, danke, dan,2,4,4446,1.0,1.0,0.9333333333333332,0.0,amplify_2x,random_norm_matched,3,8,,0.0,-0.0066635608673095,8.401322702411562e-06,0.0037799237761646,0.0037799237761646,0.0,0.0,32,32,0,-5.579110622406006,-5.579110622406006,0.0,-2.789555311203003,-2.789555311203003,0.0,0.0,0,final_token,-1,,-1,,-1,,0.0,,0,0,
17,german_language,Translate 'thank you' into German:, danke, dan,2,4,4446,1.0,1.0,0.9333333333333332,0.0,amplify_2x,random_norm_matched,4,8,,0.0,-0.0066635608673095,8.401322702411562e-06,0.0037799237761646,0.0037799237761646,0.0,0.0,32,32,0,-5.579110622406006,-5.579110622406006,0.0,-2.789555311203003,-2.789555311203003,0.0,0.0,0,final_token,-1,,-1,,-1,,0.0,,0,0,
17,german_language,Translate 'thank you' into German:, danke, dan,2,4,4446,1.0,1.0,0.9333333333333332,0.0,amplify_2x,random_norm_matched,5,8,,0.0,-0.0066635608673095,8.401322702411562e-06,0.0037799237761646,0.0037799237761646,0.0,0.0,32,32,0,-5.579110622406006,-5.579110622406006,0.0,-2.789555311203003,-2.789555311203003,0.0,0.0,0,final_token,-1,,-1,,-1,,0.0,,0,0,
17,german_language,Translate 'thank you' into German:, danke, dan,2,4,4446,1.0,1.0,0.9333333333333332,0.0,amplify_2x,random_norm_matched,6,8,,0.0,-0.0066635608673095,8.401322702411562e-06,0.0037799237761646,0.0037799237761646,0.0,0.0,32,32,0,-5.579110622406006,-5.579110622406006,0.0,-2.789555311203003,-2.789555311203003,0.0,0.0,0,final_token,-1,,-1,,-1,,0.0,,0,0,
17,german_language,Translate 'thank you' into German:, danke, dan,2,4,4446,1.0,1.0,0.9333333333333332,0.0,amplify_2x,random_norm_matched,7,8,,0.0,-0.0066635608673095,8.401322702411562e-06,0.0037799237761646,0.0037799237761646,0.0,0.0,32,32,0,-5.579110622406006,-5.579110622406006,0.0,-2.789555311203003,-2.789555311203003,0.0,0.0,0,final_token,-1,,-1,,-1,,0.0,,0,0,
18,german_language,Translate 'yes' into German:, ja, ja,1,4,4446,1.0,1.0,0.9333333333333332,0.0,ablate,sae_feature,-1,8,-0.0,0.0,-0.0114388465881347,1.3899087207391858e-05,0.007983861491084,0.007983861491084,0.0,0.0,10,10,0,-4.830333232879639,-4.830333232879639,0.0,-4.830333232879639,-4.830333232879639,0.0,0.0,0,final_token,-1,,-1,,-1,,0.0,,0,0,
18,german_language,Translate 'yes' into German:, ja, ja,1,4,4446,1.0,1.0,0.9333333333333332,0.0,ablate,random_norm_matched,0,8,,0.0,-0.0114388465881347,1.3899087207391858e-05,0.007983861491084,0.007983861491084,0.0,0.0,10,10,0,-4.830333232879639,-4.830333232879639,0.0,-4.830333232879639,-4.830333232879639,0.0,0.0,0,final_token,-1,,-1,,-1,,0.0,,0,0,
18,german_language,Translate 'yes' into German:, ja, ja,1,4,4446,1.0,1.0,0.9333333333333332,0.0,ablate,random_norm_matched,1,8,,0.0,-0.0114388465881347,1.3899087207391858e-05,0.007983861491084,0.007983861491084,0.0,0.0,10,10,0,-4.830333232879639,-4.830333232879639,0.0,-4.830333232879639,-4.830333232879639,0.0,0.0,0,final_token,-1,,-1,,-1,,0.0,,0,0,
18,german_language,Translate 'yes' into German:, ja, ja,1,4,4446,1.0,1.0,0.9333333333333332,0.0,ablate,random_norm_matched,2,8,,0.0,-0.0114388465881347,1.3899087207391858e-05,0.007983861491084,0.007983861491084,0.0,0.0,10,10,0,-4.830333232879639,-4.830333232879639,0.0,-4.830333232879639,-4.830333232879639,0.0,0.0,0,final_token,-1,,-1,,-1,,0.0,,0,0,
18,german_language,Translate 'yes' into German:, ja, ja,1,4,4446,1.0,1.0,0.9333333333333332,0.0,ablate,random_norm_matched,3,8,,0.0,-0.0114388465881347,1.3899087207391858e-05,0.007983861491084,0.007983861491084,0.0,0.0,10,10,0,-4.830333232879639,-4.830333232879639,0.0,-4.830333232879639,-4.830333232879639,0.0,0.0,0,final_token,-1,,-1,,-1,,0.0,,0,0,
18,german_language,Translate 'yes' into German:, ja, ja,1,4,4446,1.0,1.0,0.9333333333333332,0.0,ablate,random_norm_matched,4,8,,0.0,-0.0114388465881347,1.3899087207391858e-05,0.007983861491084,0.007983861491084,0.0,0.0,10,10,0,-4.830333232879639,-4.830333232879639,0.0,-4.830333232879639,-4.830333232879639,0.0,0.0,0,final_token,-1,,-1,,-1,,0.0,,0,0,
18,german_language,Translate 'yes' into German:, ja, ja,1,4,4446,1.0,1.0,0.9333333333333332,0.0,ablate,random_norm_matched,5,8,,0.0,-0.0114388465881347,1.3899087207391858e-05,0.007983861491084,0.007983861491084,0.0,0.0,10,10,0,-4.830333232879639,-4.830333232879639,0.0,-4.830333232879639,-4.830333232879639,0.0,0.0,0,final_token,-1,,-1,,-1,,0.0,,0,0,
18,german_language,Translate 'yes' into German:, ja, ja,1,4,4446,1.0,1.0,0.9333333333333332,0.0,ablate,random_norm_matched,6,8,,0.0,-0.0114388465881347,1.3899087207391858e-05,0.007983861491084,0.007983861491084,0.0,0.0,10,10,0,-4.830333232879639,-4.830333232879639,0.0,-4.830333232879639,-4.830333232879639,0.0,0.0,0,final_token,-1,,-1,,-1,,0.0,,0,0,
18,german_language,Translate 'yes' into German:, ja, ja,1,4,4446,1.0,1.0,0.9333333333333332,0.0,ablate,random_norm_matched,7,8,,0.0,-0.0114388465881347,1.3899087207391858e-05,0.007983861491084,0.007983861491084,0.0,0.0,10,10,0,-4.830333232879639,-4.830333232879639,0.0,-4.830333232879639,-4.830333232879639,0.0,0.0,0,final_token,-1,,-1,,-1,,0.0,,0,0,
18,german_language,Translate 'yes' into German:, ja, ja,1,4,4446,1.0,1.0,0.9333333333333332,0.0,amplify_2x,sae_feature,-1,8,0.0,0.0,-0.0114388465881347,1.3899087207391858e-05,0.007983861491084,0.007983861491084,0.0,0.0,10,10,0,-4.830333232879639,-4.830333232879639,0.0,-4.830333232879639,-4.830333232879639,0.0,0.0,0,final_token,-1,,-1,,-1,,0.0,,0,0,
18,german_language,Translate 'yes' into German:, ja, ja,1,4,4446,1.0,1.0,0.9333333333333332,0.0,amplify_2x,random_norm_matched,0,8,,0.0,-0.0114388465881347,1.3899087207391858e-05,0.007983861491084,0.007983861491084,0.0,0.0,10,10,0,-4.830333232879639,-4.830333232879639,0.0,-4.830333232879639,-4.830333232879639,0.0,0.0,0,final_token,-1,,-1,,-1,,0.0,,0,0,
18,german_language,Translate 'yes' into German:, ja, ja,1,4,4446,1.0,1.0,0.9333333333333332,0.0,amplify_2x,random_norm_matched,1,8,,0.0,-0.0114388465881347,1.3899087207391858e-05,0.007983861491084,0.007983861491084,0.0,0.0,10,10,0,-4.830333232879639,-4.830333232879639,0.0,-4.830333232879639,-4.830333232879639,0.0,0.0,0,final_token,-1,,-1,,-1,,0.0,,0,0,
18,german_language,Translate 'yes' into German:, ja, ja,1,4,4446,1.0,1.0,0.9333333333333332,0.0,amplify_2x,random_norm_matched,2,8,,0.0,-0.0114388465881347,1.3899087207391858e-05,0.007983861491084,0.007983861491084,0.0,0.0,10,10,0,-4.830333232879639,-4.830333232879639,0.0,-4.830333232879639,-4.830333232879639,0.0,0.0,0,final_token,-1,,-1,,-1,,0.0,,0,0,
18,german_language,Translate 'yes' into German:, ja, ja,1,4,4446,1.0,1.0,0.9333333333333332,0.0,amplify_2x,random_norm_matched,3,8,,0.0,-0.0114388465881347,1.3899087207391858e-05,0.007983861491084,0.007983861491084,0.0,0.0,10,10,0,-4.830333232879639,-4.830333232879639,0.0,-4.830333232879639,-4.830333232879639,0.0,0.0,0,final_token,-1,,-1,,-1,,0.0,,0,0,
18,german_language,Translate 'yes' into German:, ja, ja,1,4,4446,1.0,1.0,0.9333333333333332,0.0,amplify_2x,random_norm_matched,4,8,,0.0,-0.0114388465881347,1.3899087207391858e-05,0.007983861491084,0.007983861491084,0.0,0.0,10,10,0,-4.830333232879639,-4.830333232879639,0.0,-4.830333232879639,-4.830333232879639,0.0,0.0,0,final_token,-1,,-1,,-1,,0.0,,0,0,
18,german_language,Translate 'yes' into German:, ja, ja,1,4,4446,1.0,1.0,0.9333333333333332,0.0,amplify_2x,random_norm_matched,5,8,,0.0,-0.0114388465881347,1.3899087207391858e-05,0.007983861491084,0.007983861491084,0.0,0.0,10,10,0,-4.830333232879639,-4.830333232879639,0.0,-4.830333232879639,-4.830333232879639,0.0,0.0,0,final_token,-1,,-1,,-1,,0.0,,0,0,
18,german_language,Translate 'yes' into German:, ja, ja,1,4,4446,1.0,1.0,0.9333333333333332,0.0,amplify_2x,random_norm_matched,6,8,,0.0,-0.0114388465881347,1.3899087207391858e-05,0.007983861491084,0.007983861491084,0.0,0.0,10,10,0,-4.830333232879639,-4.830333232879639,0.0,-4.830333232879639,-4.830333232879639,0.0,0.0,0,final_token,-1,,-1,,-1,,0.0,,0,0,
18,german_language,Translate 'yes' into German:, ja, ja,1,4,4446,1.0,1.0,0.9333333333333332,0.0,amplify_2x,random_norm_matched,7,8,,0.0,-0.0114388465881347,1.3899087207391858e-05,0.007983861491084,0.007983861491084,0.0,0.0,10,10,0,-4.830333232879639,-4.830333232879639,0.0,-4.830333232879639,-4.830333232879639,0.0,0.0,0,final_token,-1,,-1,,-1,,0.0,,0,0,
19,german_language,Translate 'good evening' into German:, guten Abend, guten,3,4,4446,1.0,1.0,0.9333333333333332,0.0,ablate,sae_feature,-1,8,-0.0,0.0,-5.0067901611328125e-05,7.73818464949727e-06,0.0174990706145763,0.0174990706145763,0.0,0.0,7,7,0,-4.382694721221924,-4.382694721221924,0.0,-1.4608982801437378,-1.4608982801437378,0.0,0.0,0,final_token,-1,,-1,,-1,,0.0,,0,0,
19,german_language,Translate 'good evening' into German:, guten Abend, guten,3,4,4446,1.0,1.0,0.9333333333333332,0.0,ablate,random_norm_matched,0,8,,0.0,-5.0067901611328125e-05,7.73818464949727e-06,0.0174990706145763,0.0174990706145763,0.0,0.0,7,7,0,-4.382694721221924,-4.382694721221924,0.0,-1.4608982801437378,-1.4608982801437378,0.0,0.0,0,final_token,-1,,-1,,-1,,0.0,,0,0,
19,german_language,Translate 'good evening' into German:, guten Abend, guten,3,4,4446,1.0,1.0,0.9333333333333332,0.0,ablate,random_norm_matched,1,8,,0.0,-5.0067901611328125e-05,7.73818464949727e-06,0.0174990706145763,0.0174990706145763,0.0,0.0,7,7,0,-4.382694721221924,-4.382694721221924,0.0,-1.4608982801437378,-1.4608982801437378,0.0,0.0,0,final_token,-1,,-1,,-1,,0.0,,0,0,
19,german_language,Translate 'good evening' into German:, guten Abend, guten,3,4,4446,1.0,1.0,0.9333333333333332,0.0,ablate,random_norm_matched,2,8,,0.0,-5.0067901611328125e-05,7.73818464949727e-06,0.0174990706145763,0.0174990706145763,0.0,0.0,7,7,0,-4.382694721221924,-4.382694721221924,0.0,-1.4608982801437378,-1.4608982801437378,0.0,0.0,0,final_token,-1,,-1,,-1,,0.0,,0,0,
19,german_language,Translate 'good evening' into German:, guten Abend, guten,3,4,4446,1.0,1.0,0.9333333333333332,0.0,ablate,random_norm_matched,3,8,,0.0,-5.0067901611328125e-05,7.73818464949727e-06,0.0174990706145763,0.0174990706145763,0.0,0.0,7,7,0,-4.382694721221924,-4.382694721221924,0.0,-1.4608982801437378,-1.4608982801437378,0.0,0.0,0,final_token,-1,,-1,,-1,,0.0,,0,0,
19,german_language,Translate 'good evening' into German:, guten Abend, guten,3,4,4446,1.0,1.0,0.9333333333333332,0.0,ablate,random_norm_matched,4,8,,0.0,-5.0067901611328125e-05,7.73818464949727e-06,0.0174990706145763,0.0174990706145763,0.0,0.0,7,7,0,-4.382694721221924,-4.382694721221924,0.0,-1.4608982801437378,-1.4608982801437378,0.0,0.0,0,final_token,-1,,-1,,-1,,0.0,,0,0,
19,german_language,Translate 'good evening' into German:, guten Abend, guten,3,4,4446,1.0,1.0,0.9333333333333332,0.0,ablate,random_norm_matched,5,8,,0.0,-5.0067901611328125e-05,7.73818464949727e-06,0.0174990706145763,0.0174990706145763,0.0,0.0,7,7,0,-4.382694721221924,-4.382694721221924,0.0,-1.4608982801437378,-1.4608982801437378,0.0,0.0,0,final_token,-1,,-1,,-1,,0.0,,0,0,
19,german_language,Translate 'good evening' into German:, guten Abend, guten,3,4,4446,1.0,1.0,0.9333333333333332,0.0,ablate,random_norm_matched,6,8,,0.0,-5.0067901611328125e-05,7.73818464949727e-06,0.0174990706145763,0.0174990706145763,0.0,0.0,7,7,0,-4.382694721221924,-4.382694721221924,0.0,-1.4608982801437378,-1.4608982801437378,0.0,0.0,0,final_token,-1,,-1,,-1,,0.0,,0,0,
19,german_language,Translate 'good evening' into German:, guten Abend, guten,3,4,4446,1.0,1.0,0.9333333333333332,0.0,ablate,random_norm_matched,7,8,,0.0,-5.0067901611328125e-05,7.73818464949727e-06,0.0174990706145763,0.0174990706145763,0.0,0.0,7,7,0,-4.382694721221924,-4.382694721221924,0.0,-1.4608982801437378,-1.4608982801437378,0.0,0.0,0,final_token,-1,,-1,,-1,,0.0,,0,0,
19,german_language,Translate 'good evening' into German:, guten Abend, guten,3,4,4446,1.0,1.0,0.9333333333333332,0.0,amplify_2x,sae_feature,-1,8,0.0,0.0,-5.0067901611328125e-05,7.73818464949727e-06,0.0174990706145763,0.0174990706145763,0.0,0.0,7,7,0,-4.382694721221924,-4.382694721221924,0.0,-1.4608982801437378,-1.4608982801437378,0.0,0.0,0,final_token,-1,,-1,,-1,,0.0,,0,0,
19,german_language,Translate 'good evening' into German:, guten Abend, guten,3,4,4446,1.0,1.0,0.9333333333333332,0.0,amplify_2x,random_norm_matched,0,8,,0.0,-5.0067901611328125e-05,7.73818464949727e-06,0.0174990706145763,0.0174990706145763,0.0,0.0,7,7,0,-4.382694721221924,-4.382694721221924,0.0,-1.4608982801437378,-1.4608982801437378,0.0,0.0,0,final_token,-1,,-1,,-1,,0.0,,0,0,
19,german_language,Translate 'good evening' into German:, guten Abend, guten,3,4,4446,1.0,1.0,0.9333333333333332,0.0,amplify_2x,random_norm_matched,1,8,,0.0,-5.0067901611328125e-05,7.73818464949727e-06,0.0174990706145763,0.0174990706145763,0.0,0.0,7,7,0,-4.382694721221924,-4.382694721221924,0.0,-1.4608982801437378,-1.4608982801437378,0.0,0.0,0,final_token,-1,,-1,,-1,,0.0,,0,0,
19,german_language,Translate 'good evening' into German:, guten Abend, guten,3,4,4446,1.0,1.0,0.9333333333333332,0.0,amplify_2x,random_norm_matched,2,8,,0.0,-5.0067901611328125e-05,7.73818464949727e-06,0.0174990706145763,0.0174990706145763,0.0,0.0,7,7,0,-4.382694721221924,-4.382694721221924,0.0,-1.4608982801437378,-1.4608982801437378,0.0,0.0,0,final_token,-1,,-1,,-1,,0.0,,0,0,
19,german_language,Translate 'good evening' into German:, guten Abend, guten,3,4,4446,1.0,1.0,0.9333333333333332,0.0,amplify_2x,random_norm_matched,3,8,,0.0,-5.0067901611328125e-05,7.73818464949727e-06,0.0174990706145763,0.0174990706145763,0.0,0.0,7,7,0,-4.382694721221924,-4.382694721221924,0.0,-1.4608982801437378,-1.4608982801437378,0.0,0.0,0,final_token,-1,,-1,,-1,,0.0,,0,0,
19,german_language,Translate 'good evening' into German:, guten Abend, guten,3,4,4446,1.0,1.0,0.9333333333333332,0.0,amplify_2x,random_norm_matched,4,8,,0.0,-5.0067901611328125e-05,7.73818464949727e-06,0.0174990706145763,0.0174990706145763,0.0,0.0,7,7,0,-4.382694721221924,-4.382694721221924,0.0,-1.4608982801437378,-1.4608982801437378,0.0,0.0,0,final_token,-1,,-1,,-1,,0.0,,0,0,
19,german_language,Translate 'good evening' into German:, guten Abend, guten,3,4,4446,1.0,1.0,0.9333333333333332,0.0,amplify_2x,random_norm_matched,5,8,,0.0,-5.0067901611328125e-05,7.73818464949727e-06,0.0174990706145763,0.0174990706145763,0.0,0.0,7,7,0,-4.382694721221924,-4.382694721221924,0.0,-1.4608982801437378,-1.4608982801437378,0.0,0.0,0,final_token,-1,,-1,,-1,,0.0,,0,0,
19,german_language,Translate 'good evening' into German:, guten Abend, guten,3,4,4446,1.0,1.0,0.9333333333333332,0.0,amplify_2x,random_norm_matched,6,8,,0.0,-5.0067901611328125e-05,7.73818464949727e-06,0.0174990706145763,0.0174990706145763,0.0,0.0,7,7,0,-4.382694721221924,-4.382694721221924,0.0,-1.4608982801437378,-1.4608982801437378,0.0,0.0,0,final_token,-1,,-1,,-1,,0.0,,0,0,
19,german_language,Translate 'good evening' into German:, guten Abend, guten,3,4,4446,1.0,1.0,0.9333333333333332,0.0,amplify_2x,random_norm_matched,7,8,,0.0,-5.0067901611328125e-05,7.73818464949727e-06,0.0174990706145763,0.0174990706145763,0.0,0.0,7,7,0,-4.382694721221924,-4.382694721221924,0.0,-1.4608982801437378,-1.4608982801437378,0.0,0.0,0,final_token,-1,,-1,,-1,,0.0,,0,0,
20,factual_entities,"The scientist associated with radium research, Marie", Curie, Cur,2,14,29048,0.9745370370370372,0.9075520833333334,0.8235294117647058,0.0,ablate,sae_feature,-1,8,-0.0,0.0,0.0001279860734939,6.575221505045192e-07,0.8494343161582947,0.8494343161582947,0.0,0.0,1,1,0,-0.1648143678903579,-0.1648143678903579,0.0,-0.0824071839451789,-0.0824071839451789,0.0,0.0,0,final_token,-1,,-1,,-1,,0.0,,0,0,
20,factual_entities,"The scientist associated with radium research, Marie", Curie, Cur,2,14,29048,0.9745370370370372,0.9075520833333334,0.8235294117647058,0.0,ablate,random_norm_matched,0,8,,0.0,0.0001279860734939,6.575221505045192e-07,0.8494343161582947,0.8494343161582947,0.0,0.0,1,1,0,-0.1648143678903579,-0.1648143678903579,0.0,-0.0824071839451789,-0.0824071839451789,0.0,0.0,0,final_token,-1,,-1,,-1,,0.0,,0,0,
20,factual_entities,"The scientist associated with radium research, Marie", Curie, Cur,2,14,29048,0.9745370370370372,0.9075520833333334,0.8235294117647058,0.0,ablate,random_norm_matched,1,8,,0.0,0.0001279860734939,6.575221505045192e-07,0.8494343161582947,0.8494343161582947,0.0,0.0,1,1,0,-0.1648143678903579,-0.1648143678903579,0.0,-0.0824071839451789,-0.0824071839451789,0.0,0.0,0,final_token,-1,,-1,,-1,,0.0,,0,0,
20,factual_entities,"The scientist associated with radium research, Marie", Curie, Cur,2,14,29048,0.9745370370370372,0.9075520833333334,0.8235294117647058,0.0,ablate,random_norm_matched,2,8,,0.0,0.0001279860734939,6.575221505045192e-07,0.8494343161582947,0.8494343161582947,0.0,0.0,1,1,0,-0.1648143678903579,-0.1648143678903579,0.0,-0.0824071839451789,-0.0824071839451789,0.0,0.0,0,final_token,-1,,-1,,-1,,0.0,,0,0,
20,factual_entities,"The scientist associated with radium research, Marie", Curie, Cur,2,14,29048,0.9745370370370372,0.9075520833333334,0.8235294117647058,0.0,ablate,random_norm_matched,3,8,,0.0,0.0001279860734939,6.575221505045192e-07,0.8494343161582947,0.8494343161582947,0.0,0.0,1,1,0,-0.1648143678903579,-0.1648143678903579,0.0,-0.0824071839451789,-0.0824071839451789,0.0,0.0,0,final_token,-1,,-1,,-1,,0.0,,0,0,
20,factual_entities,"The scientist associated with radium research, Marie", Curie, Cur,2,14,29048,0.9745370370370372,0.9075520833333334,0.8235294117647058,0.0,ablate,random_norm_matched,4,8,,0.0,0.0001279860734939,6.575221505045192e-07,0.8494343161582947,0.8494343161582947,0.0,0.0,1,1,0,-0.1648143678903579,-0.1648143678903579,0.0,-0.0824071839451789,-0.0824071839451789,0.0,0.0,0,final_token,-1,,-1,,-1,,0.0,,0,0,
20,factual_entities,"The scientist associated with radium research, Marie", Curie, Cur,2,14,29048,0.9745370370370372,0.9075520833333334,0.8235294117647058,0.0,ablate,random_norm_matched,5,8,,0.0,0.0001279860734939,6.575221505045192e-07,0.8494343161582947,0.8494343161582947,0.0,0.0,1,1,0,-0.1648143678903579,-0.1648143678903579,0.0,-0.0824071839451789,-0.0824071839451789,0.0,0.0,0,final_token,-1,,-1,,-1,,0.0,,0,0,
20,factual_entities,"The scientist associated with radium research, Marie", Curie, Cur,2,14,29048,0.9745370370370372,0.9075520833333334,0.8235294117647058,0.0,ablate,random_norm_matched,6,8,,0.0,0.0001279860734939,6.575221505045192e-07,0.8494343161582947,0.8494343161582947,0.0,0.0,1,1,0,-0.1648143678903579,-0.1648143678903579,0.0,-0.0824071839451789,-0.0824071839451789,0.0,0.0,0,final_token,-1,,-1,,-1,,0.0,,0,0,
20,factual_entities,"The scientist associated with radium research, Marie", Curie, Cur,2,14,29048,0.9745370370370372,0.9075520833333334,0.8235294117647058,0.0,ablate,random_norm_matched,7,8,,0.0,0.0001279860734939,6.575221505045192e-07,0.8494343161582947,0.8494343161582947,0.0,0.0,1,1,0,-0.1648143678903579,-0.1648143678903579,0.0,-0.0824071839451789,-0.0824071839451789,0.0,0.0,0,final_token,-1,,-1,,-1,,0.0,,0,0,
20,factual_entities,"The scientist associated with radium research, Marie", Curie, Cur,2,14,29048,0.9745370370370372,0.9075520833333334,0.8235294117647058,0.0,amplify_2x,sae_feature,-1,8,0.0,0.0,0.0001279860734939,6.575221505045192e-07,0.8494343161582947,0.8494343161582947,0.0,0.0,1,1,0,-0.1648143678903579,-0.1648143678903579,0.0,-0.0824071839451789,-0.0824071839451789,0.0,0.0,0,final_token,-1,,-1,,-1,,0.0,,0,0,
20,factual_entities,"The scientist associated with radium research, Marie", Curie, Cur,2,14,29048,0.9745370370370372,0.9075520833333334,0.8235294117647058,0.0,amplify_2x,random_norm_matched,0,8,,0.0,0.0001279860734939,6.575221505045192e-07,0.8494343161582947,0.8494343161582947,0.0,0.0,1,1,0,-0.1648143678903579,-0.1648143678903579,0.0,-0.0824071839451789,-0.0824071839451789,0.0,0.0,0,final_token,-1,,-1,,-1,,0.0,,0,0,
20,factual_entities,"The scientist associated with radium research, Marie", Curie, Cur,2,14,29048,0.9745370370370372,0.9075520833333334,0.8235294117647058,0.0,amplify_2x,random_norm_matched,1,8,,0.0,0.0001279860734939,6.575221505045192e-07,0.8494343161582947,0.8494343161582947,0.0,0.0,1,1,0,-0.1648143678903579,-0.1648143678903579,0.0,-0.0824071839451789,-0.0824071839451789,0.0,0.0,0,final_token,-1,,-1,,-1,,0.0,,0,0,
20,factual_entities,"The scientist associated with radium research, Marie", Curie, Cur,2,14,29048,0.9745370370370372,0.9075520833333334,0.8235294117647058,0.0,amplify_2x,random_norm_matched,2,8,,0.0,0.0001279860734939,6.575221505045192e-07,0.8494343161582947,0.8494343161582947,0.0,0.0,1,1,0,-0.1648143678903579,-0.1648143678903579,0.0,-0.0824071839451789,-0.0824071839451789,0.0,0.0,0,final_token,-1,,-1,,-1,,0.0,,0,0,
20,factual_entities,"The scientist associated with radium research, Marie", Curie, Cur,2,14,29048,0.9745370370370372,0.9075520833333334,0.8235294117647058,0.0,amplify_2x,random_norm_matched,3,8,,0.0,0.0001279860734939,6.575221505045192e-07,0.8494343161582947,0.8494343161582947,0.0,0.0,1,1,0,-0.1648143678903579,-0.1648143678903579,0.0,-0.0824071839451789,-0.0824071839451789,0.0,0.0,0,final_token,-1,,-1,,-1,,0.0,,0,0,
20,factual_entities,"The scientist associated with radium research, Marie", Curie, Cur,2,14,29048,0.9745370370370372,0.9075520833333334,0.8235294117647058,0.0,amplify_2x,random_norm_matched,4,8,,0.0,0.0001279860734939,6.575221505045192e-07,0.8494343161582947,0.8494343161582947,0.0,0.0,1,1,0,-0.1648143678903579,-0.1648143678903579,0.0,-0.0824071839451789,-0.0824071839451789,0.0,0.0,0,final_token,-1,,-1,,-1,,0.0,,0,0,
20,factual_entities,"The scientist associated with radium research, Marie", Curie, Cur,2,14,29048,0.9745370370370372,0.9075520833333334,0.8235294117647058,0.0,amplify_2x,random_norm_matched,5,8,,0.0,0.0001279860734939,6.575221505045192e-07,0.8494343161582947,0.8494343161582947,0.0,0.0,1,1,0,-0.1648143678903579,-0.1648143678903579,0.0,-0.0824071839451789,-0.0824071839451789,0.0,0.0,0,final_token,-1,,-1,,-1,,0.0,,0,0,
20,factual_entities,"The scientist associated with radium research, Marie", Curie, Cur,2,14,29048,0.9745370370370372,0.9075520833333334,0.8235294117647058,0.0,amplify_2x,random_norm_matched,6,8,,0.0,0.0001279860734939,6.575221505045192e-07,0.8494343161582947,0.8494343161582947,0.0,0.0,1,1,0,-0.1648143678903579,-0.1648143678903579,0.0,-0.0824071839451789,-0.0824071839451789,0.0,0.0,0,final_token,-1,,-1,,-1,,0.0,,0,0,
20,factual_entities,"The scientist associated with radium research, Marie", Curie, Cur,2,14,29048,0.9745370370370372,0.9075520833333334,0.8235294117647058,0.0,amplify_2x,random_norm_matched,7,8,,0.0,0.0001279860734939,6.575221505045192e-07,0.8494343161582947,0.8494343161582947,0.0,0.0,1,1,0,-0.1648143678903579,-0.1648143678903579,0.0,-0.0824071839451789,-0.0824071839451789,0.0,0.0,0,final_token,-1,,-1,,-1,,0.0,,0,0,
21,factual_entities,"The composer of the Fifth Symphony, Ludwig van", Beethoven, Be,2,14,29048,0.9745370370370372,0.9075520833333334,0.8235294117647058,0.0,ablate,sae_feature,-1,8,-0.0,0.0,-8.213333785533905e-05,4.463363438844681e-07,0.990538477897644,0.990538477897644,0.0,0.0,1,1,0,-0.0095930937677621,-0.0095930937677621,0.0,-0.004796546883881,-0.004796546883881,0.0,0.0,0,final_token,-1,,-1,,-1,,0.0,,0,0,
21,factual_entities,"The composer of the Fifth Symphony, Ludwig van", Beethoven, Be,2,14,29048,0.9745370370370372,0.9075520833333334,0.8235294117647058,0.0,ablate,random_norm_matched,0,8,,0.0,-8.213333785533905e-05,4.463363438844681e-07,0.990538477897644,0.990538477897644,0.0,0.0,1,1,0,-0.0095930937677621,-0.0095930937677621,0.0,-0.004796546883881,-0.004796546883881,0.0,0.0,0,final_token,-1,,-1,,-1,,0.0,,0,0,
21,factual_entities,"The composer of the Fifth Symphony, Ludwig van", Beethoven, Be,2,14,29048,0.9745370370370372,0.9075520833333334,0.8235294117647058,0.0,ablate,random_norm_matched,1,8,,0.0,-8.213333785533905e-05,4.463363438844681e-07,0.990538477897644,0.990538477897644,0.0,0.0,1,1,0,-0.0095930937677621,-0.0095930937677621,0.0,-0.004796546883881,-0.004796546883881,0.0,0.0,0,final_token,-1,,-1,,-1,,0.0,,0,0,
21,factual_entities,"The composer of the Fifth Symphony, Ludwig van", Beethoven, Be,2,14,29048,0.9745370370370372,0.9075520833333334,0.8235294117647058,0.0,ablate,random_norm_matched,2,8,,0.0,-8.213333785533905e-05,4.463363438844681e-07,0.990538477897644,0.990538477897644,0.0,0.0,1,1,0,-0.0095930937677621,-0.0095930937677621,0.0,-0.004796546883881,-0.004796546883881,0.0,0.0,0,final_token,-1,,-1,,-1,,0.0,,0,0,
21,factual_entities,"The composer of the Fifth Symphony, Ludwig van", Beethoven, Be,2,14,29048,0.9745370370370372,0.9075520833333334,0.8235294117647058,0.0,ablate,random_norm_matched,3,8,,0.0,-8.213333785533905e-05,4.463363438844681e-07,0.990538477897644,0.990538477897644,0.0,0.0,1,1,0,-0.0095930937677621,-0.0095930937677621,0.0,-0.004796546883881,-0.004796546883881,0.0,0.0,0,final_token,-1,,-1,,-1,,0.0,,0,0,
21,factual_entities,"The composer of the Fifth Symphony, Ludwig van", Beethoven, Be,2,14,29048,0.9745370370370372,0.9075520833333334,0.8235294117647058,0.0,ablate,random_norm_matched,4,8,,0.0,-8.213333785533905e-05,4.463363438844681e-07,0.990538477897644,0.990538477897644,0.0,0.0,1,1,0,-0.0095930937677621,-0.0095930937677621,0.0,-0.004796546883881,-0.004796546883881,0.0,0.0,0,final_token,-1,,-1,,-1,,0.0,,0,0,
21,factual_entities,"The composer of the Fifth Symphony, Ludwig van", Beethoven, Be,2,14,29048,0.9745370370370372,0.9075520833333334,0.8235294117647058,0.0,ablate,random_norm_matched,5,8,,0.0,-8.213333785533905e-05,4.463363438844681e-07,0.990538477897644,0.990538477897644,0.0,0.0,1,1,0,-0.0095930937677621,-0.0095930937677621,0.0,-0.004796546883881,-0.004796546883881,0.0,0.0,0,final_token,-1,,-1,,-1,,0.0,,0,0,
21,factual_entities,"The composer of the Fifth Symphony, Ludwig van", Beethoven, Be,2,14,29048,0.9745370370370372,0.9075520833333334,0.8235294117647058,0.0,ablate,random_norm_matched,6,8,,0.0,-8.213333785533905e-05,4.463363438844681e-07,0.990538477897644,0.990538477897644,0.0,0.0,1,1,0,-0.0095930937677621,-0.0095930937677621,0.0,-0.004796546883881,-0.004796546883881,0.0,0.0,0,final_token,-1,,-1,,-1,,0.0,,0,0,
21,factual_entities,"The composer of the Fifth Symphony, Ludwig van", Beethoven, Be,2,14,29048,0.9745370370370372,0.9075520833333334,0.8235294117647058,0.0,ablate,random_norm_matched,7,8,,0.0,-8.213333785533905e-05,4.463363438844681e-07,0.990538477897644,0.990538477897644,0.0,0.0,1,1,0,-0.0095930937677621,-0.0095930937677621,0.0,-0.004796546883881,-0.004796546883881,0.0,0.0,0,final_token,-1,,-1,,-1,,0.0,,0,0,
21,factual_entities,"The composer of the Fifth Symphony, Ludwig van", Beethoven, Be,2,14,29048,0.9745370370370372,0.9075520833333334,0.8235294117647058,0.0,amplify_2x,sae_feature,-1,8,0.0,0.0,-8.213333785533905e-05,4.463363438844681e-07,0.990538477897644,0.990538477897644,0.0,0.0,1,1,0,-0.0095930937677621,-0.0095930937677621,0.0,-0.004796546883881,-0.004796546883881,0.0,0.0,0,final_token,-1,,-1,,-1,,0.0,,0,0,
21,factual_entities,"The composer of the Fifth Symphony, Ludwig van", Beethoven, Be,2,14,29048,0.9745370370370372,0.9075520833333334,0.8235294117647058,0.0,amplify_2x,random_norm_matched,0,8,,0.0,-8.213333785533905e-05,4.463363438844681e-07,0.990538477897644,0.990538477897644,0.0,0.0,1,1,0,-0.0095930937677621,-0.0095930937677621,0.0,-0.004796546883881,-0.004796546883881,0.0,0.0,0,final_token,-1,,-1,,-1,,0.0,,0,0,
21,factual_entities,"The composer of the Fifth Symphony, Ludwig van", Beethoven, Be,2,14,29048,0.9745370370370372,0.9075520833333334,0.8235294117647058,0.0,amplify_2x,random_norm_matched,1,8,,0.0,-8.213333785533905e-05,4.463363438844681e-07,0.990538477897644,0.990538477897644,0.0,0.0,1,1,0,-0.0095930937677621,-0.0095930937677621,0.0,-0.004796546883881,-0.004796546883881,0.0,0.0,0,final_token,-1,,-1,,-1,,0.0,,0,0,
21,factual_entities,"The composer of the Fifth Symphony, Ludwig van", Beethoven, Be,2,14,29048,0.9745370370370372,0.9075520833333334,0.8235294117647058,0.0,amplify_2x,random_norm_matched,2,8,,0.0,-8.213333785533905e-05,4.463363438844681e-07,0.990538477897644,0.990538477897644,0.0,0.0,1,1,0,-0.0095930937677621,-0.0095930937677621,0.0,-0.004796546883881,-0.004796546883881,0.0,0.0,0,final_token,-1,,-1,,-1,,0.0,,0,0,
21,factual_entities,"The composer of the Fifth Symphony, Ludwig van", Beethoven, Be,2,14,29048,0.9745370370370372,0.9075520833333334,0.8235294117647058,0.0,amplify_2x,random_norm_matched,3,8,,0.0,-8.213333785533905e-05,4.463363438844681e-07,0.990538477897644,0.990538477897644,0.0,0.0,1,1,0,-0.0095930937677621,-0.0095930937677621,0.0,-0.004796546883881,-0.004796546883881,0.0,0.0,0,final_token,-1,,-1,,-1,,0.0,,0,0,
21,factual_entities,"The composer of the Fifth Symphony, Ludwig van", Beethoven, Be,2,14,29048,0.9745370370370372,0.9075520833333334,0.8235294117647058,0.0,amplify_2x,random_norm_matched,4,8,,0.0,-8.213333785533905e-05,4.463363438844681e-07,0.990538477897644,0.990538477897644,0.0,0.0,1,1,0,-0.0095930937677621,-0.0095930937677621,0.0,-0.004796546883881,-0.004796546883881,0.0,0.0,0,final_token,-1,,-1,,-1,,0.0,,0,0,
21,factual_entities,"The composer of the Fifth Symphony, Ludwig van", Beethoven, Be,2,14,29048,0.9745370370370372,0.9075520833333334,0.8235294117647058,0.0,amplify_2x,random_norm_matched,5,8,,0.0,-8.213333785533905e-05,4.463363438844681e-07,0.990538477897644,0.990538477897644,0.0,0.0,1,1,0,-0.0095930937677621,-0.0095930937677621,0.0,-0.004796546883881,-0.004796546883881,0.0,0.0,0,final_token,-1,,-1,,-1,,0.0,,0,0,
21,factual_entities,"The composer of the Fifth Symphony, Ludwig van", Beethoven, Be,2,14,29048,0.9745370370370372,0.9075520833333334,0.8235294117647058,0.0,amplify_2x,random_norm_matched,6,8,,0.0,-8.213333785533905e-05,4.463363438844681e-07,0.990538477897644,0.990538477897644,0.0,0.0,1,1,0,-0.0095930937677621,-0.0095930937677621,0.0,-0.004796546883881,-0.004796546883881,0.0,0.0,0,final_token,-1,,-1,,-1,,0.0,,0,0,
21,factual_entities,"The composer of the Fifth Symphony, Ludwig van", Beethoven, Be,2,14,29048,0.9745370370370372,0.9075520833333334,0.8235294117647058,0.0,amplify_2x,random_norm_matched,7,8,,0.0,-8.213333785533905e-05,4.463363438844681e-07,0.990538477897644,0.990538477897644,0.0,0.0,1,1,0,-0.0095930937677621,-0.0095930937677621,0.0,-0.004796546883881,-0.004796546883881,0.0,0.0,0,final_token,-1,,-1,,-1,,0.0,,0,0,
22,factual_entities,"The computer scientist known for the Turing machine, Alan", Turing, Turing,1,14,29048,0.9745370370370372,0.9075520833333334,0.8235294117647058,6.162264347076416,ablate,sae_feature,-1,8,-6.162264347076416,6.162263870239258,0.0005559027194976,1.123018591897562e-06,0.8428925275802612,0.8512861728668213,0.00839364528656,0.0099088996648788,1,1,0,-0.1709158271551132,-0.1610069274902343,0.0099088996648788,-0.1709158271551132,-0.1610069274902343,0.0099088996648788,9.562289051245898e-05,0,final_token,-1,,-1,,-1,,6.162264347076416,,1,1,
22,factual_entities,"The computer scientist known for the Turing machine, Alan", Turing, Turing,1,14,29048,0.9745370370370372,0.9075520833333334,0.8235294117647058,6.162264347076416,ablate,random_norm_matched,0,8,,6.162263870239258,0.0005559027194976,1.123018591897562e-06,0.8428925275802612,0.8415934443473816,-0.0012990832328796,-0.0015423893928527,1,1,0,-0.1709158271551132,-0.172458216547966,-0.0015423893928527,-0.1709158271551132,-0.172458216547966,-0.0015423893928527,1.691201759967953e-05,0,final_token,-1,,-1,,-1,,6.162264347076416,,1,1,
22,factual_entities,"The computer scientist known for the Turing machine, Alan", Turing, Turing,1,14,29048,0.9745370370370372,0.9075520833333334,0.8235294117647058,6.162264347076416,ablate,random_norm_matched,1,8,,6.162264347076416,0.0005559027194976,1.123018591897562e-06,0.8428925275802612,0.8458938002586365,0.0030012726783752,0.0035543888807296,1,1,0,-0.1709158271551132,-0.1673614382743835,0.0035543888807296,-0.1709158271551132,-0.1673614382743835,0.0035543888807296,1.4238688891055062e-05,0,final_token,-1,,-1,,-1,,6.162264347076416,,1,1,
22,factual_entities,"The computer scientist known for the Turing machine, Alan", Turing, Turing,1,14,29048,0.9745370370370372,0.9075520833333334,0.8235294117647058,6.162264347076416,ablate,random_norm_matched,2,8,,6.162264347076416,0.0005559027194976,1.123018591897562e-06,0.8428925275802612,0.8488817811012268,0.0059892535209655,0.0070804506540298,1,1,0,-0.1709158271551132,-0.1638353765010833,0.0070804506540298,-0.1709158271551132,-0.1638353765010833,0.0070804506540298,5.2583323849830776e-05,0,final_token,-1,,-1,,-1,,6.162264347076416,,1,1,
22,factual_entities,"The computer scientist known for the Turing machine, Alan", Turing, Turing,1,14,29048,0.9745370370370372,0.9075520833333334,0.8235294117647058,6.162264347076416,ablate,random_norm_matched,3,8,,6.162263870239258,0.0005559027194976,1.123018591897562e-06,0.8428925275802612,0.8352963328361511,-0.0075961947441101,-0.009052887558937,1,1,0,-0.1709158271551132,-0.1799687147140503,-0.009052887558937,-0.1709158271551132,-0.1799687147140503,-0.009052887558937,7.08804145688191e-05,0,final_token,-1,,-1,,-1,,6.162264347076416,,1,1,
22,factual_entities,"The computer scientist known for the Turing machine, Alan", Turing, Turing,1,14,29048,0.9745370370370372,0.9075520833333334,0.8235294117647058,6.162264347076416,ablate,random_norm_matched,4,8,,6.162263870239258,0.0005559027194976,1.123018591897562e-06,0.8428925275802612,0.8414328694343567,-0.0014596581459045,-0.0017331838607788,1,1,0,-0.1709158271551132,-0.172649011015892,-0.0017331838607788,-0.1709158271551132,-0.172649011015892,-0.0017331838607788,9.999068424804136e-06,0,final_token,-1,,-1,,-1,,6.162264347076416,,1,1,
22,factual_entities,"The computer scientist known for the Turing machine, Alan", Turing, Turing,1,14,29048,0.9745370370370372,0.9075520833333334,0.8235294117647058,6.162264347076416,ablate,random_norm_matched,5,8,,6.1622633934021,0.0005559027194976,1.123018591897562e-06,0.8428925275802612,0.849193274974823,0.0063007473945617,0.0074473619461059,1,1,0,-0.1709158271551132,-0.1634684652090072,0.0074473619461059,-0.1709158271551132,-0.1634684652090072,0.0074473619461059,4.534117033472285e-05,0,final_token,-1,,-1,,-1,,6.162264347076416,,1,1,
22,factual_entities,"The computer scientist known for the Turing machine, Alan", Turing, Turing,1,14,29048,0.9745370370370372,0.9075520833333334,0.8235294117647058,6.162264347076416,ablate,random_norm_matched,6,8,,6.162264347076416,0.0005559027194976,1.123018591897562e-06,0.8428925275802612,0.8482871651649475,0.0053946375846862,0.0063797235488891,1,1,0,-0.1709158271551132,-0.164536103606224,0.0063797235488891,-0.1709158271551132,-0.164536103606224,0.0063797235488891,3.5502947866916656e-05,0,final_token,-1,,-1,,-1,,6.162264347076416,,1,1,
22,factual_entities,"The computer scientist known for the Turing machine, Alan", Turing, Turing,1,14,29048,0.9745370370370372,0.9075520833333334,0.8235294117647058,6.162264347076416,ablate,random_norm_matched,7,8,,6.162264347076416,0.0005559027194976,1.123018591897562e-06,0.8428925275802612,0.8454303741455078,0.0025378465652465,0.0030063688755035,1,1,0,-0.1709158271551132,-0.1679094582796096,0.0030063688755035,-0.1709158271551132,-0.1679094582796096,0.0030063688755035,1.1798467312473804e-05,0,final_token,-1,,-1,,-1,,6.162264347076416,,1,1,
22,factual_entities,"The computer scientist known for the Turing machine, Alan", Turing, Turing,1,14,29048,0.9745370370370372,0.9075520833333334,0.8235294117647058,6.162264347076416,amplify_2x,sae_feature,-1,8,6.162264347076416,6.162263870239258,0.0005559027194976,1.123018591897562e-06,0.8428925275802612,0.8377165794372559,-0.0051759481430053,-0.0061596482992172,1,1,0,-0.1709158271551132,-0.1770754754543304,-0.0061596482992172,-0.1709158271551132,-0.1770754754543304,-0.0061596482992172,5.550898640649393e-05,0,final_token,-1,,-1,,-1,,6.162264347076416,,1,1,
22,factual_entities,"The computer scientist known for the Turing machine, Alan", Turing, Turing,1,14,29048,0.9745370370370372,0.9075520833333334,0.8235294117647058,6.162264347076416,amplify_2x,random_norm_matched,0,8,,6.162263870239258,0.0005559027194976,1.123018591897562e-06,0.8428925275802612,0.8432022929191589,0.0003097653388977,0.0003674328327178,1,1,0,-0.1709158271551132,-0.1705483943223953,0.0003674328327178,-0.1709158271551132,-0.1705483943223953,0.0003674328327178,8.030394383240491e-06,0,final_token,-1,,-1,,-1,,6.162264347076416,,1,1,
22,factual_entities,"The computer scientist known for the Turing machine, Alan", Turing, Turing,1,14,29048,0.9745370370370372,0.9075520833333334,0.8235294117647058,6.162264347076416,amplify_2x,random_norm_matched,1,8,,6.162263870239258,0.0005559027194976,1.123018591897562e-06,0.8428925275802612,0.8470606207847595,0.0041680932044982,0.0049327909946441,1,1,0,-0.1709158271551132,-0.165983036160469,0.0049327909946441,-0.1709158271551132,-0.165983036160469,0.0049327909946441,3.0389106541406363e-05,0,final_token,-1,,-1,,-1,,6.162264347076416,,1,1,
22,factual_entities,"The computer scientist known for the Turing machine, Alan", Turing, Turing,1,14,29048,0.9745370370370372,0.9075520833333334,0.8235294117647058,6.162264347076416,amplify_2x,random_norm_matched,2,8,,6.162264347076416,0.0005559027194976,1.123018591897562e-06,0.8428925275802612,0.8449476361274719,0.0020551085472106,0.0024352073669433,1,1,0,-0.1709158271551132,-0.1684806197881698,0.0024352073669433,-0.1709158271551132,-0.1684806197881698,0.0024352073669433,1.1824015018646604e-05,0,final_token,-1,,-1,,-1,,6.162264347076416,,1,1,
22,factual_entities,"The computer scientist known for the Turing machine, Alan", Turing, Turing,1,14,29048,0.9745370370370372,0.9075520833333334,0.8235294117647058,6.162264347076416,amplify_2x,random_norm_matched,3,8,,6.162264347076416,0.0005559027194976,1.123018591897562e-06,0.8428925275802612,0.8386726975440979,-0.0042198300361633,-0.0050189495086669,1,1,0,-0.1709158271551132,-0.1759347766637802,-0.0050189495086669,-0.1709158271551132,-0.1759347766637802,-0.0050189495086669,2.753228909568861e-05,0,final_token,-1,,-1,,-1,,6.162264347076416,,1,1,
22,factual_entities,"The computer scientist known for the Turing machine, Alan", Turing, Turing,1,14,29048,0.9745370370370372,0.9075520833333334,0.8235294117647058,6.162264347076416,amplify_2x,random_norm_matched,4,8,,6.162264347076416,0.0005559027194976,1.123018591897562e-06,0.8428925275802612,0.8518086075782776,0.0089160799980163,0.0105224400758743,1,1,0,-0.1709158271551132,-0.1603933870792389,0.0105224400758743,-0.1709158271551132,-0.1603933870792389,0.0105224400758743,9.419387788511811e-05,0,final_token,-1,,-1,,-1,,6.162264347076416,,1,1,
22,factual_entities,"The computer scientist known for the Turing machine, Alan", Turing, Turing,1,14,29048,0.9745370370370372,0.9075520833333334,0.8235294117647058,6.162264347076416,amplify_2x,random_norm_matched,5,8,,6.162263870239258,0.0005559027194976,1.123018591897562e-06,0.8428925275802612,0.8486707806587219,0.0057782530784606,0.0068318545818328,1,1,0,-0.1709158271551132,-0.1640839725732803,0.0068318545818328,-0.1709158271551132,-0.1640839725732803,0.0068318545818328,4.562125104712322e-05,0,final_token,-1,,-1,,-1,,6.162264347076416,,1,1,
22,factual_entities,"The computer scientist known for the Turing machine, Alan", Turing, Turing,1,14,29048,0.9745370370370372,0.9075520833333334,0.8235294117647058,6.162264347076416,amplify_2x,random_norm_matched,6,8,,6.162264347076416,0.0005559027194976,1.123018591897562e-06,0.8428925275802612,0.8372673392295837,-0.0056251883506774,-0.0066960602998733,1,1,0,-0.1709158271551132,-0.1776118874549865,-0.0066960602998733,-0.1709158271551132,-0.1776118874549865,-0.0066960602998733,3.819892299361527e-05,0,final_token,-1,,-1,,-1,,6.162264347076416,,1,1,
22,factual_entities,"The computer scientist known for the Turing machine, Alan", Turing, Turing,1,14,29048,0.9745370370370372,0.9075520833333334,0.8235294117647058,6.162264347076416,amplify_2x,random_norm_matched,7,8,,6.162264347076416,0.0005559027194976,1.123018591897562e-06,0.8428925275802612,0.84156733751297,-0.0013251900672912,-0.0015733838081359,1,1,0,-0.1709158271551132,-0.1724892109632492,-0.0015733838081359,-0.1709158271551132,-0.1724892109632492,-0.0015733838081359,8.977187462733127e-06,0,final_token,-1,,-1,,-1,,6.162264347076416,,1,1,
23,factual_entities,"The Japanese city famous for many historic temples,", Kyoto, Kyoto,1,14,29048,0.9745370370370372,0.9075520833333334,0.8235294117647058,0.0,ablate,sae_feature,-1,8,-0.0,0.0,-0.0001344680786132,3.1897216103971004e-06,0.0027941158041357,0.0027941158041357,0.0,0.0,37,37,0,-5.880239486694336,-5.880239486694336,0.0,-5.880239486694336,-5.880239486694336,0.0,0.0,0,final_token,-1,,-1,,-1,,0.0,,0,0,
23,factual_entities,"The Japanese city famous for many historic temples,", Kyoto, Kyoto,1,14,29048,0.9745370370370372,0.9075520833333334,0.8235294117647058,0.0,ablate,random_norm_matched,0,8,,0.0,-0.0001344680786132,3.1897216103971004e-06,0.0027941158041357,0.0027941158041357,0.0,0.0,37,37,0,-5.880239486694336,-5.880239486694336,0.0,-5.880239486694336,-5.880239486694336,0.0,0.0,0,final_token,-1,,-1,,-1,,0.0,,0,0,
23,factual_entities,"The Japanese city famous for many historic temples,", Kyoto, Kyoto,1,14,29048,0.9745370370370372,0.9075520833333334,0.8235294117647058,0.0,ablate,random_norm_matched,1,8,,0.0,-0.0001344680786132,3.1897216103971004e-06,0.0027941158041357,0.0027941158041357,0.0,0.0,37,37,0,-5.880239486694336,-5.880239486694336,0.0,-5.880239486694336,-5.880239486694336,0.0,0.0,0,final_token,-1,,-1,,-1,,0.0,,0,0,
23,factual_entities,"The Japanese city famous for many historic temples,", Kyoto, Kyoto,1,14,29048,0.9745370370370372,0.9075520833333334,0.8235294117647058,0.0,ablate,random_norm_matched,2,8,,0.0,-0.0001344680786132,3.1897216103971004e-06,0.0027941158041357,0.0027941158041357,0.0,0.0,37,37,0,-5.880239486694336,-5.880239486694336,0.0,-5.880239486694336,-5.880239486694336,0.0,0.0,0,final_token,-1,,-1,,-1,,0.0,,0,0,
23,factual_entities,"The Japanese city famous for many historic temples,", Kyoto, Kyoto,1,14,29048,0.9745370370370372,0.9075520833333334,0.8235294117647058,0.0,ablate,random_norm_matched,3,8,,0.0,-0.0001344680786132,3.1897216103971004e-06,0.0027941158041357,0.0027941158041357,0.0,0.0,37,37,0,-5.880239486694336,-5.880239486694336,0.0,-5.880239486694336,-5.880239486694336,0.0,0.0,0,final_token,-1,,-1,,-1,,0.0,,0,0,
23,factual_entities,"The Japanese city famous for many historic temples,", Kyoto, Kyoto,1,14,29048,0.9745370370370372,0.9075520833333334,0.8235294117647058,0.0,ablate,random_norm_matched,4,8,,0.0,-0.0001344680786132,3.1897216103971004e-06,0.0027941158041357,0.0027941158041357,0.0,0.0,37,37,0,-5.880239486694336,-5.880239486694336,0.0,-5.880239486694336,-5.880239486694336,0.0,0.0,0,final_token,-1,,-1,,-1,,0.0,,0,0,
23,factual_entities,"The Japanese city famous for many historic temples,", Kyoto, Kyoto,1,14,29048,0.9745370370370372,0.9075520833333334,0.8235294117647058,0.0,ablate,random_norm_matched,5,8,,0.0,-0.0001344680786132,3.1897216103971004e-06,0.0027941158041357,0.0027941158041357,0.0,0.0,37,37,0,-5.880239486694336,-5.880239486694336,0.0,-5.880239486694336,-5.880239486694336,0.0,0.0,0,final_token,-1,,-1,,-1,,0.0,,0,0,
23,factual_entities,"The Japanese city famous for many historic temples,", Kyoto, Kyoto,1,14,29048,0.9745370370370372,0.9075520833333334,0.8235294117647058,0.0,ablate,random_norm_matched,6,8,,0.0,-0.0001344680786132,3.1897216103971004e-06,0.0027941158041357,0.0027941158041357,0.0,0.0,37,37,0,-5.880239486694336,-5.880239486694336,0.0,-5.880239486694336,-5.880239486694336,0.0,0.0,0,final_token,-1,,-1,,-1,,0.0,,0,0,
23,factual_entities,"The Japanese city famous for many historic temples,", Kyoto, Kyoto,1,14,29048,0.9745370370370372,0.9075520833333334,0.8235294117647058,0.0,ablate,random_norm_matched,7,8,,0.0,-0.0001344680786132,3.1897216103971004e-06,0.0027941158041357,0.0027941158041357,0.0,0.0,37,37,0,-5.880239486694336,-5.880239486694336,0.0,-5.880239486694336,-5.880239486694336,0.0,0.0,0,final_token,-1,,-1,,-1,,0.0,,0,0,
23,factual_entities,"The Japanese city famous for many historic temples,", Kyoto, Kyoto,1,14,29048,0.9745370370370372,0.9075520833333334,0.8235294117647058,0.0,amplify_2x,sae_feature,-1,8,0.0,0.0,-0.0001344680786132,3.1897216103971004e-06,0.0027941158041357,0.0027941158041357,0.0,0.0,37,37,0,-5.880239486694336,-5.880239486694336,0.0,-5.880239486694336,-5.880239486694336,0.0,0.0,0,final_token,-1,,-1,,-1,,0.0,,0,0,
23,factual_entities,"The Japanese city famous for many historic temples,", Kyoto, Kyoto,1,14,29048,0.9745370370370372,0.9075520833333334,0.8235294117647058,0.0,amplify_2x,random_norm_matched,0,8,,0.0,-0.0001344680786132,3.1897216103971004e-06,0.0027941158041357,0.0027941158041357,0.0,0.0,37,37,0,-5.880239486694336,-5.880239486694336,0.0,-5.880239486694336,-5.880239486694336,0.0,0.0,0,final_token,-1,,-1,,-1,,0.0,,0,0,
23,factual_entities,"The Japanese city famous for many historic temples,", Kyoto, Kyoto,1,14,29048,0.9745370370370372,0.9075520833333334,0.8235294117647058,0.0,amplify_2x,random_norm_matched,1,8,,0.0,-0.0001344680786132,3.1897216103971004e-06,0.0027941158041357,0.0027941158041357,0.0,0.0,37,37,0,-5.880239486694336,-5.880239486694336,0.0,-5.880239486694336,-5.880239486694336,0.0,0.0,0,final_token,-1,,-1,,-1,,0.0,,0,0,
23,factual_entities,"The Japanese city famous for many historic temples,", Kyoto, Kyoto,1,14,29048,0.9745370370370372,0.9075520833333334,0.8235294117647058,0.0,amplify_2x,random_norm_matched,2,8,,0.0,-0.0001344680786132,3.1897216103971004e-06,0.0027941158041357,0.0027941158041357,0.0,0.0,37,37,0,-5.880239486694336,-5.880239486694336,0.0,-5.880239486694336,-5.880239486694336,0.0,0.0,0,final_token,-1,,-1,,-1,,0.0,,0,0,
23,factual_entities,"The Japanese city famous for many historic temples,", Kyoto, Kyoto,1,14,29048,0.9745370370370372,0.9075520833333334,0.8235294117647058,0.0,amplify_2x,random_norm_matched,3,8,,0.0,-0.0001344680786132,3.1897216103971004e-06,0.0027941158041357,0.0027941158041357,0.0,0.0,37,37,0,-5.880239486694336,-5.880239486694336,0.0,-5.880239486694336,-5.880239486694336,0.0,0.0,0,final_token,-1,,-1,,-1,,0.0,,0,0,
23,factual_entities,"The Japanese city famous for many historic temples,", Kyoto, Kyoto,1,14,29048,0.9745370370370372,0.9075520833333334,0.8235294117647058,0.0,amplify_2x,random_norm_matched,4,8,,0.0,-0.0001344680786132,3.1897216103971004e-06,0.0027941158041357,0.0027941158041357,0.0,0.0,37,37,0,-5.880239486694336,-5.880239486694336,0.0,-5.880239486694336,-5.880239486694336,0.0,0.0,0,final_token,-1,,-1,,-1,,0.0,,0,0,
23,factual_entities,"The Japanese city famous for many historic temples,", Kyoto, Kyoto,1,14,29048,0.9745370370370372,0.9075520833333334,0.8235294117647058,0.0,amplify_2x,random_norm_matched,5,8,,0.0,-0.0001344680786132,3.1897216103971004e-06,0.0027941158041357,0.0027941158041357,0.0,0.0,37,37,0,-5.880239486694336,-5.880239486694336,0.0,-5.880239486694336,-5.880239486694336,0.0,0.0,0,final_token,-1,,-1,,-1,,0.0,,0,0,
23,factual_entities,"The Japanese city famous for many historic temples,", Kyoto, Kyoto,1,14,29048,0.9745370370370372,0.9075520833333334,0.8235294117647058,0.0,amplify_2x,random_norm_matched,6,8,,0.0,-0.0001344680786132,3.1897216103971004e-06,0.0027941158041357,0.0027941158041357,0.0,0.0,37,37,0,-5.880239486694336,-5.880239486694336,0.0,-5.880239486694336,-5.880239486694336,0.0,0.0,0,final_token,-1,,-1,,-1,,0.0,,0,0,
23,factual_entities,"The Japanese city famous for many historic temples,", Kyoto, Kyoto,1,14,29048,0.9745370370370372,0.9075520833333334,0.8235294117647058,0.0,amplify_2x,random_norm_matched,7,8,,0.0,-0.0001344680786132,3.1897216103971004e-06,0.0027941158041357,0.0027941158041357,0.0,0.0,37,37,0,-5.880239486694336,-5.880239486694336,0.0,-5.880239486694336,-5.880239486694336,0.0,0.0,0,final_token,-1,,-1,,-1,,0.0,,0,0,
24,uncertainty,The evidence is insufficient. The answer is, unknown, unknown,1,14,1384,0.9752604166666669,0.875,0.8571428571428571,0.0,ablate,sae_feature,-1,8,-0.0,0.0,-0.0026912689208984,1.0245697922073305e-05,0.0109627349302172,0.0109627349302172,0.0,0.0,15,15,0,-4.513253211975098,-4.513253211975098,0.0,-4.513253211975098,-4.513253211975098,0.0,0.0,0,final_token,-1,,-1,,-1,,0.0,,0,0,
24,uncertainty,The evidence is insufficient. The answer is, unknown, unknown,1,14,1384,0.9752604166666669,0.875,0.8571428571428571,0.0,ablate,random_norm_matched,0,8,,0.0,-0.0026912689208984,1.0245697922073305e-05,0.0109627349302172,0.0109627349302172,0.0,0.0,15,15,0,-4.513253211975098,-4.513253211975098,0.0,-4.513253211975098,-4.513253211975098,0.0,0.0,0,final_token,-1,,-1,,-1,,0.0,,0,0,
24,uncertainty,The evidence is insufficient. The answer is, unknown, unknown,1,14,1384,0.9752604166666669,0.875,0.8571428571428571,0.0,ablate,random_norm_matched,1,8,,0.0,-0.0026912689208984,1.0245697922073305e-05,0.0109627349302172,0.0109627349302172,0.0,0.0,15,15,0,-4.513253211975098,-4.513253211975098,0.0,-4.513253211975098,-4.513253211975098,0.0,0.0,0,final_token,-1,,-1,,-1,,0.0,,0,0,
24,uncertainty,The evidence is insufficient. The answer is, unknown, unknown,1,14,1384,0.9752604166666669,0.875,0.8571428571428571,0.0,ablate,random_norm_matched,2,8,,0.0,-0.0026912689208984,1.0245697922073305e-05,0.0109627349302172,0.0109627349302172,0.0,0.0,15,15,0,-4.513253211975098,-4.513253211975098,0.0,-4.513253211975098,-4.513253211975098,0.0,0.0,0,final_token,-1,,-1,,-1,,0.0,,0,0,
24,uncertainty,The evidence is insufficient. The answer is, unknown, unknown,1,14,1384,0.9752604166666669,0.875,0.8571428571428571,0.0,ablate,random_norm_matched,3,8,,0.0,-0.0026912689208984,1.0245697922073305e-05,0.0109627349302172,0.0109627349302172,0.0,0.0,15,15,0,-4.513253211975098,-4.513253211975098,0.0,-4.513253211975098,-4.513253211975098,0.0,0.0,0,final_token,-1,,-1,,-1,,0.0,,0,0,
24,uncertainty,The evidence is insufficient. The answer is, unknown, unknown,1,14,1384,0.9752604166666669,0.875,0.8571428571428571,0.0,ablate,random_norm_matched,4,8,,0.0,-0.0026912689208984,1.0245697922073305e-05,0.0109627349302172,0.0109627349302172,0.0,0.0,15,15,0,-4.513253211975098,-4.513253211975098,0.0,-4.513253211975098,-4.513253211975098,0.0,0.0,0,final_token,-1,,-1,,-1,,0.0,,0,0,
24,uncertainty,The evidence is insufficient. The answer is, unknown, unknown,1,14,1384,0.9752604166666669,0.875,0.8571428571428571,0.0,ablate,random_norm_matched,5,8,,0.0,-0.0026912689208984,1.0245697922073305e-05,0.0109627349302172,0.0109627349302172,0.0,0.0,15,15,0,-4.513253211975098,-4.513253211975098,0.0,-4.513253211975098,-4.513253211975098,0.0,0.0,0,final_token,-1,,-1,,-1,,0.0,,0,0,
24,uncertainty,The evidence is insufficient. The answer is, unknown, unknown,1,14,1384,0.9752604166666669,0.875,0.8571428571428571,0.0,ablate,random_norm_matched,6,8,,0.0,-0.0026912689208984,1.0245697922073305e-05,0.0109627349302172,0.0109627349302172,0.0,0.0,15,15,0,-4.513253211975098,-4.513253211975098,0.0,-4.513253211975098,-4.513253211975098,0.0,0.0,0,final_token,-1,,-1,,-1,,0.0,,0,0,
24,uncertainty,The evidence is insufficient. The answer is, unknown, unknown,1,14,1384,0.9752604166666669,0.875,0.8571428571428571,0.0,ablate,random_norm_matched,7,8,,0.0,-0.0026912689208984,1.0245697922073305e-05,0.0109627349302172,0.0109627349302172,0.0,0.0,15,15,0,-4.513253211975098,-4.513253211975098,0.0,-4.513253211975098,-4.513253211975098,0.0,0.0,0,final_token,-1,,-1,,-1,,0.0,,0,0,
24,uncertainty,The evidence is insufficient. The answer is, unknown, unknown,1,14,1384,0.9752604166666669,0.875,0.8571428571428571,0.0,amplify_2x,sae_feature,-1,8,0.0,0.0,-0.0026912689208984,1.0245697922073305e-05,0.0109627349302172,0.0109627349302172,0.0,0.0,15,15,0,-4.513253211975098,-4.513253211975098,0.0,-4.513253211975098,-4.513253211975098,0.0,0.0,0,final_token,-1,,-1,,-1,,0.0,,0,0,
24,uncertainty,The evidence is insufficient. The answer is, unknown, unknown,1,14,1384,0.9752604166666669,0.875,0.8571428571428571,0.0,amplify_2x,random_norm_matched,0,8,,0.0,-0.0026912689208984,1.0245697922073305e-05,0.0109627349302172,0.0109627349302172,0.0,0.0,15,15,0,-4.513253211975098,-4.513253211975098,0.0,-4.513253211975098,-4.513253211975098,0.0,0.0,0,final_token,-1,,-1,,-1,,0.0,,0,0,
24,uncertainty,The evidence is insufficient. The answer is, unknown, unknown,1,14,1384,0.9752604166666669,0.875,0.8571428571428571,0.0,amplify_2x,random_norm_matched,1,8,,0.0,-0.0026912689208984,1.0245697922073305e-05,0.0109627349302172,0.0109627349302172,0.0,0.0,15,15,0,-4.513253211975098,-4.513253211975098,0.0,-4.513253211975098,-4.513253211975098,0.0,0.0,0,final_token,-1,,-1,,-1,,0.0,,0,0,
24,uncertainty,The evidence is insufficient. The answer is, unknown, unknown,1,14,1384,0.9752604166666669,0.875,0.8571428571428571,0.0,amplify_2x,random_norm_matched,2,8,,0.0,-0.0026912689208984,1.0245697922073305e-05,0.0109627349302172,0.0109627349302172,0.0,0.0,15,15,0,-4.513253211975098,-4.513253211975098,0.0,-4.513253211975098,-4.513253211975098,0.0,0.0,0,final_token,-1,,-1,,-1,,0.0,,0,0,
24,uncertainty,The evidence is insufficient. The answer is, unknown, unknown,1,14,1384,0.9752604166666669,0.875,0.8571428571428571,0.0,amplify_2x,random_norm_matched,3,8,,0.0,-0.0026912689208984,1.0245697922073305e-05,0.0109627349302172,0.0109627349302172,0.0,0.0,15,15,0,-4.513253211975098,-4.513253211975098,0.0,-4.513253211975098,-4.513253211975098,0.0,0.0,0,final_token,-1,,-1,,-1,,0.0,,0,0,
24,uncertainty,The evidence is insufficient. The answer is, unknown, unknown,1,14,1384,0.9752604166666669,0.875,0.8571428571428571,0.0,amplify_2x,random_norm_matched,4,8,,0.0,-0.0026912689208984,1.0245697922073305e-05,0.0109627349302172,0.0109627349302172,0.0,0.0,15,15,0,-4.513253211975098,-4.513253211975098,0.0,-4.513253211975098,-4.513253211975098,0.0,0.0,0,final_token,-1,,-1,,-1,,0.0,,0,0,
24,uncertainty,The evidence is insufficient. The answer is, unknown, unknown,1,14,1384,0.9752604166666669,0.875,0.8571428571428571,0.0,amplify_2x,random_norm_matched,5,8,,0.0,-0.0026912689208984,1.0245697922073305e-05,0.0109627349302172,0.0109627349302172,0.0,0.0,15,15,0,-4.513253211975098,-4.513253211975098,0.0,-4.513253211975098,-4.513253211975098,0.0,0.0,0,final_token,-1,,-1,,-1,,0.0,,0,0,
24,uncertainty,The evidence is insufficient. The answer is, unknown, unknown,1,14,1384,0.9752604166666669,0.875,0.8571428571428571,0.0,amplify_2x,random_norm_matched,6,8,,0.0,-0.0026912689208984,1.0245697922073305e-05,0.0109627349302172,0.0109627349302172,0.0,0.0,15,15,0,-4.513253211975098,-4.513253211975098,0.0,-4.513253211975098,-4.513253211975098,0.0,0.0,0,final_token,-1,,-1,,-1,,0.0,,0,0,
24,uncertainty,The evidence is insufficient. The answer is, unknown, unknown,1,14,1384,0.9752604166666669,0.875,0.8571428571428571,0.0,amplify_2x,random_norm_matched,7,8,,0.0,-0.0026912689208984,1.0245697922073305e-05,0.0109627349302172,0.0109627349302172,0.0,0.0,15,15,0,-4.513253211975098,-4.513253211975098,0.0,-4.513253211975098,-4.513253211975098,0.0,0.0,0,final_token,-1,,-1,,-1,,0.0,,0,0,
25,uncertainty,"The passage never states the value, so it is", unknown, unknown,1,14,1384,0.9752604166666669,0.875,0.8571428571428571,0.0,ablate,sae_feature,-1,8,-0.0,0.0,0.0080752372741699,8.094357326626778e-06,0.0103558851405978,0.0103558851405978,0.0,0.0,12,12,0,-4.570200443267822,-4.570200443267822,0.0,-4.570200443267822,-4.570200443267822,0.0,0.0,0,final_token,-1,,-1,,-1,,0.0,,0,0,
25,uncertainty,"The passage never states the value, so it is", unknown, unknown,1,14,1384,0.9752604166666669,0.875,0.8571428571428571,0.0,ablate,random_norm_matched,0,8,,0.0,0.0080752372741699,8.094357326626778e-06,0.0103558851405978,0.0103558851405978,0.0,0.0,12,12,0,-4.570200443267822,-4.570200443267822,0.0,-4.570200443267822,-4.570200443267822,0.0,0.0,0,final_token,-1,,-1,,-1,,0.0,,0,0,
25,uncertainty,"The passage never states the value, so it is", unknown, unknown,1,14,1384,0.9752604166666669,0.875,0.8571428571428571,0.0,ablate,random_norm_matched,1,8,,0.0,0.0080752372741699,8.094357326626778e-06,0.0103558851405978,0.0103558851405978,0.0,0.0,12,12,0,-4.570200443267822,-4.570200443267822,0.0,-4.570200443267822,-4.570200443267822,0.0,0.0,0,final_token,-1,,-1,,-1,,0.0,,0,0,
25,uncertainty,"The passage never states the value, so it is", unknown, unknown,1,14,1384,0.9752604166666669,0.875,0.8571428571428571,0.0,ablate,random_norm_matched,2,8,,0.0,0.0080752372741699,8.094357326626778e-06,0.0103558851405978,0.0103558851405978,0.0,0.0,12,12,0,-4.570200443267822,-4.570200443267822,0.0,-4.570200443267822,-4.570200443267822,0.0,0.0,0,final_token,-1,,-1,,-1,,0.0,,0,0,
25,uncertainty,"The passage never states the value, so it is", unknown, unknown,1,14,1384,0.9752604166666669,0.875,0.8571428571428571,0.0,ablate,random_norm_matched,3,8,,0.0,0.0080752372741699,8.094357326626778e-06,0.0103558851405978,0.0103558851405978,0.0,0.0,12,12,0,-4.570200443267822,-4.570200443267822,0.0,-4.570200443267822,-4.570200443267822,0.0,0.0,0,final_token,-1,,-1,,-1,,0.0,,0,0,
25,uncertainty,"The passage never states the value, so it is", unknown, unknown,1,14,1384,0.9752604166666669,0.875,0.8571428571428571,0.0,ablate,random_norm_matched,4,8,,0.0,0.0080752372741699,8.094357326626778e-06,0.0103558851405978,0.0103558851405978,0.0,0.0,12,12,0,-4.570200443267822,-4.570200443267822,0.0,-4.570200443267822,-4.570200443267822,0.0,0.0,0,final_token,-1,,-1,,-1,,0.0,,0,0,
25,uncertainty,"The passage never states the value, so it is", unknown, unknown,1,14,1384,0.9752604166666669,0.875,0.8571428571428571,0.0,ablate,random_norm_matched,5,8,,0.0,0.0080752372741699,8.094357326626778e-06,0.0103558851405978,0.0103558851405978,0.0,0.0,12,12,0,-4.570200443267822,-4.570200443267822,0.0,-4.570200443267822,-4.570200443267822,0.0,0.0,0,final_token,-1,,-1,,-1,,0.0,,0,0,
25,uncertainty,"The passage never states the value, so it is", unknown, unknown,1,14,1384,0.9752604166666669,0.875,0.8571428571428571,0.0,ablate,random_norm_matched,6,8,,0.0,0.0080752372741699,8.094357326626778e-06,0.0103558851405978,0.0103558851405978,0.0,0.0,12,12,0,-4.570200443267822,-4.570200443267822,0.0,-4.570200443267822,-4.570200443267822,0.0,0.0,0,final_token,-1,,-1,,-1,,0.0,,0,0,
25,uncertainty,"The passage never states the value, so it is", unknown, unknown,1,14,1384,0.9752604166666669,0.875,0.8571428571428571,0.0,ablate,random_norm_matched,7,8,,0.0,0.0080752372741699,8.094357326626778e-06,0.0103558851405978,0.0103558851405978,0.0,0.0,12,12,0,-4.570200443267822,-4.570200443267822,0.0,-4.570200443267822,-4.570200443267822,0.0,0.0,0,final_token,-1,,-1,,-1,,0.0,,0,0,
25,uncertainty,"The passage never states the value, so it is", unknown, unknown,1,14,1384,0.9752604166666669,0.875,0.8571428571428571,0.0,amplify_2x,sae_feature,-1,8,0.0,0.0,0.0080752372741699,8.094357326626778e-06,0.0103558851405978,0.0103558851405978,0.0,0.0,12,12,0,-4.570200443267822,-4.570200443267822,0.0,-4.570200443267822,-4.570200443267822,0.0,0.0,0,final_token,-1,,-1,,-1,,0.0,,0,0,
25,uncertainty,"The passage never states the value, so it is", unknown, unknown,1,14,1384,0.9752604166666669,0.875,0.8571428571428571,0.0,amplify_2x,random_norm_matched,0,8,,0.0,0.0080752372741699,8.094357326626778e-06,0.0103558851405978,0.0103558851405978,0.0,0.0,12,12,0,-4.570200443267822,-4.570200443267822,0.0,-4.570200443267822,-4.570200443267822,0.0,0.0,0,final_token,-1,,-1,,-1,,0.0,,0,0,
25,uncertainty,"The passage never states the value, so it is", unknown, unknown,1,14,1384,0.9752604166666669,0.875,0.8571428571428571,0.0,amplify_2x,random_norm_matched,1,8,,0.0,0.0080752372741699,8.094357326626778e-06,0.0103558851405978,0.0103558851405978,0.0,0.0,12,12,0,-4.570200443267822,-4.570200443267822,0.0,-4.570200443267822,-4.570200443267822,0.0,0.0,0,final_token,-1,,-1,,-1,,0.0,,0,0,
25,uncertainty,"The passage never states the value, so it is", unknown, unknown,1,14,1384,0.9752604166666669,0.875,0.8571428571428571,0.0,amplify_2x,random_norm_matched,2,8,,0.0,0.0080752372741699,8.094357326626778e-06,0.0103558851405978,0.0103558851405978,0.0,0.0,12,12,0,-4.570200443267822,-4.570200443267822,0.0,-4.570200443267822,-4.570200443267822,0.0,0.0,0,final_token,-1,,-1,,-1,,0.0,,0,0,
25,uncertainty,"The passage never states the value, so it is", unknown, unknown,1,14,1384,0.9752604166666669,0.875,0.8571428571428571,0.0,amplify_2x,random_norm_matched,3,8,,0.0,0.0080752372741699,8.094357326626778e-06,0.0103558851405978,0.0103558851405978,0.0,0.0,12,12,0,-4.570200443267822,-4.570200443267822,0.0,-4.570200443267822,-4.570200443267822,0.0,0.0,0,final_token,-1,,-1,,-1,,0.0,,0,0,
25,uncertainty,"The passage never states the value, so it is", unknown, unknown,1,14,1384,0.9752604166666669,0.875,0.8571428571428571,0.0,amplify_2x,random_norm_matched,4,8,,0.0,0.0080752372741699,8.094357326626778e-06,0.0103558851405978,0.0103558851405978,0.0,0.0,12,12,0,-4.570200443267822,-4.570200443267822,0.0,-4.570200443267822,-4.570200443267822,0.0,0.0,0,final_token,-1,,-1,,-1,,0.0,,0,0,
25,uncertainty,"The passage never states the value, so it is", unknown, unknown,1,14,1384,0.9752604166666669,0.875,0.8571428571428571,0.0,amplify_2x,random_norm_matched,5,8,,0.0,0.0080752372741699,8.094357326626778e-06,0.0103558851405978,0.0103558851405978,0.0,0.0,12,12,0,-4.570200443267822,-4.570200443267822,0.0,-4.570200443267822,-4.570200443267822,0.0,0.0,0,final_token,-1,,-1,,-1,,0.0,,0,0,
25,uncertainty,"The passage never states the value, so it is", unknown, unknown,1,14,1384,0.9752604166666669,0.875,0.8571428571428571,0.0,amplify_2x,random_norm_matched,6,8,,0.0,0.0080752372741699,8.094357326626778e-06,0.0103558851405978,0.0103558851405978,0.0,0.0,12,12,0,-4.570200443267822,-4.570200443267822,0.0,-4.570200443267822,-4.570200443267822,0.0,0.0,0,final_token,-1,,-1,,-1,,0.0,,0,0,
25,uncertainty,"The passage never states the value, so it is", unknown, unknown,1,14,1384,0.9752604166666669,0.875,0.8571428571428571,0.0,amplify_2x,random_norm_matched,7,8,,0.0,0.0080752372741699,8.094357326626778e-06,0.0103558851405978,0.0103558851405978,0.0,0.0,12,12,0,-4.570200443267822,-4.570200443267822,0.0,-4.570200443267822,-4.570200443267822,0.0,0.0,0,final_token,-1,,-1,,-1,,0.0,,0,0,
26,uncertainty,There is not enough information to determine the result. It remains, uncertain, uncertain,1,14,1384,0.9752604166666669,0.875,0.8571428571428571,6.218594074249268,ablate,sae_feature,-1,8,-6.218594074249268,6.218593120574951,0.0099692344665527,9.826995665207504e-06,0.0999038740992546,0.0972356349229812,-0.0026682391762733,-0.0270709991455078,3,4,1,-2.303546905517578,-2.330617904663086,-0.0270709991455078,-2.303546905517578,-2.330617904663086,-0.0270709991455078,0.0004610500182025,0,final_token,-1,,-1,,-1,,6.218594074249268,,1,1,
26,uncertainty,There is not enough information to determine the result. It remains, uncertain, uncertain,1,14,1384,0.9752604166666669,0.875,0.8571428571428571,6.218594074249268,ablate,random_norm_matched,0,8,,6.218593120574951,0.0099692344665527,9.826995665207504e-06,0.0999038740992546,0.1004499271512031,0.0005460530519485,0.005450963973999,3,3,0,-2.303546905517578,-2.298095941543579,0.005450963973999,-2.303546905517578,-2.298095941543579,0.005450963973999,0.0001177340745925,0,final_token,-1,,-1,,-1,,6.218594074249268,,1,1,
26,uncertainty,There is not enough information to determine the result. It remains, uncertain, uncertain,1,14,1384,0.9752604166666669,0.875,0.8571428571428571,6.218594074249268,ablate,random_norm_matched,1,8,,6.218593120574951,0.0099692344665527,9.826995665207504e-06,0.0999038740992546,0.1008655428886413,0.0009616687893867,0.0095801353454589,3,3,0,-2.303546905517578,-2.293966770172119,0.0095801353454589,-2.303546905517578,-2.293966770172119,0.0095801353454589,0.0003543719649314,0,final_token,-1,,-1,,-1,,6.218594074249268,,1,1,
26,uncertainty,There is not enough information to determine the result. It remains, uncertain, uncertain,1,14,1384,0.9752604166666669,0.875,0.8571428571428571,6.218594074249268,ablate,random_norm_matched,2,8,,6.218593120574951,0.0099692344665527,9.826995665207504e-06,0.0999038740992546,0.0986848399043083,-0.0012190341949462,-0.0122771263122558,3,3,0,-2.303546905517578,-2.315824031829834,-0.0122771263122558,-2.303546905517578,-2.315824031829834,-0.0122771263122558,0.0001594229252077,0,final_token,-1,,-1,,-1,,6.218594074249268,,1,1,
26,uncertainty,There is not enough information to determine the result. It remains, uncertain, uncertain,1,14,1384,0.9752604166666669,0.875,0.8571428571428571,6.218594074249268,ablate,random_norm_matched,3,8,,6.218592643737793,0.0099692344665527,9.826995665207504e-06,0.0999038740992546,0.0997758954763412,-0.0001279786229133,-0.00128173828125,3,3,0,-2.303546905517578,-2.304828643798828,-0.00128173828125,-2.303546905517578,-2.304828643798828,-0.00128173828125,0.0001568014267832,0,final_token,-1,,-1,,-1,,6.218594074249268,,1,1,
26,uncertainty,There is not enough information to determine the result. It remains, uncertain, uncertain,1,14,1384,0.9752604166666669,0.875,0.8571428571428571,6.218594074249268,ablate,random_norm_matched,4,8,,6.218593597412109,0.0099692344665527,9.826995665207504e-06,0.0999038740992546,0.1006646305322647,0.0007607564330101,0.0075860023498535,3,3,0,-2.303546905517578,-2.2959609031677246,0.0075860023498535,-2.303546905517578,-2.2959609031677246,0.0075860023498535,0.0001077387714758,0,final_token,-1,,-1,,-1,,6.218594074249268,,1,1,
26,uncertainty,There is not enough information to determine the result. It remains, uncertain, uncertain,1,14,1384,0.9752604166666669,0.875,0.8571428571428571,6.218594074249268,ablate,random_norm_matched,5,8,,6.218593597412109,0.0099692344665527,9.826995665207504e-06,0.0999038740992546,0.1025117933750152,0.0026079192757606,0.0257694721221923,3,4,1,-2.303546905517578,-2.2777774333953857,0.0257694721221923,-2.303546905517578,-2.2777774333953857,0.0257694721221923,0.0005061060655862,0,final_token,-1,,-1,,-1,,6.218594074249268,,1,1,
26,uncertainty,There is not enough information to determine the result. It remains, uncertain, uncertain,1,14,1384,0.9752604166666669,0.875,0.8571428571428571,6.218594074249268,ablate,random_norm_matched,6,8,,6.218593120574951,0.0099692344665527,9.826995665207504e-06,0.0999038740992546,0.1023743003606796,0.002470426261425,0.0244274139404296,3,3,0,-2.303546905517578,-2.2791194915771484,0.0244274139404296,-2.303546905517578,-2.2791194915771484,0.0244274139404296,0.0001916682813316,0,final_token,-1,,-1,,-1,,6.218594074249268,,1,1,
26,uncertainty,There is not enough information to determine the result. It remains, uncertain, uncertain,1,14,1384,0.9752604166666669,0.875,0.8571428571428571,6.218594074249268,ablate,random_norm_matched,7,8,,6.218592643737793,0.0099692344665527,9.826995665207504e-06,0.0999038740992546,0.0977367237210273,-0.0021671503782272,-0.0219311714172363,3,3,0,-2.303546905517578,-2.3254780769348145,-0.0219311714172363,-2.303546905517578,-2.3254780769348145,-0.0219311714172363,0.000197610235773,0,final_token,-1,,-1,,-1,,6.218594074249268,,1,1,
26,uncertainty,There is not enough information to determine the result. It remains, uncertain, uncertain,1,14,1384,0.9752604166666669,0.875,0.8571428571428571,6.218594074249268,amplify_2x,sae_feature,-1,8,6.218594074249268,6.218593120574951,0.0099692344665527,9.826995665207504e-06,0.0999038740992546,0.1024580523371696,0.002554178237915,0.025245189666748,3,3,0,-2.303546905517578,-2.27830171585083,0.025245189666748,-2.303546905517578,-2.27830171585083,0.025245189666748,0.0005395303014665,0,final_token,-1,,-1,,-1,,6.218594074249268,,1,1,
26,uncertainty,There is not enough information to determine the result. It remains, uncertain, uncertain,1,14,1384,0.9752604166666669,0.875,0.8571428571428571,6.218594074249268,amplify_2x,random_norm_matched,0,8,,6.218593120574951,0.0099692344665527,9.826995665207504e-06,0.0999038740992546,0.0988640412688255,-0.001039832830429,-0.0104627609252929,3,3,0,-2.303546905517578,-2.314009666442871,-0.0104627609252929,-2.303546905517578,-2.314009666442871,-0.0104627609252929,0.000212509999983,0,final_token,-1,,-1,,-1,,6.218594074249268,,1,1,
26,uncertainty,There is not enough information to determine the result. It remains, uncertain, uncertain,1,14,1384,0.9752604166666669,0.875,0.8571428571428571,6.218594074249268,amplify_2x,random_norm_matched,1,8,,6.218593120574951,0.0099692344665527,9.826995665207504e-06,0.0999038740992546,0.0996014177799224,-0.0003024563193321,-0.0030319690704345,3,3,0,-2.303546905517578,-2.3065788745880127,-0.0030319690704345,-2.303546905517578,-2.3065788745880127,-0.0030319690704345,0.0002137500559911,0,final_token,-1,,-1,,-1,,6.218594074249268,,1,1,
26,uncertainty,There is not enough information to determine the result. It remains, uncertain, uncertain,1,14,1384,0.9752604166666669,0.875,0.8571428571428571,6.218594074249268,amplify_2x,random_norm_matched,2,8,,6.218593120574951,0.0099692344665527,9.826995665207504e-06,0.0999038740992546,0.0983482152223587,-0.0015556588768959,-0.0156941413879394,3,3,0,-2.303546905517578,-2.3192410469055176,-0.0156941413879394,-2.303546905517578,-2.3192410469055176,-0.0156941413879394,0.0001175570796476,0,final_token,-1,,-1,,-1,,6.218594074249268,,1,1,
26,uncertainty,There is not enough information to determine the result. It remains, uncertain, uncertain,1,14,1384,0.9752604166666669,0.875,0.8571428571428571,6.218594074249268,amplify_2x,random_norm_matched,3,8,,6.218593120574951,0.0099692344665527,9.826995665207504e-06,0.0999038740992546,0.1036545112729072,0.0037506371736526,0.0368549823760986,3,3,0,-2.303546905517578,-2.2666919231414795,0.0368549823760986,-2.303546905517578,-2.2666919231414795,0.0368549823760986,0.0003378664259798,0,final_token,-1,,-1,,-1,,6.218594074249268,,1,1,
26,uncertainty,There is not enough information to determine the result. It remains, uncertain, uncertain,1,14,1384,0.9752604166666669,0.875,0.8571428571428571,6.218594074249268,amplify_2x,random_norm_matched,4,8,,6.218593597412109,0.0099692344665527,9.826995665207504e-06,0.0999038740992546,0.100375659763813,0.0004717856645584,0.0047113895416259,3,3,0,-2.303546905517578,-2.298835515975952,0.0047113895416259,-2.303546905517578,-2.298835515975952,0.0047113895416259,0.0002621072344481,0,final_token,-1,,-1,,-1,,6.218594074249268,,1,1,
26,uncertainty,There is not enough information to determine the result. It remains, uncertain, uncertain,1,14,1384,0.9752604166666669,0.875,0.8571428571428571,6.218594074249268,amplify_2x,random_norm_matched,5,8,,6.218593120574951,0.0099692344665527,9.826995665207504e-06,0.0999038740992546,0.1047896444797515,0.0048857703804969,0.0477466583251953,3,3,0,-2.303546905517578,-2.255800247192383,0.0477466583251953,-2.303546905517578,-2.255800247192383,0.0477466583251953,0.0003346325829625,0,final_token,-1,,-1,,-1,,6.218594074249268,,1,1,
26,uncertainty,There is not enough information to determine the result. It remains, uncertain, uncertain,1,14,1384,0.9752604166666669,0.875,0.8571428571428571,6.218594074249268,amplify_2x,random_norm_matched,6,8,,6.218593120574951,0.0099692344665527,9.826995665207504e-06,0.0999038740992546,0.1002380326390266,0.000334158539772,0.0033392906188964,3,3,0,-2.303546905517578,-2.3002076148986816,0.0033392906188964,-2.303546905517578,-2.3002076148986816,0.0033392906188964,0.0001044808304868,0,final_token,-1,,-1,,-1,,6.218594074249268,,1,1,
26,uncertainty,There is not enough information to determine the result. It remains, uncertain, uncertain,1,14,1384,0.9752604166666669,0.875,0.8571428571428571,6.218594074249268,amplify_2x,random_norm_matched,7,8,,6.218594074249268,0.0099692344665527,9.826995665207504e-06,0.0999038740992546,0.1018004640936851,0.0018965899944305,0.0188062191009521,3,3,0,-2.303546905517578,-2.284740686416626,0.0188062191009521,-2.303546905517578,-2.284740686416626,0.0188062191009521,0.0001566849823575,0,final_token,-1,,-1,,-1,,6.218594074249268,,1,1,
27,uncertainty,No reliable conclusion can be drawn; the outcome is, unclear, unclear,1,14,1384,0.9752604166666669,0.875,0.8571428571428571,0.0,ablate,sae_feature,-1,8,-0.0,0.0,0.0144000053405761,4.4174157665111125e-06,0.0148317338898777,0.0148317338898777,0.0,0.0,13,13,0,-4.210986137390137,-4.210986137390137,0.0,-4.210986137390137,-4.210986137390137,0.0,0.0,0,final_token,-1,,-1,,-1,,0.0,,0,0,
27,uncertainty,No reliable conclusion can be drawn; the outcome is, unclear, unclear,1,14,1384,0.9752604166666669,0.875,0.8571428571428571,0.0,ablate,random_norm_matched,0,8,,0.0,0.0144000053405761,4.4174157665111125e-06,0.0148317338898777,0.0148317338898777,0.0,0.0,13,13,0,-4.210986137390137,-4.210986137390137,0.0,-4.210986137390137,-4.210986137390137,0.0,0.0,0,final_token,-1,,-1,,-1,,0.0,,0,0,
27,uncertainty,No reliable conclusion can be drawn; the outcome is, unclear, unclear,1,14,1384,0.9752604166666669,0.875,0.8571428571428571,0.0,ablate,random_norm_matched,1,8,,0.0,0.0144000053405761,4.4174157665111125e-06,0.0148317338898777,0.0148317338898777,0.0,0.0,13,13,0,-4.210986137390137,-4.210986137390137,0.0,-4.210986137390137,-4.210986137390137,0.0,0.0,0,final_token,-1,,-1,,-1,,0.0,,0,0,
27,uncertainty,No reliable conclusion can be drawn; the outcome is, unclear, unclear,1,14,1384,0.9752604166666669,0.875,0.8571428571428571,0.0,ablate,random_norm_matched,2,8,,0.0,0.0144000053405761,4.4174157665111125e-06,0.0148317338898777,0.0148317338898777,0.0,0.0,13,13,0,-4.210986137390137,-4.210986137390137,0.0,-4.210986137390137,-4.210986137390137,0.0,0.0,0,final_token,-1,,-1,,-1,,0.0,,0,0,
27,uncertainty,No reliable conclusion can be drawn; the outcome is, unclear, unclear,1,14,1384,0.9752604166666669,0.875,0.8571428571428571,0.0,ablate,random_norm_matched,3,8,,0.0,0.0144000053405761,4.4174157665111125e-06,0.0148317338898777,0.0148317338898777,0.0,0.0,13,13,0,-4.210986137390137,-4.210986137390137,0.0,-4.210986137390137,-4.210986137390137,0.0,0.0,0,final_token,-1,,-1,,-1,,0.0,,0,0,
27,uncertainty,No reliable conclusion can be drawn; the outcome is, unclear, unclear,1,14,1384,0.9752604166666669,0.875,0.8571428571428571,0.0,ablate,random_norm_matched,4,8,,0.0,0.0144000053405761,4.4174157665111125e-06,0.0148317338898777,0.0148317338898777,0.0,0.0,13,13,0,-4.210986137390137,-4.210986137390137,0.0,-4.210986137390137,-4.210986137390137,0.0,0.0,0,final_token,-1,,-1,,-1,,0.0,,0,0,
27,uncertainty,No reliable conclusion can be drawn; the outcome is, unclear, unclear,1,14,1384,0.9752604166666669,0.875,0.8571428571428571,0.0,ablate,random_norm_matched,5,8,,0.0,0.0144000053405761,4.4174157665111125e-06,0.0148317338898777,0.0148317338898777,0.0,0.0,13,13,0,-4.210986137390137,-4.210986137390137,0.0,-4.210986137390137,-4.210986137390137,0.0,0.0,0,final_token,-1,,-1,,-1,,0.0,,0,0,
27,uncertainty,No reliable conclusion can be drawn; the outcome is, unclear, unclear,1,14,1384,0.9752604166666669,0.875,0.8571428571428571,0.0,ablate,random_norm_matched,6,8,,0.0,0.0144000053405761,4.4174157665111125e-06,0.0148317338898777,0.0148317338898777,0.0,0.0,13,13,0,-4.210986137390137,-4.210986137390137,0.0,-4.210986137390137,-4.210986137390137,0.0,0.0,0,final_token,-1,,-1,,-1,,0.0,,0,0,
27,uncertainty,No reliable conclusion can be drawn; the outcome is, unclear, unclear,1,14,1384,0.9752604166666669,0.875,0.8571428571428571,0.0,ablate,random_norm_matched,7,8,,0.0,0.0144000053405761,4.4174157665111125e-06,0.0148317338898777,0.0148317338898777,0.0,0.0,13,13,0,-4.210986137390137,-4.210986137390137,0.0,-4.210986137390137,-4.210986137390137,0.0,0.0,0,final_token,-1,,-1,,-1,,0.0,,0,0,
27,uncertainty,No reliable conclusion can be drawn; the outcome is, unclear, unclear,1,14,1384,0.9752604166666669,0.875,0.8571428571428571,0.0,amplify_2x,sae_feature,-1,8,0.0,0.0,0.0144000053405761,4.4174157665111125e-06,0.0148317338898777,0.0148317338898777,0.0,0.0,13,13,0,-4.210986137390137,-4.210986137390137,0.0,-4.210986137390137,-4.210986137390137,0.0,0.0,0,final_token,-1,,-1,,-1,,0.0,,0,0,
27,uncertainty,No reliable conclusion can be drawn; the outcome is, unclear, unclear,1,14,1384,0.9752604166666669,0.875,0.8571428571428571,0.0,amplify_2x,random_norm_matched,0,8,,0.0,0.0144000053405761,4.4174157665111125e-06,0.0148317338898777,0.0148317338898777,0.0,0.0,13,13,0,-4.210986137390137,-4.210986137390137,0.0,-4.210986137390137,-4.210986137390137,0.0,0.0,0,final_token,-1,,-1,,-1,,0.0,,0,0,
27,uncertainty,No reliable conclusion can be drawn; the outcome is, unclear, unclear,1,14,1384,0.9752604166666669,0.875,0.8571428571428571,0.0,amplify_2x,random_norm_matched,1,8,,0.0,0.0144000053405761,4.4174157665111125e-06,0.0148317338898777,0.0148317338898777,0.0,0.0,13,13,0,-4.210986137390137,-4.210986137390137,0.0,-4.210986137390137,-4.210986137390137,0.0,0.0,0,final_token,-1,,-1,,-1,,0.0,,0,0,
27,uncertainty,No reliable conclusion can be drawn; the outcome is, unclear, unclear,1,14,1384,0.9752604166666669,0.875,0.8571428571428571,0.0,amplify_2x,random_norm_matched,2,8,,0.0,0.0144000053405761,4.4174157665111125e-06,0.0148317338898777,0.0148317338898777,0.0,0.0,13,13,0,-4.210986137390137,-4.210986137390137,0.0,-4.210986137390137,-4.210986137390137,0.0,0.0,0,final_token,-1,,-1,,-1,,0.0,,0,0,
27,uncertainty,No reliable conclusion can be drawn; the outcome is, unclear, unclear,1,14,1384,0.9752604166666669,0.875,0.8571428571428571,0.0,amplify_2x,random_norm_matched,3,8,,0.0,0.0144000053405761,4.4174157665111125e-06,0.0148317338898777,0.0148317338898777,0.0,0.0,13,13,0,-4.210986137390137,-4.210986137390137,0.0,-4.210986137390137,-4.210986137390137,0.0,0.0,0,final_token,-1,,-1,,-1,,0.0,,0,0,
27,uncertainty,No reliable conclusion can be drawn; the outcome is, unclear, unclear,1,14,1384,0.9752604166666669,0.875,0.8571428571428571,0.0,amplify_2x,random_norm_matched,4,8,,0.0,0.0144000053405761,4.4174157665111125e-06,0.0148317338898777,0.0148317338898777,0.0,0.0,13,13,0,-4.210986137390137,-4.210986137390137,0.0,-4.210986137390137,-4.210986137390137,0.0,0.0,0,final_token,-1,,-1,,-1,,0.0,,0,0,
27,uncertainty,No reliable conclusion can be drawn; the outcome is, unclear, unclear,1,14,1384,0.9752604166666669,0.875,0.8571428571428571,0.0,amplify_2x,random_norm_matched,5,8,,0.0,0.0144000053405761,4.4174157665111125e-06,0.0148317338898777,0.0148317338898777,0.0,0.0,13,13,0,-4.210986137390137,-4.210986137390137,0.0,-4.210986137390137,-4.210986137390137,0.0,0.0,0,final_token,-1,,-1,,-1,,0.0,,0,0,
27,uncertainty,No reliable conclusion can be drawn; the outcome is, unclear, unclear,1,14,1384,0.9752604166666669,0.875,0.8571428571428571,0.0,amplify_2x,random_norm_matched,6,8,,0.0,0.0144000053405761,4.4174157665111125e-06,0.0148317338898777,0.0148317338898777,0.0,0.0,13,13,0,-4.210986137390137,-4.210986137390137,0.0,-4.210986137390137,-4.210986137390137,0.0,0.0,0,final_token,-1,,-1,,-1,,0.0,,0,0,
27,uncertainty,No reliable conclusion can be drawn; the outcome is, unclear, unclear,1,14,1384,0.9752604166666669,0.875,0.8571428571428571,0.0,amplify_2x,random_norm_matched,7,8,,0.0,0.0144000053405761,4.4174157665111125e-06,0.0148317338898777,0.0148317338898777,0.0,0.0,13,13,0,-4.210986137390137,-4.210986137390137,0.0,-4.210986137390137,-4.210986137390137,0.0,0.0,0,final_token,-1,,-1,,-1,,0.0,,0,0,
