layer,concept,feature_id,full_score,full_rank,resample_support,median_resample_rank,mean_resample_rank,resamples,top_features_per_resample
4,code,16398,0.42338486213346577,33,0.015625,20.0,20.0,128,20
4,code,8720,0.6854261821467748,11,0.890625,13.0,12.921052631578947,128,20
4,code,10278,1.5071420688047157,2,1.0,2.0,2.0390625,128,20
4,code,5670,0.1597407600201594,128,0.0078125,12.0,12.0,128,20
4,code,49,0.4296784887604342,32,0.0859375,17.0,16.90909090909091,128,20
4,code,14386,0.37785934559067486,38,0.1484375,13.0,12.631578947368421,128,20
4,code,16442,0.4454211477043348,31,0.125,17.5,17.0,128,20
4,code,7738,0.16216940849947475,125,0.0078125,8.0,8.0,128,20
4,code,9280,0.38391420486036204,37,0.03125,17.5,17.75,128,20
4,code,18501,0.17297477068601977,118,0.015625,12.5,12.5,128,20
4,code,3151,0.23926538153137947,78,0.0078125,14.0,14.0,128,20
4,code,32338,0.1631577791628998,124,0.0078125,20.0,20.0,128,20
4,code,31832,0.45466370761416264,30,0.234375,13.0,13.5,128,20
4,code,10844,0.3390935668945474,46,0.0234375,14.0,15.666666666666666,128,20
4,code,9824,0.3289448109035686,48,0.015625,16.0,16.0,128,20
4,code,11875,0.41835774453193314,34,0.0390625,18.0,17.4,128,20
4,code,10853,0.5014223500654134,24,0.1796875,19.0,17.91304347826087,128,20
4,code,16486,0.3391011444347501,45,0.078125,12.0,12.5,128,20
4,code,10862,0.45850771052611544,29,0.140625,17.0,16.333333333333332,128,20
4,code,23667,0.08147802483357909,279,0.0078125,19.0,19.0,128,20
4,code,28807,0.3137517930092873,51,0.046875,15.0,13.833333333333334,128,20
4,code,27791,0.8950968454329992,4,1.0,5.0,5.515625,128,20
4,code,27284,0.28665147936112756,58,0.0078125,20.0,20.0,128,20
4,code,11926,0.7463496824422315,7,1.0,10.0,10.515625,128,20
4,code,23194,1.00754305399796,3,0.96875,3.0,4.991935483870968,128,20
4,code,21150,0.07375407165099962,297,0.0078125,18.0,18.0,128,20
4,code,5806,0.28613463596818284,59,0.03125,14.5,13.75,128,20
4,code,29364,0.36294753441758854,43,0.0,nan,nan,128,20
4,code,8887,0.28099087786293314,63,0.0078125,19.0,19.0,128,20
4,code,5816,0.3664193819642097,42,0.0390625,19.0,18.2,128,20
4,code,27325,0.6092354631816805,19,0.5859375,13.0,12.706666666666667,128,20
4,code,27326,0.676415444100278,12,0.671875,10.5,11.279069767441861,128,20
4,code,31437,0.642533773788382,17,0.71875,15.5,14.956521739130435,128,20
4,code,9933,0.4810741519575838,26,0.1796875,16.0,16.0,128,20
4,code,15567,0.650825690380761,15,0.640625,12.0,12.268292682926829,128,20
4,code,16610,0.3276909695235176,50,0.0390625,14.0,12.4,128,20
4,code,21737,0.6590981077259478,13,0.609375,10.0,10.051282051282051,128,20
4,code,20717,0.5651764613920411,22,0.453125,14.0,12.862068965517242,128,20
4,code,23285,0.1397360752131547,147,0.0078125,13.0,13.0,128,20
4,code,246,0.22919397379675316,83,0.015625,17.5,17.5,128,20
4,code,1787,0.39089855946834795,36,0.0390625,16.0,16.4,128,20
4,code,17696,0.3617370854000274,44,0.015625,18.0,18.0,128,20
4,code,31011,0.28920796724627207,56,0.0234375,19.0,16.666666666666668,128,20
4,code,17703,0.5012096436918453,25,0.203125,16.5,15.423076923076923,128,20
4,code,13631,0.28792069337305465,57,0.0546875,12.0,12.857142857142858,128,20
4,code,19265,0.2620701911559792,69,0.0625,14.5,13.875,128,20
4,code,31047,0.37752251138972,39,0.0234375,15.0,13.666666666666666,128,20
4,code,842,0.6530965060098914,14,0.734375,12.5,12.361702127659575,128,20
4,code,12618,0.24764710153150044,73,0.0234375,14.0,14.333333333333334,128,20
4,code,25941,0.6486303733940079,16,0.71875,13.0,12.98913043478261,128,20
4,code,14694,0.2642336768804168,68,0.046875,14.0,13.166666666666666,128,20
4,code,18809,0.6982673378399118,9,0.7578125,11.0,11.237113402061855,128,20
4,code,7545,0.46422065277703667,28,0.1796875,17.0,16.08695652173913,128,20
4,code,15227,0.4158139339777588,35,0.0,nan,nan,128,20
4,code,19834,0.4750188664319789,27,0.265625,16.0,14.088235294117647,128,20
4,code,29561,0.6928784162787984,10,0.84375,11.0,11.546296296296296,128,20
4,code,18816,0.8181792744149142,5,0.9296875,8.0,8.77310924369748,128,20
4,code,31619,0.2615670136292803,70,0.015625,14.5,14.5,128,20
4,code,32132,2.489540818222546,1,1.0,1.0,1.0390625,128,20
4,code,23432,0.2832914045978255,61,0.0078125,19.0,19.0,128,20
4,code,14731,0.32859346572341813,49,0.0078125,20.0,20.0,128,20
4,code,9108,0.1468500041127803,137,0.0078125,3.0,3.0,128,20
4,code,8086,0.2509765212780548,72,0.015625,16.0,16.0,128,20
4,code,4004,0.23395044370641832,81,0.0078125,19.0,19.0,128,20
4,code,2995,0.36687727783228813,41,0.078125,17.0,16.5,128,20
4,code,32701,0.20286518525981628,97,0.0078125,20.0,20.0,128,20
4,code,10181,0.3323089696195658,47,0.0,nan,nan,128,20
4,code,7622,0.6396789604803687,18,0.5703125,12.0,11.904109589041095,128,20
4,code,29644,0.2854914256714577,60,0.015625,15.5,15.5,128,20
4,code,25047,0.3750924657617601,40,0.015625,20.0,20.0,128,20
4,code,10712,0.7044952923091754,8,0.7734375,9.0,9.484848484848484,128,20
4,code,9695,0.5917386001008987,21,0.515625,16.0,14.681818181818182,128,20
4,code,5088,0.5442609418251512,23,0.4140625,14.0,13.584905660377359,128,20
4,code,20448,0.2279068056400961,84,0.015625,16.5,16.5,128,20
4,code,10728,0.1676191028744543,121,0.0078125,15.0,15.0,128,20
4,code,7150,0.6013435619656059,20,0.546875,12.0,12.228571428571428,128,20
4,code,20474,0.7640758641445119,6,0.9609375,9.0,9.227642276422765,128,20
4,factual_entities,25088,0.4364116473316977,24,0.2578125,15.0,14.818181818181818,128,20
4,factual_entities,24322,0.5925911885920861,14,0.7265625,13.0,12.881720430107526,128,20
4,factual_entities,5634,0.12462221563170592,171,0.0078125,16.0,16.0,128,20
4,factual_entities,32132,2.2728321182202653,1,1.0,1.0,1.09375,128,20
4,factual_entities,22020,0.5817168815230624,17,0.7109375,14.0,13.87912087912088,128,20
4,factual_entities,15237,0.16719435197612278,89,0.0078125,17.0,17.0,128,20
4,factual_entities,25098,0.31288679923877977,37,0.109375,14.0,13.357142857142858,128,20
4,factual_entities,22410,0.2715320025138347,45,0.0390625,18.0,18.4,128,20
4,factual_entities,14476,0.4870755219851028,23,0.265625,18.0,17.205882352941178,128,20
4,factual_entities,12,0.09786972231885493,207,0.0078125,18.0,18.0,128,20
4,factual_entities,8720,0.5881013999041927,15,0.7734375,15.0,14.393939393939394,128,20
4,factual_entities,22800,0.28485053621187667,39,0.046875,12.5,12.333333333333334,128,20
4,factual_entities,15123,0.5829831893453116,16,0.6484375,13.0,11.734939759036145,128,20
4,factual_entities,27284,0.24486975314742743,52,0.0078125,20.0,20.0,128,20
4,factual_entities,5524,0.11632010306518442,180,0.0078125,17.0,17.0,128,20
4,factual_entities,15004,0.402137743493917,25,0.1875,16.0,15.166666666666666,128,20
4,factual_entities,22816,0.26899854567137693,47,0.015625,19.5,19.5,128,20
4,factual_entities,31011,0.3501905639023036,30,0.078125,16.5,16.3,128,20
4,factual_entities,5670,0.303688643902343,38,0.09375,13.0,13.5,128,20
4,factual_entities,7846,0.2828379983167491,40,0.015625,16.5,16.5,128,20
4,factual_entities,15404,0.13809922744779218,155,0.0078125,19.0,19.0,128,20
4,factual_entities,27825,0.16426936206612863,92,0.0078125,20.0,20.0,128,20
4,factual_entities,14386,0.34763629819080205,32,0.1796875,16.0,13.565217391304348,128,20
4,factual_entities,7477,0.3423002138722974,33,0.0859375,17.0,16.636363636363637,128,20
4,factual_entities,27446,0.2633144279539898,49,0.0234375,17.0,17.0,128,20
4,factual_entities,32310,0.22182279292255946,59,0.0390625,14.0,13.8,128,20
4,factual_entities,28216,0.3179736802928654,35,0.0546875,17.0,15.285714285714286,128,20
4,factual_entities,21177,0.5169308091342844,21,0.5546875,16.0,15.507042253521126,128,20
4,factual_entities,16313,0.06379674141327203,270,0.0078125,17.0,17.0,128,20
4,factual_entities,23112,0.22359363703214058,58,0.0078125,20.0,20.0,128,20
4,factual_entities,31036,0.19369434556713216,73,0.0234375,12.0,13.0,128,20
4,factual_entities,27325,0.615377376969553,12,0.8125,11.0,11.423076923076923,128,20
4,factual_entities,28478,0.5672520372520582,18,0.6484375,13.0,12.855421686746988,128,20
4,factual_entities,6974,0.3671608618669561,29,0.0,nan,nan,128,20
4,factual_entities,8128,0.2253787041246005,56,0.015625,18.0,18.0,128,20
4,factual_entities,19265,0.7319296415667665,7,0.7265625,6.0,7.967741935483871,128,20
4,factual_entities,17857,0.7923324551227889,5,0.953125,7.0,8.262295081967213,128,20
4,factual_entities,31302,0.396833475842556,26,0.234375,12.0,12.933333333333334,128,20
4,factual_entities,28742,0.2678677564149426,48,0.0078125,20.0,20.0,128,20
4,factual_entities,24776,0.3807757201375143,28,0.2421875,13.0,12.548387096774194,128,20
4,factual_entities,8521,0.22933584502701534,55,0.0390625,16.0,16.0,128,20
4,factual_entities,842,0.6896912771921268,8,0.890625,9.0,10.0,128,20
4,factual_entities,25674,0.33063444444058065,34,0.203125,13.5,12.615384615384615,128,20
4,factual_entities,23500,0.6642739129606701,9,0.8671875,12.0,11.54954954954955,128,20
4,factual_entities,31177,0.17182707135094766,81,0.0234375,14.0,13.0,128,20
4,factual_entities,25806,0.4997192489527797,22,0.3984375,16.0,15.196078431372548,128,20
4,factual_entities,27855,0.26947205275756886,46,0.0078125,17.0,17.0,128,20
4,factual_entities,8144,0.9582186630387782,3,0.9921875,3.0,3.9133858267716537,128,20
4,factual_entities,32122,0.27962607251030797,41,0.0234375,19.0,19.0,128,20
4,factual_entities,25941,0.6632048168672462,10,0.9609375,12.0,12.121951219512194,128,20
4,factual_entities,4182,0.1473938919702164,139,0.015625,16.5,16.5,128,20
4,factual_entities,20439,0.6079042123895573,13,0.703125,11.0,11.277777777777779,128,20
4,factual_entities,19417,0.31491568352986604,36,0.0546875,19.0,17.714285714285715,128,20
4,factual_entities,13273,0.21595862140078076,65,0.015625,13.5,13.5,128,20
4,factual_entities,3678,0.262549827015959,50,0.0234375,16.0,17.0,128,20
4,factual_entities,9695,0.546321854993219,19,0.6484375,15.0,14.481927710843374,128,20
4,factual_entities,14694,1.0894869321091203,2,1.0,2.0,3.1640625,128,20
4,factual_entities,26472,0.3832053566496396,27,0.2265625,16.0,15.724137931034482,128,20
4,factual_entities,19691,0.2784425052265409,44,0.0,nan,nan,128,20
4,factual_entities,7917,0.5352365920870297,20,0.453125,14.0,13.637931034482758,128,20
4,factual_entities,7150,0.7483197262879565,6,0.921875,6.0,7.898305084745763,128,20
4,factual_entities,1133,0.2795690741861553,42,0.03125,17.0,16.5,128,20
4,factual_entities,31730,0.6473738263910408,11,0.734375,11.5,11.287234042553191,128,20
4,factual_entities,19317,0.11558103598072272,181,0.0078125,19.0,19.0,128,20
4,factual_entities,18294,0.3481390471827767,31,0.015625,18.5,18.5,128,20
4,factual_entities,20474,0.8677792025532334,4,1.0,5.0,5.4921875,128,20
4,factual_entities,30334,0.27861099817713547,43,0.1015625,16.0,15.461538461538462,128,20
4,german_language,9858,1.0864963347640115,15,0.7890625,15.0,14.96039603960396,128,20
4,german_language,25349,0.5902788754829071,36,0.0078125,18.0,18.0,128,20
4,german_language,17290,0.8990186670415822,25,0.2109375,20.0,19.185185185185187,128,20
4,german_language,19213,1.636579780827449,6,1.0,6.0,6.1875,128,20
4,german_language,3473,0.7603346724747323,28,0.1171875,17.0,15.666666666666666,128,20
4,german_language,29075,0.7358455837526519,30,0.015625,17.0,17.0,128,20
4,german_language,16404,1.1763005719641222,13,0.875,12.0,12.580357142857142,128,20
4,german_language,25109,1.9915730493714627,3,1.0,3.0,3.0234375,128,20
4,german_language,5270,1.2731005067338919,10,1.0,10.0,10.40625,128,20
4,german_language,21270,0.4939752180092629,46,0.0078125,20.0,20.0,128,20
4,german_language,5653,0.716570210973239,31,0.0234375,15.0,16.0,128,20
4,german_language,29720,0.34159882668511204,73,0.0078125,20.0,20.0,128,20
4,german_language,24221,1.4254969917980542,8,1.0,8.0,8.5078125,128,20
4,german_language,7325,0.9444704439910792,20,0.4375,17.0,16.678571428571427,128,20
4,german_language,24480,0.45532101376949413,51,0.0078125,18.0,18.0,128,20
4,german_language,13345,0.9923060106188553,18,0.5234375,16.0,15.35820895522388,128,20
4,german_language,13092,0.4717704506664079,49,0.0,nan,nan,128,20
4,german_language,30247,0.5172823260571084,45,0.015625,18.5,18.5,128,20
4,german_language,6697,0.922755119062151,22,0.3984375,16.0,16.137254901960784,128,20
4,german_language,21930,1.2443695680670344,11,1.0,11.0,11.4140625,128,20
4,german_language,27692,1.296378289643294,9,0.96875,10.0,10.669354838709678,128,20
4,german_language,12845,1.1365717697982929,14,1.0,15.0,14.90625,128,20
4,german_language,3504,0.579736263969558,37,0.015625,20.0,20.0,128,20
4,german_language,18998,0.9247962971662086,21,0.4375,18.0,16.714285714285715,128,20
4,german_language,13366,0.4515238015502712,52,0.0078125,20.0,20.0,128,20
4,german_language,22841,1.1944905295588348,12,0.8671875,12.0,12.612612612612613,128,20
4,german_language,21562,0.5525652426416342,40,0.0,nan,nan,128,20
4,german_language,16571,0.41800190953289096,56,0.0078125,19.0,19.0,128,20
4,german_language,1218,0.5407913789746219,42,0.015625,18.0,18.0,128,20
4,german_language,9283,0.7948380738579781,27,0.1953125,17.0,16.04,128,20
4,german_language,23107,0.6589304865515646,32,0.0,nan,nan,128,20
4,german_language,14533,1.7000836467331009,5,1.0,5.0,5.171875,128,20
4,german_language,3529,0.4573702329913028,50,0.0078125,20.0,20.0,128,20
4,german_language,31691,0.41668673880158025,57,0.015625,19.0,19.0,128,20
4,german_language,12237,0.3794565359033148,69,0.0078125,19.0,19.0,128,20
4,german_language,205,0.5331269589961866,43,0.0078125,19.0,19.0,128,20
4,german_language,22478,0.6477594723810108,34,0.0,nan,nan,128,20
4,german_language,14288,0.4010210547442748,65,0.0078125,20.0,20.0,128,20
4,german_language,16978,0.47871035349714935,47,0.0,nan,nan,128,20
4,german_language,22228,0.2725324411514602,95,0.0078125,20.0,20.0,128,20
4,german_language,9046,0.9075730849187111,23,0.2265625,18.0,18.06896551724138,128,20
4,german_language,20439,0.6524373130962065,33,0.0,nan,nan,128,20
4,german_language,13915,0.5566398200793735,39,0.0,nan,nan,128,20
4,german_language,4446,2.1100658034531925,2,1.0,2.0,2.0859375,128,20
4,german_language,17249,0.9545248027356714,19,0.46875,17.0,16.766666666666666,128,20
4,german_language,28898,0.5429957632232211,41,0.0078125,18.0,18.0,128,20
4,german_language,13798,1.8476076254546514,4,1.0,4.0,4.1484375,128,20
4,german_language,24550,0.5573789613516265,38,0.0390625,19.0,18.8,128,20
4,german_language,13289,0.47694276988047385,48,0.0,nan,nan,128,20
4,german_language,7146,1.0761513145850308,16,0.859375,15.0,15.190909090909091,128,20
4,german_language,24170,0.8460809320122784,26,0.1953125,18.0,17.32,128,20
4,german_language,7022,0.9004152602655774,24,0.296875,17.0,15.368421052631579,128,20
4,german_language,8814,0.5285902803963521,44,0.0,nan,nan,128,20
4,german_language,29680,0.7536781760222796,29,0.0390625,20.0,19.4,128,20
4,german_language,1908,0.6286958665741618,35,0.015625,17.5,17.5,128,20
4,german_language,16885,1.0560680424123912,17,0.84375,17.0,16.787037037037038,128,20
4,german_language,21110,2.3870907718096586,1,1.0,1.0,1.015625,128,20
4,german_language,12413,1.4604458253313408,7,1.0,8.0,8.4453125,128,20
4,mathematics,21510,0.23623045240816867,102,0.0078125,20.0,20.0,128,20
4,mathematics,32136,0.6478167670554459,24,0.34375,13.5,12.886363636363637,128,20
4,mathematics,18700,0.7917195385151075,15,0.7109375,13.0,12.703296703296703,128,20
4,mathematics,8720,1.1068763161077328,3,1.0,4.0,4.28125,128,20
4,mathematics,3602,0.4486543242078304,45,0.046875,18.5,18.166666666666668,128,20
4,mathematics,7059,1.473697936658317,1,1.0,1.0,1.1875,128,20
4,mathematics,27284,0.8272495033821379,13,0.796875,11.0,11.03921568627451,128,20
4,mathematics,29075,0.4892415305419827,41,0.09375,15.5,14.5,128,20
4,mathematics,17943,0.44260505796982896,48,0.046875,16.0,14.333333333333334,128,20
4,mathematics,6039,0.6629295562581526,20,0.3671875,15.0,15.085106382978724,128,20
4,mathematics,3866,0.9605767841645803,5,0.921875,6.0,7.966101694915254,128,20
4,mathematics,28442,0.6361317639535745,25,0.109375,18.5,18.428571428571427,128,20
4,mathematics,23194,0.20817098519913613,114,0.015625,17.5,17.5,128,20
4,mathematics,22684,0.4334195173592036,50,0.0,nan,nan,128,20
4,mathematics,14202,0.6249420846471809,27,0.1484375,18.0,17.105263157894736,128,20
4,mathematics,25374,0.5927051228995217,29,0.1171875,19.0,17.266666666666666,128,20
4,mathematics,7456,0.48628281970031567,42,0.0625,16.5,15.125,128,20
4,mathematics,18082,0.39569099943953834,60,0.0078125,17.0,17.0,128,20
4,mathematics,21283,0.2995583631509361,82,0.0078125,20.0,20.0,128,20
4,mathematics,28707,0.2766438275570608,90,0.0078125,17.0,17.0,128,20
4,mathematics,10533,0.4006045916888981,58,0.015625,15.5,15.5,128,20
4,mathematics,12710,0.44353369625116906,46,0.0,nan,nan,128,20
4,mathematics,27946,0.5582398273193147,32,0.1171875,16.0,15.933333333333334,128,20
4,mathematics,12075,0.864343194295517,11,0.8359375,10.0,10.383177570093459,128,20
4,mathematics,9772,0.8031206118960256,14,0.703125,12.0,12.2,128,20
4,mathematics,23983,0.2998604777886311,81,0.046875,12.0,12.833333333333334,128,20
4,mathematics,5937,0.5089495673411955,36,0.09375,16.5,15.75,128,20
4,mathematics,14386,0.9042251356174581,8,0.7734375,9.0,8.969696969696969,128,20
4,mathematics,26293,0.34037840217798454,70,0.0078125,19.0,19.0,128,20
4,mathematics,24246,0.45307904483485434,44,0.03125,19.5,18.75,128,20
4,mathematics,5686,0.5225872537302926,33,0.0234375,17.0,17.0,128,20
4,mathematics,4024,0.6576480110620663,22,0.3515625,11.0,11.844444444444445,128,20
4,mathematics,28089,0.1950282089227726,125,0.0078125,20.0,20.0,128,20
4,mathematics,31036,0.7441465221337897,18,0.5078125,9.0,9.615384615384615,128,20
4,mathematics,27325,0.6047260966629462,28,0.1640625,13.0,12.904761904761905,128,20
4,mathematics,8128,1.2234228988784843,2,1.0,3.0,3.4765625,128,20
4,mathematics,19265,0.5160223952105532,35,0.1796875,16.0,14.565217391304348,128,20
4,mathematics,8262,0.48512998704213445,43,0.1171875,17.0,16.333333333333332,128,20
4,mathematics,13511,0.5074002694422509,37,0.09375,16.0,15.416666666666666,128,20
4,mathematics,7622,0.3179694825785518,74,0.0078125,18.0,18.0,128,20
4,mathematics,5833,0.9201926842521674,7,0.8671875,9.0,9.135135135135135,128,20
4,mathematics,24776,0.3084584558753556,79,0.0546875,13.0,13.857142857142858,128,20
4,mathematics,25674,0.32215900393431673,72,0.0625,10.5,12.25,128,20
4,mathematics,25803,0.41390331361887106,56,0.0234375,18.0,16.333333333333332,128,20
4,mathematics,20048,0.8821823301342548,10,0.9609375,10.0,10.821138211382113,128,20
4,mathematics,1106,0.43613840932268727,49,0.03125,15.5,15.5,128,20
4,mathematics,25941,0.8454352069672656,12,0.890625,13.0,12.75438596491228,128,20
4,mathematics,5717,0.7613957635000321,16,0.734375,16.0,15.404255319148936,128,20
4,mathematics,1622,0.627515873377927,26,0.09375,19.0,18.416666666666668,128,20
4,mathematics,3800,0.7050404036577275,19,0.4921875,14.0,13.444444444444445,128,20
4,mathematics,23642,0.5191409385402351,34,0.125,16.0,15.3125,128,20
4,mathematics,10462,0.3741693588487219,64,0.0234375,20.0,17.333333333333332,128,20
4,mathematics,9695,0.5625770439694244,31,0.140625,19.0,17.333333333333332,128,20
4,mathematics,19936,0.9298250826700756,6,0.9921875,9.0,9.614173228346457,128,20
4,mathematics,3169,0.6525688573742344,23,0.3125,13.5,13.625,128,20
4,mathematics,4194,0.9948850523705837,4,1.0,6.0,7.1796875,128,20
4,mathematics,20961,0.4331754916897083,51,0.03125,17.5,17.5,128,20
4,mathematics,13411,0.4894881689495979,40,0.0,nan,nan,128,20
4,mathematics,358,0.41772275438246154,54,0.03125,17.5,17.75,128,20
4,mathematics,30312,0.5711621415078556,30,0.1484375,16.0,14.736842105263158,128,20
4,mathematics,9064,0.4992789236407587,38,0.1015625,17.0,16.46153846153846,128,20
4,mathematics,7150,0.6607342818381436,21,0.3203125,13.0,13.341463414634147,128,20
4,mathematics,27123,0.8958861555635873,9,0.921875,10.0,9.974576271186441,128,20
4,mathematics,887,0.4428484457378463,47,0.03125,16.5,16.25,128,20
4,mathematics,20474,0.4981224771077657,39,0.015625,16.0,16.0,128,20
4,mathematics,6267,0.7510274836957284,17,0.703125,16.0,15.722222222222221,128,20
4,negative_sentiment,28169,0.34694217192366594,30,0.2421875,16.0,15.064516129032258,128,20
4,negative_sentiment,12,0.06193098125210743,201,0.0078125,19.0,19.0,128,20
4,negative_sentiment,23065,0.16742770567537762,82,0.0390625,14.0,14.0,128,20
4,negative_sentiment,23583,0.22568406397657176,60,0.078125,16.0,14.8,128,20
4,negative_sentiment,10274,0.34734902790934336,29,0.25,16.5,15.71875,128,20
4,negative_sentiment,23077,0.2671243835785901,40,0.0625,16.0,15.125,128,20
4,negative_sentiment,22059,0.48599702750057727,11,0.703125,12.0,12.122222222222222,128,20
4,negative_sentiment,5677,0.3522728404535634,28,0.1171875,18.0,17.866666666666667,128,20
4,negative_sentiment,17455,0.47140735467860734,13,0.625,11.0,11.625,128,20
4,negative_sentiment,2097,0.12173995094067891,108,0.0078125,18.0,18.0,128,20
4,negative_sentiment,22583,0.29610011475216763,36,0.09375,18.0,17.416666666666668,128,20
4,negative_sentiment,3653,0.262928650929832,44,0.03125,16.5,16.0,128,20
4,negative_sentiment,4681,0.13428393839416397,103,0.0078125,12.0,12.0,128,20
4,negative_sentiment,12876,0.20820873073551768,66,0.046875,14.5,14.166666666666666,128,20
4,negative_sentiment,15444,0.31737460218557306,34,0.234375,15.0,14.4,128,20
4,negative_sentiment,8295,0.49865061064145433,8,0.6953125,10.0,10.719101123595506,128,20
4,negative_sentiment,27753,0.3428692234564109,31,0.3125,12.5,12.575,128,20
4,negative_sentiment,25201,0.49637954108607296,9,0.6640625,11.0,11.129411764705882,128,20
4,negative_sentiment,19570,0.07795544533914793,158,0.0078125,15.0,15.0,128,20
4,negative_sentiment,30847,0.35919706965560644,26,0.2421875,15.0,14.774193548387096,128,20
4,negative_sentiment,17032,0.12029462727735686,109,0.0078125,18.0,18.0,128,20
4,negative_sentiment,24205,0.16187714966620864,88,0.0078125,17.0,17.0,128,20
4,negative_sentiment,5779,0.25814548557267886,47,0.0390625,15.0,16.4,128,20
4,negative_sentiment,13463,0.4829742440822989,12,0.6328125,11.0,11.407407407407407,128,20
4,negative_sentiment,19620,0.23637566219963033,58,0.1015625,12.0,11.23076923076923,128,20
4,negative_sentiment,30373,0.263638358800649,43,0.0390625,13.0,12.8,128,20
4,negative_sentiment,2220,0.23533640645047524,59,0.09375,14.0,13.833333333333334,128,20
4,negative_sentiment,3259,0.4162758496464685,18,0.46875,15.0,14.0,128,20
4,negative_sentiment,6333,0.10649225735229433,122,0.0234375,13.0,12.333333333333334,128,20
4,negative_sentiment,26818,0.37186494632749045,24,0.3828125,13.0,13.061224489795919,128,20
4,negative_sentiment,21188,0.14106435438088627,99,0.015625,10.0,10.0,128,20
4,negative_sentiment,22726,0.811902781364889,4,0.9921875,4.0,4.826771653543307,128,20
4,negative_sentiment,28878,0.28487189962017695,38,0.125,17.0,16.0625,128,20
4,negative_sentiment,8912,0.24046657409276972,55,0.03125,15.5,16.0,128,20
4,negative_sentiment,18644,0.17664102799759246,78,0.0390625,18.0,17.4,128,20
4,negative_sentiment,26329,0.25662966912370505,48,0.0078125,20.0,20.0,128,20
4,negative_sentiment,1759,0.13465746533287584,102,0.015625,18.0,18.0,128,20
4,negative_sentiment,18660,0.04736881644335772,254,0.0078125,14.0,14.0,128,20
4,negative_sentiment,23273,0.21481122490935128,64,0.015625,19.0,19.0,128,20
4,negative_sentiment,31986,0.24985271000397186,52,0.09375,16.5,16.083333333333332,128,20
4,negative_sentiment,22267,0.25342803698306177,49,0.0625,16.0,15.25,128,20
4,negative_sentiment,3851,0.8039762855680872,5,0.96875,4.0,4.879032258064516,128,20
4,negative_sentiment,24847,0.35526724455174846,27,0.171875,16.0,16.136363636363637,128,20
4,negative_sentiment,21266,0.33149147998098993,32,0.1640625,18.0,16.428571428571427,128,20
4,negative_sentiment,4378,0.3890378452460353,21,0.2890625,16.0,15.054054054054054,128,20
4,negative_sentiment,23851,0.4565867188908757,14,0.5703125,11.0,10.726027397260275,128,20
4,negative_sentiment,2864,0.18300583167511303,77,0.0078125,17.0,17.0,128,20
4,negative_sentiment,11570,0.4948674385884347,10,0.7578125,12.0,12.288659793814434,128,20
4,negative_sentiment,2871,0.09703607095627607,136,0.015625,11.5,11.5,128,20
4,negative_sentiment,12088,0.4553407262088792,15,0.6171875,13.0,12.658227848101266,128,20
4,negative_sentiment,19263,0.4347761857282119,16,0.4453125,13.0,13.473684210526315,128,20
4,negative_sentiment,27988,0.2642145029787578,42,0.0234375,17.0,16.666666666666668,128,20
4,negative_sentiment,24935,1.1268680559072797,1,1.0,1.0,1.75,128,20
4,negative_sentiment,361,0.24740044318104798,54,0.1015625,15.0,15.692307692307692,128,20
4,negative_sentiment,4980,0.27067742711481546,39,0.1015625,16.0,16.0,128,20
4,negative_sentiment,10615,0.4306736694389906,17,0.4609375,11.0,11.966101694915254,128,20
4,negative_sentiment,1912,0.3760639820097451,23,0.375,14.0,13.333333333333334,128,20
4,negative_sentiment,12677,0.313603281819498,35,0.1640625,16.0,16.571428571428573,128,20
4,negative_sentiment,29583,0.21961957931344242,63,0.015625,16.0,16.0,128,20
4,negative_sentiment,8082,0.2608389875924225,45,0.09375,11.5,11.916666666666666,128,20
4,negative_sentiment,29075,0.6993469565805537,6,0.9921875,6.0,6.622047244094488,128,20
4,negative_sentiment,22419,0.2663981512207653,41,0.1796875,12.0,12.434782608695652,128,20
4,negative_sentiment,12178,0.2533587359843224,50,0.0546875,14.0,12.714285714285714,128,20
4,negative_sentiment,3994,0.10991627550194032,120,0.0234375,14.0,15.666666666666666,128,20
4,negative_sentiment,29601,0.24806021563863978,53,0.0234375,18.0,18.333333333333332,128,20
4,negative_sentiment,30629,0.8430487999862706,3,0.984375,4.0,4.912698412698413,128,20
4,negative_sentiment,434,0.5557585325730291,7,0.796875,8.0,9.470588235294118,128,20
4,negative_sentiment,6581,0.4064741757412521,19,0.3515625,17.0,16.511111111111113,128,20
4,negative_sentiment,4536,0.20276411067318847,67,0.0078125,19.0,19.0,128,20
4,negative_sentiment,22459,0.22180485895495802,62,0.0234375,11.0,14.0,128,20
4,negative_sentiment,12219,0.2372261837251708,57,0.015625,20.0,20.0,128,20
4,negative_sentiment,14785,0.25829651667284254,46,0.03125,18.0,17.75,128,20
4,negative_sentiment,22468,0.17345882753909905,79,0.015625,16.0,16.0,128,20
4,negative_sentiment,6604,0.9480184187787198,2,0.9921875,3.0,3.4803149606299213,128,20
4,negative_sentiment,20944,0.16553771640106296,83,0.0234375,15.0,14.0,128,20
4,negative_sentiment,14291,0.2523683683937257,51,0.0078125,12.0,12.0,128,20
4,negative_sentiment,25047,0.3991295924105744,20,0.3515625,16.0,16.022222222222222,128,20
4,negative_sentiment,24539,0.1833142790419177,76,0.015625,16.0,16.0,128,20
4,negative_sentiment,24028,0.23735993376542852,56,0.03125,15.0,14.75,128,20
4,negative_sentiment,13280,0.17031922708213654,81,0.0546875,11.0,11.0,128,20
4,negative_sentiment,3557,0.3671324909338714,25,0.3046875,12.0,12.820512820512821,128,20
4,negative_sentiment,20453,0.3182073378180844,33,0.3046875,14.0,13.692307692307692,128,20
4,negative_sentiment,25062,0.14222819181863752,96,0.0078125,14.0,14.0,128,20
4,negative_sentiment,25578,0.1198620902307084,110,0.015625,18.5,18.5,128,20
4,negative_sentiment,9199,0.3865691984604829,22,0.3515625,13.0,13.2,128,20
4,negative_sentiment,10224,0.14166792721091612,98,0.0078125,15.0,15.0,128,20
4,negative_sentiment,16883,0.1400256590209164,101,0.0078125,20.0,20.0,128,20
4,negative_sentiment,31222,0.11700861136321962,114,0.0078125,20.0,20.0,128,20
4,negative_sentiment,31734,0.2905079222803657,37,0.0,nan,nan,128,20
4,positive_sentiment,28169,0.33154145970161825,40,0.09375,19.0,17.25,128,20
4,positive_sentiment,12810,0.23076125788666418,62,0.0078125,19.0,19.0,128,20
4,positive_sentiment,23065,0.1759685276073761,78,0.0078125,14.0,14.0,128,20
4,positive_sentiment,23583,0.3237962091270295,42,0.171875,16.0,15.0,128,20
4,positive_sentiment,10274,0.4019682059393426,23,0.265625,16.0,15.941176470588236,128,20
4,positive_sentiment,23077,0.3462176056304356,35,0.1328125,15.0,14.764705882352942,128,20
4,positive_sentiment,3623,0.18544169947510192,74,0.0078125,16.0,16.0,128,20
4,positive_sentiment,5677,0.5368708361198712,12,0.8515625,14.0,13.889908256880734,128,20
4,positive_sentiment,17455,0.5991622308581793,10,0.8046875,10.0,10.54368932038835,128,20
4,positive_sentiment,3653,0.42118405415605076,21,0.3359375,17.0,16.558139534883722,128,20
4,positive_sentiment,4681,0.18897030226315178,72,0.0390625,13.0,13.6,128,20
4,positive_sentiment,15444,0.2889077033639989,49,0.078125,12.5,13.2,128,20
4,positive_sentiment,22632,0.23187151089470767,60,0.015625,16.0,16.0,128,20
4,positive_sentiment,27753,0.3545668512966493,32,0.1953125,12.0,12.28,128,20
4,positive_sentiment,25201,0.47484555935648903,16,0.5078125,15.0,14.338461538461539,128,20
4,positive_sentiment,30847,0.38781690736791896,25,0.25,16.5,15.40625,128,20
4,positive_sentiment,24205,0.23176135856195562,61,0.015625,19.5,19.5,128,20
4,positive_sentiment,5779,0.25342635962853555,56,0.0078125,19.0,19.0,128,20
4,positive_sentiment,1685,0.38743657518682734,26,0.21875,17.0,16.5,128,20
4,positive_sentiment,13463,0.43727651102084614,19,0.3671875,16.0,15.340425531914894,128,20
4,positive_sentiment,19620,0.4225209845914406,20,0.3984375,13.0,12.764705882352942,128,20
4,positive_sentiment,30373,0.2920441327492896,48,0.0390625,17.0,17.6,128,20
4,positive_sentiment,3259,0.5785946385943165,11,0.78125,9.5,10.2,128,20
4,positive_sentiment,6333,0.075058992518879,172,0.015625,15.0,15.0,128,20
4,positive_sentiment,7870,0.07071676627464751,178,0.015625,19.0,19.0,128,20
4,positive_sentiment,26818,0.3797971109136466,28,0.234375,12.0,12.5,128,20
4,positive_sentiment,21188,0.1743837223900328,80,0.03125,14.0,14.0,128,20
4,positive_sentiment,25296,0.27474977347375573,51,0.0234375,20.0,19.0,128,20
4,positive_sentiment,15575,0.2994327099304253,44,0.03125,18.0,17.75,128,20
4,positive_sentiment,27868,0.13266817225886823,96,0.0078125,17.0,17.0,128,20
4,positive_sentiment,1759,0.09077676925625974,130,0.0078125,17.0,17.0,128,20
4,positive_sentiment,12513,0.21036923798524576,68,0.015625,17.5,17.5,128,20
4,positive_sentiment,27364,0.20074965618394727,70,0.0078125,20.0,20.0,128,20
4,positive_sentiment,14568,0.48525922151455625,14,0.5703125,12.0,11.32876712328767,128,20
4,positive_sentiment,23273,0.3440512259728208,36,0.15625,17.5,16.55,128,20
4,positive_sentiment,26864,0.11798050389225498,105,0.015625,20.0,20.0,128,20
4,positive_sentiment,31986,0.22022472452983521,65,0.03125,14.5,14.5,128,20
4,positive_sentiment,3851,0.8615286684026666,2,0.9921875,3.0,4.2362204724409445,128,20
4,positive_sentiment,4364,0.2564965265290532,54,0.1328125,12.0,12.411764705882353,128,20
4,positive_sentiment,24847,0.2740211425599069,52,0.0078125,19.0,19.0,128,20
4,positive_sentiment,24335,0.2832131728377249,50,0.0,nan,nan,128,20
4,positive_sentiment,23851,0.4567752624187817,18,0.4375,13.0,12.357142857142858,128,20
4,positive_sentiment,11565,0.3376889171235535,37,0.0703125,16.0,16.11111111111111,128,20
4,positive_sentiment,12088,0.7012781113435511,5,0.9140625,6.0,7.589743589743589,128,20
4,positive_sentiment,7484,0.13269622137437959,95,0.0078125,20.0,20.0,128,20
4,positive_sentiment,12606,0.07881758340783956,159,0.0078125,18.0,18.0,128,20
4,positive_sentiment,27988,0.6451339273639927,7,0.96875,9.5,9.758064516129032,128,20
4,positive_sentiment,24935,1.2099325938929628,1,1.0,1.0,1.140625,128,20
4,positive_sentiment,361,0.38856034981416016,24,0.296875,14.5,13.81578947368421,128,20
4,positive_sentiment,4980,0.21657074064009707,67,0.015625,17.0,17.0,128,20
4,positive_sentiment,10615,0.4879483845254883,13,0.5625,12.5,12.027777777777779,128,20
4,positive_sentiment,12677,0.32492670887764685,41,0.109375,15.5,15.5,128,20
4,positive_sentiment,29075,0.6993461856611891,6,0.9765625,6.0,7.192,128,20
4,positive_sentiment,28052,0.6098005653488787,9,0.8125,9.0,9.951923076923077,128,20
4,positive_sentiment,12179,0.3741367601348737,29,0.2265625,14.0,14.482758620689655,128,20
4,positive_sentiment,1435,0.3686699760767012,31,0.2734375,14.0,13.8,128,20
4,positive_sentiment,29601,0.29596662279703,45,0.0234375,18.0,17.666666666666668,128,20
4,positive_sentiment,434,0.47632439373076363,15,0.4921875,13.0,13.126984126984127,128,20
4,positive_sentiment,6581,0.6309195869789832,8,0.984375,9.0,9.84920634920635,128,20
4,positive_sentiment,12219,0.29243296339276914,47,0.0078125,14.0,14.0,128,20
4,positive_sentiment,18366,0.38592314994689414,27,0.1796875,17.0,15.869565217391305,128,20
4,positive_sentiment,11718,0.4705744091320813,17,0.421875,12.5,12.11111111111111,128,20
4,positive_sentiment,6598,0.08618721488016,141,0.0078125,18.0,18.0,128,20
4,positive_sentiment,18376,0.33356554640722,39,0.0859375,16.0,16.636363636363637,128,20
4,positive_sentiment,20944,0.24511969958292465,57,0.1171875,14.0,13.933333333333334,128,20
4,positive_sentiment,21968,0.2543855552883073,55,0.0546875,18.0,17.428571428571427,128,20
4,positive_sentiment,14291,0.7906524816496405,4,0.9921875,4.0,4.937007874015748,128,20
4,positive_sentiment,25047,0.2938464448354824,46,0.0078125,17.0,17.0,128,20
4,positive_sentiment,26586,0.35185687510507424,33,0.21875,16.5,14.821428571428571,128,20
4,positive_sentiment,24028,0.2335284116223455,59,0.03125,19.5,17.25,128,20
4,positive_sentiment,13280,0.12870420490681098,97,0.015625,10.5,10.5,128,20
4,positive_sentiment,20453,0.8543406219095075,3,0.984375,3.0,4.722222222222222,128,20
4,positive_sentiment,3557,0.40299258210188277,22,0.3125,14.5,13.65,128,20
4,positive_sentiment,9199,0.3730452851846075,30,0.265625,14.0,13.617647058823529,128,20
4,positive_sentiment,16883,0.335570436187219,38,0.078125,18.5,17.9,128,20
4,positive_sentiment,31734,0.3466088927933389,34,0.0,nan,nan,128,20
4,positive_sentiment,10746,0.31314063971814243,43,0.1484375,14.0,14.157894736842104,128,20
4,uncertainty,14341,0.3043621386714041,47,0.046875,17.0,17.0,128,20
4,uncertainty,12,0.3113982988617772,43,0.1953125,15.0,15.0,128,20
4,uncertainty,24605,0.23245870395314727,70,0.0234375,18.0,18.0,128,20
4,uncertainty,23583,0.2727145798611385,56,0.046875,17.5,17.166666666666668,128,20
4,uncertainty,25122,0.21215875159457814,87,0.015625,14.0,14.0,128,20
4,uncertainty,21028,0.1488826388330382,144,0.015625,17.0,17.0,128,20
4,uncertainty,1061,0.514906841359543,16,0.6171875,8.0,9.556962025316455,128,20
4,uncertainty,25126,0.3357152383263782,37,0.2109375,13.0,13.851851851851851,128,20
4,uncertainty,16423,0.49606128551594747,17,0.453125,15.0,14.310344827586206,128,20
4,uncertainty,21545,0.2071708861992635,92,0.0078125,18.0,18.0,128,20
4,uncertainty,31276,0.3438902619074288,34,0.171875,15.5,14.954545454545455,128,20
4,uncertainty,23604,0.21777003923597488,81,0.0234375,14.0,13.666666666666666,128,20
4,uncertainty,8250,0.5305042927674796,14,0.609375,12.0,12.307692307692308,128,20
4,uncertainty,23614,0.20244001050121904,96,0.03125,18.0,16.5,128,20
4,uncertainty,17474,0.762571472968722,5,0.984375,5.0,6.214285714285714,128,20
4,uncertainty,12871,0.2509882325326337,61,0.0234375,17.0,16.666666666666668,128,20
4,uncertainty,25684,0.8071025479185556,2,1.0,4.0,5.0078125,128,20
4,uncertainty,32341,0.2170379628447802,82,0.0078125,18.0,18.0,128,20
4,uncertainty,3673,0.15267464100763653,138,0.0078125,17.0,17.0,128,20
4,uncertainty,26716,0.13660265765333252,162,0.0078125,20.0,20.0,128,20
4,uncertainty,21601,0.3231330812431353,38,0.140625,16.0,15.722222222222221,128,20
4,uncertainty,14434,0.04306396514382192,405,0.0078125,18.0,18.0,128,20
4,uncertainty,27756,0.4485138985875404,19,0.3203125,16.0,15.682926829268293,128,20
4,uncertainty,28780,0.22766067022347156,74,0.0234375,15.0,16.0,128,20
4,uncertainty,23669,0.31471496559693674,40,0.15625,15.0,14.4,128,20
4,uncertainty,18554,0.2744967208669915,54,0.03125,15.5,15.0,128,20
4,uncertainty,30847,0.6224620616476068,10,0.8359375,10.0,10.439252336448599,128,20
4,uncertainty,8344,0.2682073550961764,58,0.015625,15.5,15.5,128,20
4,uncertainty,4760,0.5310110317074461,13,0.5546875,12.0,11.647887323943662,128,20
4,uncertainty,20634,0.237870685367281,65,0.0078125,19.0,19.0,128,20
4,uncertainty,14495,0.23351531797446556,68,0.0078125,14.0,14.0,128,20
4,uncertainty,17064,0.43087424712383443,21,0.25,13.0,13.40625,128,20
4,uncertainty,5289,0.31449699721002294,41,0.1875,13.0,12.916666666666666,128,20
4,uncertainty,23214,0.2880763939941247,50,0.015625,14.5,14.5,128,20
4,uncertainty,6320,0.6551641448626506,8,0.796875,9.0,9.352941176470589,128,20
4,uncertainty,2224,0.20937546502110946,91,0.0078125,20.0,20.0,128,20
4,uncertainty,18102,0.29769124030246047,48,0.0546875,15.0,14.285714285714286,128,20
4,uncertainty,26818,0.5792382993524929,11,0.71875,13.0,12.695652173913043,128,20
4,uncertainty,12994,0.20590197846712072,93,0.015625,16.0,16.0,128,20
4,uncertainty,19149,0.20106036115746023,97,0.0078125,16.0,16.0,128,20
4,uncertainty,31444,0.5499199173415819,12,0.6328125,14.0,12.604938271604938,128,20
4,uncertainty,26330,0.12013527812475394,183,0.0078125,17.0,17.0,128,20
4,uncertainty,22240,0.21545327613561485,83,0.0390625,16.0,16.0,128,20
4,uncertainty,27364,0.7660294102779439,4,0.9296875,4.0,6.092436974789916,128,20
4,uncertainty,6888,0.14407167701692697,147,0.015625,14.5,14.5,128,20
4,uncertainty,30960,0.2865650075006968,52,0.078125,14.5,13.7,128,20
4,uncertainty,31986,0.42495718176864344,23,0.2578125,13.0,13.0,128,20
4,uncertainty,3833,0.31327393223268446,42,0.0,nan,nan,128,20
4,uncertainty,1787,0.3784795428215873,29,0.2734375,16.0,14.428571428571429,128,20
4,uncertainty,19719,0.36277416443666066,33,0.125,15.0,14.8125,128,20
4,uncertainty,6921,0.17401137235475192,115,0.0078125,19.0,19.0,128,20
4,uncertainty,20754,0.12324234368768343,177,0.0078125,4.0,4.0,128,20
4,uncertainty,32022,0.26253486560586914,60,0.0703125,16.0,16.444444444444443,128,20
4,uncertainty,12060,0.4450730155037617,20,0.4140625,12.0,11.641509433962264,128,20
4,uncertainty,20253,0.1842643727772799,107,0.0078125,15.0,15.0,128,20
4,uncertainty,22302,0.3909789635921285,28,0.1953125,16.0,15.36,128,20
4,uncertainty,32034,0.40188216408536204,26,0.1875,17.5,16.125,128,20
4,uncertainty,3879,0.19938859226817546,98,0.03125,14.0,14.25,128,20
4,uncertainty,3372,0.478500854929,18,0.484375,14.0,13.435483870967742,128,20
4,uncertainty,27449,0.40854826762321717,24,0.265625,12.0,12.264705882352942,128,20
4,uncertainty,11579,0.40433636387680977,25,0.2109375,15.0,14.222222222222221,128,20
4,uncertainty,23356,0.6676255905629159,7,0.9140625,9.0,9.307692307692308,128,20
4,uncertainty,17215,0.42915878343977737,22,0.328125,15.0,15.095238095238095,128,20
4,uncertainty,3396,0.33642154975630045,35,0.1015625,15.0,14.461538461538462,128,20
4,uncertainty,6993,0.7125441074451762,6,0.859375,6.5,7.409090909090909,128,20
4,uncertainty,17233,0.3771346001524254,30,0.1484375,17.0,15.421052631578947,128,20
4,uncertainty,8539,0.3103222405352195,44,0.109375,18.0,15.428571428571429,128,20
4,uncertainty,31091,0.21445608790029408,84,0.015625,15.5,15.5,128,20
4,uncertainty,22901,0.15172490405055267,139,0.015625,12.5,12.5,128,20
4,uncertainty,32642,0.17966119914533896,112,0.015625,12.5,12.5,128,20
4,uncertainty,12677,0.4017841015657604,27,0.1484375,16.0,14.894736842105264,128,20
4,uncertainty,17287,0.33588055891402274,36,0.203125,14.0,12.923076923076923,128,20
4,uncertainty,30089,0.3216841867595844,39,0.171875,15.0,14.772727272727273,128,20
4,uncertainty,19850,0.1964420225294632,100,0.03125,16.5,16.75,128,20
4,uncertainty,17805,0.6450704398059808,9,0.8671875,9.0,10.45045045045045,128,20
4,uncertainty,12178,0.5172745028784783,15,0.578125,13.5,12.837837837837839,128,20
4,uncertainty,29075,0.229591013533393,73,0.0625,14.5,13.5,128,20
4,uncertainty,13726,0.22633520652840397,75,0.0078125,16.0,16.0,128,20
4,uncertainty,16798,0.11261290794322812,199,0.0078125,20.0,20.0,128,20
4,uncertainty,10147,0.2726640831524876,57,0.046875,17.0,16.333333333333332,128,20
4,uncertainty,942,0.04637196817485458,382,0.0078125,17.0,17.0,128,20
4,uncertainty,434,0.27429737239548335,55,0.078125,18.0,17.0,128,20
4,uncertainty,12214,0.36507231823555997,32,0.09375,16.5,16.083333333333332,128,20
4,uncertainty,16314,0.79283098934768,3,1.0,4.0,5.0078125,128,20
4,uncertainty,12219,0.30833629291728504,46,0.0234375,14.0,14.666666666666666,128,20
4,uncertainty,20936,0.37149497390647923,31,0.0078125,19.0,19.0,128,20
4,uncertainty,21970,0.23281000729319556,69,0.03125,16.0,16.0,128,20
4,uncertainty,468,0.07934818615533626,273,0.0078125,20.0,20.0,128,20
4,uncertainty,31193,0.12006870484446788,184,0.0078125,18.0,18.0,128,20
4,uncertainty,5087,0.2941165840015609,49,0.140625,17.0,15.722222222222221,128,20
4,uncertainty,16868,0.16813152743168697,123,0.015625,19.5,19.5,128,20
4,uncertainty,25578,1.612233770185591,1,1.0,1.0,1.0,128,20
4,uncertainty,16878,0.21975932414465507,77,0.0234375,20.0,19.0,128,20
4,uncertainty,31734,0.30896542841674934,45,0.0,nan,nan,128,20
4,uncertainty,26617,0.21069413426417138,90,0.015625,14.0,14.0,128,20
4,uncertainty,21503,0.16345148611528534,126,0.015625,15.5,15.5,128,20
14,code,8198,0.9996546740322804,15,0.4765625,13.0,12.721311475409836,128,20
14,code,15882,0.5657708273745746,65,0.015625,10.5,10.5,128,20
14,code,24589,1.4279283302647074,2,0.953125,4.0,5.286885245901639,128,20
14,code,20503,0.8966727471113007,25,0.296875,15.0,13.973684210526315,128,20
14,code,13847,0.8653298295669651,30,0.1015625,18.0,17.307692307692307,128,20
14,code,3098,0.7121638551760036,42,0.109375,17.5,15.642857142857142,128,20
14,code,13858,1.3371613291079925,5,0.859375,6.0,7.390909090909091,128,20
14,code,28200,1.2320751396059544,9,0.8671875,9.0,9.477477477477477,128,20
14,code,28207,0.6686298333954663,47,0.046875,18.5,17.5,128,20
14,code,24630,1.1360029464566885,13,0.7578125,10.0,10.711340206185566,128,20
14,code,22078,0.8943672560006097,26,0.296875,15.5,15.263157894736842,128,20
14,code,17473,1.3836969040087097,4,0.890625,6.0,6.535087719298246,128,20
14,code,14915,0.6853736895144926,46,0.0,nan,nan,128,20
14,code,1604,0.8103782316483716,36,0.171875,17.5,15.5,128,20
14,code,14406,0.9867880910117993,16,0.4921875,11.0,11.80952380952381,128,20
14,code,3659,0.47023390945216426,85,0.0078125,11.0,11.0,128,20
14,code,5712,0.7119365426453165,43,0.0703125,14.0,13.555555555555555,128,20
14,code,25685,0.6677176887203365,48,0.03125,17.5,15.75,128,20
14,code,31317,0.8260328687482321,35,0.234375,15.5,14.566666666666666,128,20
14,code,15959,0.6427112315018028,53,0.0078125,19.0,19.0,128,20
14,code,31320,0.8914712491141361,28,0.359375,14.0,13.130434782608695,128,20
14,code,26714,0.8833563371030463,29,0.09375,17.0,16.583333333333332,128,20
14,code,17515,0.4937458445296029,78,0.0078125,15.0,15.0,128,20
14,code,13420,0.8919397435163466,27,0.2890625,14.0,13.35135135135135,128,20
14,code,25714,0.7363376514586544,38,0.0546875,17.0,17.0,128,20
14,code,3705,0.5878494020411099,59,0.1171875,14.0,13.6,128,20
14,code,1658,0.31837541822631354,147,0.0078125,19.0,19.0,128,20
14,code,4219,0.5472447665427811,69,0.0234375,19.0,19.0,128,20
14,code,16014,0.33291416720369266,137,0.0078125,15.0,15.0,128,20
14,code,24219,0.31330032092857507,148,0.015625,18.0,18.0,128,20
14,code,17065,0.6086149292536945,58,0.0546875,17.0,15.142857142857142,128,20
14,code,7337,0.40973889307679945,104,0.015625,15.0,15.0,128,20
14,code,14521,0.9292770487570251,20,0.3671875,15.0,13.872340425531915,128,20
14,code,28345,0.5625272630941855,66,0.1171875,12.0,10.266666666666667,128,20
14,code,32444,0.9104044362648158,23,0.0625,18.5,17.625,128,20
14,code,23229,0.6585689473916903,51,0.0234375,17.0,16.666666666666668,128,20
14,code,31420,0.47928061058570837,79,0.0078125,18.0,18.0,128,20
14,code,29887,0.6923735186635314,44,0.046875,17.5,17.333333333333332,128,20
14,code,18116,0.8482861303494676,32,0.1875,14.0,14.041666666666666,128,20
14,code,29382,0.9274116356445644,21,0.4140625,14.0,13.528301886792454,128,20
14,code,28369,0.977118666949991,17,0.4765625,11.0,11.295081967213115,128,20
14,code,17112,1.2299872347740104,10,0.8984375,9.0,9.504347826086956,128,20
14,code,18655,0.6554764698655944,52,0.03125,20.0,18.5,128,20
14,code,20715,0.19057945187017972,236,0.015625,18.0,18.0,128,20
14,code,17137,1.5185825352954738,1,1.0,3.0,3.8046875,128,20
14,code,8448,0.8630321844669763,31,0.2734375,14.0,13.314285714285715,128,20
14,code,18176,0.729132715538333,41,0.1171875,17.0,14.866666666666667,128,20
14,code,22276,0.7292100997695709,40,0.109375,12.5,13.857142857142858,128,20
14,code,9484,0.4739087590804418,82,0.0078125,19.0,19.0,128,20
14,code,7976,0.5205954202455428,74,0.015625,18.5,18.5,128,20
14,code,29496,0.47920386890892747,80,0.0078125,19.0,19.0,128,20
14,code,1351,0.5730530156264609,62,0.0078125,18.0,18.0,128,20
14,code,10577,0.6663846294302246,49,0.0703125,16.0,15.777777777777779,128,20
14,code,24921,0.3501457730876981,132,0.0078125,17.0,17.0,128,20
14,code,19296,0.6096975194698743,57,0.015625,16.0,16.0,128,20
14,code,14688,0.5695073526514691,64,0.0078125,15.0,15.0,128,20
14,code,2920,0.6855210350244605,45,0.09375,15.0,13.583333333333334,128,20
14,code,16240,0.9144235900172425,22,0.234375,14.5,14.1,128,20
14,code,29049,0.44244784426883565,93,0.0078125,17.0,17.0,128,20
14,code,4480,0.8419096635306375,33,0.1875,16.0,16.0,128,20
14,code,390,0.5349165184589904,70,0.0234375,19.0,18.0,128,20
14,code,23944,0.7433645710771152,37,0.0703125,18.0,17.0,128,20
14,code,13200,0.9047040255977379,24,0.296875,15.5,15.105263157894736,128,20
14,code,10648,0.8271839933028292,34,0.1796875,16.0,16.565217391304348,128,20
14,code,15771,0.6655433157381431,50,0.1171875,14.0,12.4,128,20
14,code,21918,1.234519768438065,8,0.7578125,8.0,8.948453608247423,128,20
14,code,22432,0.6170177678035235,56,0.0078125,14.0,14.0,128,20
14,code,9126,0.581475551959996,60,0.0234375,19.0,18.0,128,20
14,code,30122,0.47478484128397597,81,0.0234375,18.0,17.333333333333332,128,20
14,code,14255,0.5578313951533139,68,0.0546875,19.0,16.714285714285715,128,20
14,code,9652,1.2025510238311157,11,0.8828125,10.0,10.619469026548673,128,20
14,code,31163,0.6248820074737943,54,0.0078125,14.0,14.0,128,20
14,code,16319,1.0369800668001095,14,0.5234375,14.0,13.328358208955224,128,20
14,code,6100,1.4070518502600695,3,0.953125,6.0,6.491803278688525,128,20
14,code,9689,1.2763091478184785,7,0.859375,7.0,7.609090909090909,128,20
14,code,5082,0.9326517484821056,19,0.234375,18.0,17.233333333333334,128,20
14,code,18395,0.1339411673242316,329,0.0078125,18.0,18.0,128,20
14,code,27106,0.4710174789342489,84,0.0078125,13.0,13.0,128,20
14,code,7139,0.5732227097020643,61,0.0390625,16.0,15.6,128,20
14,code,13285,1.3102089387843356,6,0.96875,7.0,7.790322580645161,128,20
14,code,31205,0.21777619558123656,206,0.0234375,10.0,10.333333333333334,128,20
14,code,5616,0.9758110934652222,18,0.4296875,14.0,12.254545454545454,128,20
14,code,2545,0.7343089606486292,39,0.0859375,19.0,18.272727272727273,128,20
14,code,30709,1.1959177489628279,12,0.8359375,9.0,9.30841121495327,128,20
14,code,507,0.4670416231884397,86,0.0078125,19.0,19.0,128,20
14,code,24574,0.5620137617003711,67,0.03125,19.0,17.75,128,20
14,factual_entities,18176,0.6644441809212431,51,0.0078125,20.0,20.0,128,20
14,factual_entities,17921,1.0444281555852688,21,0.296875,16.0,15.5,128,20
14,factual_entities,20738,1.3387894503405426,15,0.8359375,14.0,13.710280373831775,128,20
14,factual_entities,20099,0.6514303760966706,52,0.03125,18.5,17.25,128,20
14,factual_entities,7426,0.7474338137887026,44,0.015625,19.5,19.5,128,20
14,factual_entities,7944,1.9053311425264894,4,1.0,4.0,4.1796875,128,20
14,factual_entities,12297,1.429820388063036,14,0.9296875,12.0,12.764705882352942,128,20
14,factual_entities,20233,0.6260231011956972,55,0.03125,16.0,16.25,128,20
14,factual_entities,11275,0.6880804726381013,50,0.015625,18.5,18.5,128,20
14,factual_entities,24589,1.4499888252407827,13,0.96875,12.0,12.161290322580646,128,20
14,factual_entities,15885,0.9645216634132249,27,0.234375,19.0,17.866666666666667,128,20
14,factual_entities,16014,0.6955653441463899,49,0.0234375,17.0,18.0,128,20
14,factual_entities,13200,0.8608779023280334,35,0.0078125,16.0,16.0,128,20
14,factual_entities,21012,0.8500616478058366,37,0.0,nan,nan,128,20
14,factual_entities,27029,0.9800456716391307,25,0.1484375,18.0,17.36842105263158,128,20
14,factual_entities,20503,1.1922944865352525,17,0.6171875,17.0,16.341772151898734,128,20
14,factual_entities,10648,0.9148812425829232,30,0.1328125,19.0,18.294117647058822,128,20
14,factual_entities,4124,0.4747602866660817,86,0.015625,20.0,20.0,128,20
14,factual_entities,9501,1.1267476615694991,18,0.4140625,16.0,16.132075471698112,128,20
14,factual_entities,21410,0.6991598204524767,48,0.0078125,16.0,16.0,128,20
14,factual_entities,13860,0.8317562732219117,38,0.0390625,19.0,18.4,128,20
14,factual_entities,3242,0.556363194746199,67,0.0078125,18.0,18.0,128,20
14,factual_entities,11564,0.5998630827040368,60,0.0078125,20.0,20.0,128,20
14,factual_entities,11054,1.524867646580497,9,1.0,10.0,10.8671875,128,20
14,factual_entities,24754,2.1411763496032443,2,1.0,2.0,2.8515625,128,20
14,factual_entities,9652,1.0523748434308027,20,0.203125,19.0,18.73076923076923,128,20
14,factual_entities,29496,1.0047604945383122,24,0.21875,18.5,17.857142857142858,128,20
14,factual_entities,23480,0.6179508301881699,58,0.0234375,14.0,15.666666666666666,128,20
14,factual_entities,2106,0.6140495275534678,59,0.0234375,18.0,15.0,128,20
14,factual_entities,28345,0.149181110452147,297,0.015625,18.5,18.5,128,20
14,factual_entities,32444,0.971245134532557,26,0.0234375,20.0,19.666666666666668,128,20
14,factual_entities,22078,1.4713198720764271,11,0.96875,11.5,11.903225806451612,128,20
14,factual_entities,27839,2.294065590106835,1,1.0,1.0,1.4765625,128,20
14,factual_entities,13759,0.9131239437167681,31,0.234375,18.0,16.2,128,20
14,factual_entities,14915,0.7136183244670019,47,0.0,nan,nan,128,20
14,factual_entities,29382,1.4577465086876542,12,0.9453125,12.0,11.487603305785123,128,20
14,factual_entities,1606,1.0202806874328207,23,0.21875,17.0,17.285714285714285,128,20
14,factual_entities,28104,0.5671703853933648,66,0.0078125,18.0,18.0,128,20
14,factual_entities,3660,1.6872970795993345,6,0.9921875,7.0,7.921259842519685,128,20
14,factual_entities,29772,0.8040560121118098,40,0.1015625,17.0,16.46153846153846,128,20
14,factual_entities,17489,0.8008034770530116,41,0.0390625,19.0,17.4,128,20
14,factual_entities,723,0.9182232038672944,29,0.0546875,18.0,17.714285714285715,128,20
14,factual_entities,11092,0.8632328306701712,34,0.140625,17.0,16.666666666666668,128,20
14,factual_entities,31317,0.853818298047251,36,0.0234375,19.0,18.666666666666668,128,20
14,factual_entities,26714,0.7146708586964627,46,0.0,nan,nan,128,20
14,factual_entities,18395,0.5952855460126409,61,0.0703125,15.0,15.333333333333334,128,20
14,factual_entities,22236,1.511521957326858,10,0.984375,10.5,10.26984126984127,128,20
14,factual_entities,1883,1.0992746023691309,19,0.3359375,17.0,16.930232558139537,128,20
14,factual_entities,4575,0.8053089006160814,39,0.015625,18.0,18.0,128,20
14,factual_entities,23777,1.0384594285410296,22,0.1640625,19.0,18.428571428571427,128,20
14,factual_entities,29795,1.7888016177076038,5,0.9609375,5.0,6.186991869918699,128,20
14,factual_entities,13285,1.6779498743803474,7,1.0,7.0,7.34375,128,20
14,factual_entities,11109,0.5381290724544023,74,0.0078125,18.0,18.0,128,20
14,factual_entities,31205,0.5286670308177883,76,0.09375,14.0,14.333333333333334,128,20
14,factual_entities,23145,1.1974159533528648,16,0.609375,15.5,15.23076923076923,128,20
14,factual_entities,30698,1.6298331397369783,8,0.984375,8.0,8.047619047619047,128,20
14,factual_entities,15466,0.7546248653629395,42,0.015625,19.5,19.5,128,20
14,factual_entities,20970,0.44801902960873774,95,0.0078125,19.0,19.0,128,20
14,factual_entities,18541,0.5819542720533178,63,0.015625,19.5,19.5,128,20
14,factual_entities,20715,3.5924028449395926e-05,1814,0.0078125,18.0,18.0,128,20
14,factual_entities,31475,0.9216382993686044,28,0.140625,16.5,16.166666666666668,128,20
14,factual_entities,11381,0.7491596102189919,43,0.0078125,20.0,20.0,128,20
14,factual_entities,2934,0.7187740791106232,45,0.078125,17.0,16.2,128,20
14,factual_entities,12021,0.5541366117383956,68,0.0078125,20.0,20.0,128,20
14,factual_entities,29048,2.0295988585814726,3,1.0,3.0,3.6953125,128,20
14,factual_entities,3705,0.8904279188650549,32,0.2421875,15.0,15.225806451612904,128,20
14,factual_entities,28158,0.8640028518509316,33,0.1953125,17.0,16.24,128,20
14,factual_entities,14975,0.531685753886446,75,0.03125,14.5,14.25,128,20
14,german_language,20874,0.9504820124239498,34,0.0390625,19.0,17.0,128,20
14,german_language,12429,1.1309472668559113,28,0.15625,17.0,16.55,128,20
14,german_language,2449,0.9143065550475182,37,0.0078125,19.0,19.0,128,20
14,german_language,406,1.3200184888806052,23,0.34375,16.0,15.772727272727273,128,20
14,german_language,28952,2.5382183007247696,4,1.0,5.0,4.9765625,128,20
14,german_language,20761,3.0121971613291274,3,1.0,3.0,2.7734375,128,20
14,german_language,10487,0.8615623198269988,39,0.0,nan,nan,128,20
14,german_language,9501,1.578566953078429,15,0.9609375,16.0,16.10569105691057,128,20
14,german_language,28829,0.6949955787899071,52,0.0078125,20.0,20.0,128,20
14,german_language,22429,0.7169261120400199,49,0.015625,18.5,18.5,128,20
14,german_language,22433,1.1650010109280786,26,0.1484375,19.0,17.36842105263158,128,20
14,german_language,6947,0.7438700661384504,47,0.0078125,17.0,17.0,128,20
14,german_language,11429,1.1368778454263198,27,0.1171875,16.0,16.933333333333334,128,20
14,german_language,166,0.7190220784529496,48,0.0078125,18.0,18.0,128,20
14,german_language,6183,1.4892774264380648,17,0.5625,14.0,14.527777777777779,128,20
14,german_language,4904,1.4216446720112954,19,0.5234375,16.0,15.522388059701493,128,20
14,german_language,20137,3.593319732165302,1,1.0,1.0,1.0,128,20
14,german_language,24111,1.3680256892530103,20,0.4375,17.0,16.107142857142858,128,20
14,german_language,24760,0.8338871328241575,42,0.0078125,19.0,19.0,128,20
14,german_language,28345,2.127268836807387,9,0.9453125,9.0,8.826446280991735,128,20
14,german_language,3644,0.8727460098172609,38,0.0078125,18.0,18.0,128,20
14,german_language,573,2.1479154263864437,8,0.984375,9.0,8.714285714285714,128,20
14,german_language,17349,1.652649022976846,13,0.828125,14.0,14.226415094339623,128,20
14,german_language,28870,1.3307798468795173,22,0.421875,15.5,15.592592592592593,128,20
14,german_language,711,1.3628990588489185,21,0.40625,18.0,17.557692307692307,128,20
14,german_language,7368,1.12767949661385,29,0.15625,17.5,16.15,128,20
14,german_language,19783,0.9151254423352208,36,0.0390625,15.0,15.8,128,20
14,german_language,2122,0.8226558878223859,43,0.0078125,20.0,20.0,128,20
14,german_language,19276,0.663921343193498,57,0.0078125,20.0,20.0,128,20
14,german_language,13260,0.8544325790653307,40,0.0,nan,nan,128,20
14,german_language,7253,0.7148637788456069,50,0.0,nan,nan,128,20
14,german_language,17623,0.6844409902344026,53,0.0078125,19.0,19.0,128,20
14,german_language,5081,1.5308911178086775,16,0.703125,14.0,14.377777777777778,128,20
14,german_language,29147,0.772500565896685,44,0.0,nan,nan,128,20
14,german_language,2269,0.4197595343813086,98,0.0078125,20.0,20.0,128,20
14,german_language,30943,0.7719421115505258,45,0.0,nan,nan,128,20
14,german_language,14561,3.0582106448644892,2,1.0,2.0,2.3359375,128,20
14,german_language,28771,1.425967608473583,18,0.515625,16.5,15.924242424242424,128,20
14,german_language,24423,0.8484227562560323,41,0.015625,18.0,18.0,128,20
14,german_language,10601,0.7585192849988175,46,0.0,nan,nan,128,20
14,german_language,13547,1.641139931982968,14,0.796875,15.0,14.784313725490197,128,20
14,german_language,13932,1.8586424986768673,11,0.96875,12.0,12.274193548387096,128,20
14,german_language,6894,1.9107714208651139,10,0.96875,11.0,11.080645161290322,128,20
14,german_language,20335,1.2192047903906933,25,0.25,18.0,16.75,128,20
14,german_language,369,1.8213366205387052,12,0.984375,12.0,11.865079365079366,128,20
14,german_language,16754,2.4645467395735565,5,1.0,6.0,6.0234375,128,20
14,german_language,20223,0.9491712964730491,35,0.0234375,19.0,19.0,128,20
14,german_language,18805,1.0438664588263555,31,0.0859375,19.0,17.90909090909091,128,20
14,german_language,4214,2.389962711061402,6,1.0,7.0,6.7109375,128,20
14,german_language,23799,0.960521517939525,33,0.015625,16.5,16.5,128,20
14,german_language,25082,2.3682289879488554,7,1.0,7.0,6.8984375,128,20
14,german_language,29691,1.2993121177419256,24,0.3984375,18.0,17.11764705882353,128,20
14,german_language,31997,0.9899270082124212,32,0.015625,18.0,18.0,128,20
14,german_language,19967,1.0471908269706438,30,0.09375,18.0,17.916666666666668,128,20
14,mathematics,20227,1.8692631611168642,5,0.953125,4.0,5.237704918032787,128,20
14,mathematics,27267,0.6319884049237584,73,0.0078125,19.0,19.0,128,20
14,mathematics,30597,1.4365449145553342,14,0.6640625,10.0,10.870588235294118,128,20
14,mathematics,8198,0.5856762777217303,77,0.0078125,20.0,20.0,128,20
14,mathematics,23431,1.1841553338391047,23,0.28125,15.0,13.86111111111111,128,20
14,mathematics,3082,0.8613718280527216,46,0.0234375,19.0,19.0,128,20
14,mathematics,28171,1.206790416291223,21,0.40625,13.0,13.153846153846153,128,20
14,mathematics,21006,0.9888549721346311,34,0.2265625,15.0,14.517241379310345,128,20
14,mathematics,13200,0.9100781057505235,41,0.015625,15.0,15.0,128,20
14,mathematics,13847,1.279753540275335,19,0.4765625,16.0,15.442622950819672,128,20
14,mathematics,24095,1.964272952349767,4,1.0,5.0,5.125,128,20
14,mathematics,10783,0.9222770066359152,38,0.015625,17.0,17.0,128,20
14,mathematics,161,0.8953709099790172,43,0.046875,17.0,16.666666666666668,128,20
14,mathematics,30626,0.8245031729271071,49,0.015625,17.5,17.5,128,20
14,mathematics,21284,1.3255236007452775,18,0.6171875,13.0,12.670886075949367,128,20
14,mathematics,21670,0.9145306056215375,40,0.1171875,14.0,13.266666666666667,128,20
14,mathematics,16043,2.7193073236988345,1,1.0,1.0,1.0625,128,20
14,mathematics,3371,0.6404876771337301,72,0.0078125,16.0,16.0,128,20
14,mathematics,814,0.7402411281700774,58,0.015625,18.5,18.5,128,20
14,mathematics,13363,0.5703077918801523,80,0.0078125,18.0,18.0,128,20
14,mathematics,25652,1.6330578328101704,6,0.8984375,9.0,9.643478260869566,128,20
14,mathematics,17717,1.228118517890223,20,0.3515625,17.0,14.777777777777779,128,20
14,mathematics,22709,0.895085601251989,44,0.046875,18.5,17.833333333333332,128,20
14,mathematics,13748,0.8440599584417524,47,0.0234375,19.0,17.0,128,20
14,mathematics,570,0.7348363535979685,59,0.0078125,15.0,15.0,128,20
14,mathematics,22460,0.9586169316881996,36,0.125,17.0,16.125,128,20
14,mathematics,445,0.7849064463418888,54,0.03125,14.5,14.75,128,20
14,mathematics,22078,1.0995617349822935,28,0.21875,15.0,14.821428571428571,128,20
14,mathematics,5311,1.492979806715796,11,0.921875,11.0,11.932203389830509,128,20
14,mathematics,30019,1.1028784475694822,27,0.21875,18.0,17.214285714285715,128,20
14,mathematics,14148,0.6686770974640708,68,0.0078125,18.0,18.0,128,20
14,mathematics,23165,1.442274625339362,13,0.765625,11.0,11.673469387755102,128,20
14,mathematics,22214,1.4986004227476724,9,0.8125,10.5,11.221153846153847,128,20
14,mathematics,26693,0.8737887477404965,45,0.015625,15.5,15.5,128,20
14,mathematics,25925,0.7287187532657626,61,0.0078125,17.0,17.0,128,20
14,mathematics,8392,0.7540487979736133,56,0.015625,14.0,14.0,128,20
14,mathematics,14411,1.410917851825663,15,0.703125,13.0,12.488888888888889,128,20
14,mathematics,5708,1.1489175454282023,25,0.21875,16.0,15.571428571428571,128,20
14,mathematics,5451,0.9207956616363022,39,0.046875,16.5,16.5,128,20
14,mathematics,22093,0.9728007959641878,35,0.09375,18.0,17.25,128,20
14,mathematics,9295,0.9090728325883136,42,0.0703125,18.0,17.444444444444443,128,20
14,mathematics,5712,1.407272746191491,16,0.6640625,13.0,13.035294117647059,128,20
14,mathematics,4306,1.1429740779264006,26,0.21875,17.0,15.928571428571429,128,20
14,mathematics,29778,0.7205309647704965,64,0.0234375,18.0,18.333333333333332,128,20
14,mathematics,31317,1.2033950842623802,22,0.40625,15.0,13.961538461538462,128,20
14,mathematics,5718,1.1586105853601163,24,0.1953125,18.0,17.32,128,20
14,mathematics,30040,1.0873745554281804,29,0.1796875,16.0,16.17391304347826,128,20
14,mathematics,17112,1.0050241019391264,32,0.0234375,19.0,16.0,128,20
14,mathematics,5082,1.4700061467800036,12,0.9296875,13.0,13.07563025210084,128,20
14,mathematics,19416,0.7593279717026259,55,0.0078125,19.0,19.0,128,20
14,mathematics,12637,0.8152379706925843,50,0.03125,17.0,17.25,128,20
14,mathematics,29918,0.6564823330383733,70,0.0078125,15.0,15.0,128,20
14,mathematics,25951,0.704367781332764,66,0.0078125,19.0,19.0,128,20
14,mathematics,20961,0.8150262279158628,51,0.046875,15.0,15.333333333333334,128,20
14,mathematics,26850,0.7254674679188254,63,0.0078125,17.0,17.0,128,20
14,mathematics,4452,1.034326265595436,30,0.1953125,16.0,16.04,128,20
14,mathematics,31205,1.591508045226329,7,0.7734375,8.0,8.83838383838384,128,20
14,mathematics,20328,1.3514618177453963,17,0.6171875,14.0,14.012658227848101,128,20
14,mathematics,19560,0.8437292929305193,48,0.0078125,15.0,15.0,128,20
14,mathematics,24684,1.9739884644451942,3,1.0,4.0,4.5390625,128,20
14,mathematics,25453,1.5910423848475161,8,0.8515625,9.0,9.440366972477063,128,20
14,mathematics,4974,1.4935504671248159,10,0.84375,10.0,11.092592592592593,128,20
14,mathematics,10094,0.7965037783674261,52,0.046875,15.0,15.5,128,20
14,mathematics,11756,0.7490670554431419,57,0.015625,15.5,15.5,128,20
14,mathematics,23281,0.6536079294419436,71,0.015625,16.5,16.5,128,20
14,mathematics,11763,0.7279862341424861,62,0.03125,17.5,18.0,128,20
14,mathematics,4724,0.9253899747374801,37,0.0703125,16.0,16.444444444444443,128,20
14,mathematics,16885,1.0140448166099703,31,0.0859375,18.0,17.636363636363637,128,20
14,mathematics,2934,1.0024839503253116,33,0.1796875,15.0,14.304347826086957,128,20
14,mathematics,1015,0.486809324486071,98,0.0078125,20.0,20.0,128,20
14,mathematics,21885,2.341436958170285,2,1.0,2.0,2.4609375,128,20
14,negative_sentiment,24960,1.1070684115063503,18,0.640625,15.0,14.975609756097562,128,20
14,negative_sentiment,28930,1.1082156098301474,17,0.640625,14.0,13.487804878048781,128,20
14,negative_sentiment,20482,0.5513499202796023,57,0.0078125,20.0,20.0,128,20
14,negative_sentiment,10243,0.6372273650718828,48,0.0,nan,nan,128,20
14,negative_sentiment,25861,0.864924067165063,26,0.125,17.0,17.125,128,20
14,negative_sentiment,26758,0.6890846808442713,44,0.0390625,17.0,14.8,128,20
14,negative_sentiment,13577,0.3238599363542332,106,0.0078125,18.0,18.0,128,20
14,negative_sentiment,15372,0.7385608792508211,40,0.078125,12.5,12.4,128,20
14,negative_sentiment,14862,1.3102732532427628,8,0.9296875,10.0,10.77310924369748,128,20
14,negative_sentiment,5903,0.8033363022569306,32,0.0859375,19.0,18.272727272727273,128,20
14,negative_sentiment,4243,0.8722715871481859,25,0.375,15.5,14.5,128,20
14,negative_sentiment,8851,0.4700032142048437,71,0.015625,16.0,16.0,128,20
14,negative_sentiment,10903,1.310129027495362,9,0.78125,8.5,10.06,128,20
14,negative_sentiment,23065,0.7637537316598088,37,0.109375,16.0,15.214285714285714,128,20
14,negative_sentiment,28827,1.0204057862660698,20,0.5,12.5,13.25,128,20
14,negative_sentiment,6044,0.5134028050614982,64,0.015625,19.0,19.0,128,20
14,negative_sentiment,15389,0.5330240519386489,61,0.0078125,13.0,13.0,128,20
14,negative_sentiment,14749,0.24516124518997567,128,0.0078125,12.0,12.0,128,20
14,negative_sentiment,11045,0.7867983468152394,34,0.1171875,17.0,15.333333333333334,128,20
14,negative_sentiment,5672,0.5414946326303871,60,0.015625,15.5,15.5,128,20
14,negative_sentiment,5418,0.8223707019883387,30,0.203125,16.0,15.76923076923077,128,20
14,negative_sentiment,29229,0.6443014033829895,47,0.0,nan,nan,128,20
14,negative_sentiment,14766,1.2368905616916295,12,0.84375,11.0,11.796296296296296,128,20
14,negative_sentiment,3375,2.648172350912231,1,1.0,1.0,1.0390625,128,20
14,negative_sentiment,11565,0.6355620604188067,49,0.0,nan,nan,128,20
14,negative_sentiment,2482,0.6279296127625453,51,0.0234375,18.0,18.333333333333332,128,20
14,negative_sentiment,29108,0.45759691703647687,76,0.0078125,20.0,20.0,128,20
14,negative_sentiment,20277,0.9634360899376189,22,0.2890625,14.0,14.91891891891892,128,20
14,negative_sentiment,13110,1.6016343039381733,4,1.0,5.0,5.765625,128,20
14,negative_sentiment,30647,0.6329943198298386,50,0.0078125,19.0,19.0,128,20
14,negative_sentiment,14651,2.469966189749021,2,1.0,2.0,1.9765625,128,20
14,negative_sentiment,29502,1.1756716257006201,13,0.625,12.0,11.85,128,20
14,negative_sentiment,19266,0.7842031265491737,35,0.1328125,17.0,16.294117647058822,128,20
14,negative_sentiment,28995,1.1262244107701196,15,0.6640625,11.0,11.48235294117647,128,20
14,negative_sentiment,25411,0.660906808603044,45,0.015625,18.5,18.5,128,20
14,negative_sentiment,7749,1.2892681380676105,10,0.75,10.0,10.708333333333334,128,20
14,negative_sentiment,9413,1.1438920354581594,14,0.65625,15.0,13.904761904761905,128,20
14,negative_sentiment,9926,0.48645665956832473,68,0.015625,16.0,16.0,128,20
14,negative_sentiment,24901,0.8207540553154622,31,0.1015625,17.0,16.23076923076923,128,20
14,negative_sentiment,23114,0.773195869014128,36,0.1640625,17.0,16.19047619047619,128,20
14,negative_sentiment,23374,0.8274262343340241,28,0.1875,17.0,15.416666666666666,128,20
14,negative_sentiment,10322,1.6505751018692743,3,1.0,4.0,5.875,128,20
14,negative_sentiment,24659,0.614573239760216,52,0.046875,14.5,15.0,128,20
14,negative_sentiment,1880,0.9513507773028511,23,0.265625,18.0,17.294117647058822,128,20
14,negative_sentiment,30941,1.4442770800539306,7,0.9765625,8.0,8.432,128,20
14,negative_sentiment,349,0.7161716465100639,41,0.046875,15.5,14.666666666666666,128,20
14,negative_sentiment,13537,0.7529500629825419,38,0.1015625,14.0,14.384615384615385,128,20
14,negative_sentiment,19683,0.6960938654570175,43,0.0,nan,nan,128,20
14,negative_sentiment,25445,1.4674260062814464,6,0.9140625,6.0,7.230769230769231,128,20
14,negative_sentiment,14952,0.7093379737204072,42,0.0390625,17.0,17.8,128,20
14,negative_sentiment,24170,0.8267931163167848,29,0.21875,15.0,14.821428571428571,128,20
14,negative_sentiment,32618,0.5947229470555321,54,0.015625,18.0,18.0,128,20
14,negative_sentiment,12012,1.5157807645885588,5,1.0,6.0,7.34375,128,20
14,negative_sentiment,20715,0.2824039397527153,115,0.0078125,19.0,19.0,128,20
14,negative_sentiment,21102,0.8604869776087827,27,0.1484375,15.0,15.210526315789474,128,20
14,negative_sentiment,32494,0.7960579029955898,33,0.2734375,12.0,11.314285714285715,128,20
14,negative_sentiment,14448,1.0553342084994053,19,0.4921875,16.0,15.761904761904763,128,20
14,negative_sentiment,8558,0.6598664070899196,46,0.078125,16.0,15.5,128,20
14,negative_sentiment,2932,1.1142942533549212,16,0.5234375,13.0,12.417910447761194,128,20
14,negative_sentiment,24949,0.9992558202300227,21,0.40625,16.0,14.788461538461538,128,20
14,negative_sentiment,6389,0.7394033552221699,39,0.1015625,17.0,17.307692307692307,128,20
14,negative_sentiment,23669,0.880266030962928,24,0.1875,15.0,14.291666666666666,128,20
14,negative_sentiment,32628,0.5494537607852772,59,0.0234375,19.0,18.666666666666668,128,20
14,negative_sentiment,18682,1.2810286726969744,11,0.9140625,11.0,11.692307692307692,128,20
14,negative_sentiment,15099,0.341867191795436,101,0.0078125,16.0,16.0,128,20
14,negative_sentiment,16892,0.5278901070702673,62,0.0234375,14.0,15.666666666666666,128,20
14,positive_sentiment,24960,0.7178014268819181,38,0.0703125,18.0,17.444444444444443,128,20
14,positive_sentiment,28673,0.3788748729780393,94,0.0078125,20.0,20.0,128,20
14,positive_sentiment,4866,1.0442602418254487,14,0.578125,14.0,13.527027027027026,128,20
14,positive_sentiment,28930,0.7857667105685526,31,0.21875,16.0,15.678571428571429,128,20
14,positive_sentiment,25861,0.7866596131753552,30,0.125,18.5,17.4375,128,20
14,positive_sentiment,26758,0.8412345701326094,24,0.3046875,16.0,15.461538461538462,128,20
14,positive_sentiment,27269,0.6452887129694687,45,0.0703125,16.0,16.555555555555557,128,20
14,positive_sentiment,13577,1.6448066537351795,5,0.9921875,6.0,6.307086614173229,128,20
14,positive_sentiment,8202,1.9728704813834121,3,1.0,3.0,3.3046875,128,20
14,positive_sentiment,15372,0.6647385197343048,43,0.1015625,17.0,16.53846153846154,128,20
14,positive_sentiment,27277,0.5327027068613144,61,0.03125,20.0,18.0,128,20
14,positive_sentiment,14862,1.4365242059082808,6,0.984375,8.0,8.706349206349206,128,20
14,positive_sentiment,26770,0.4463200863547084,80,0.015625,17.0,17.0,128,20
14,positive_sentiment,8595,0.5214026068525146,65,0.015625,15.5,15.5,128,20
14,positive_sentiment,29717,0.7019923957552127,40,0.078125,18.5,17.7,128,20
14,positive_sentiment,1685,0.5891278166737854,57,0.0234375,18.0,17.333333333333332,128,20
14,positive_sentiment,28568,0.5151416772539402,67,0.015625,18.5,18.5,128,20
14,positive_sentiment,23065,0.7651918974657689,33,0.1953125,15.0,14.56,128,20
14,positive_sentiment,23066,0.5789473830351637,58,0.0234375,19.0,19.0,128,20
14,positive_sentiment,1432,0.44443783500838835,81,0.0234375,18.0,18.0,128,20
14,positive_sentiment,27165,0.5359255578481159,60,0.046875,16.5,15.833333333333334,128,20
14,positive_sentiment,15389,0.6511600550670926,44,0.046875,17.0,16.833333333333332,128,20
14,positive_sentiment,13343,1.3753937197364845,9,0.953125,9.0,9.48360655737705,128,20
14,positive_sentiment,24096,0.5102668381741001,69,0.03125,19.0,18.5,128,20
14,positive_sentiment,11683,0.27116171197431,127,0.0078125,20.0,20.0,128,20
14,positive_sentiment,9509,0.634208337464317,47,0.078125,17.0,16.5,128,20
14,positive_sentiment,15400,0.8089330815313153,27,0.1640625,15.0,14.238095238095237,128,20
14,positive_sentiment,30249,0.8832470358608893,20,0.21875,17.0,17.357142857142858,128,20
14,positive_sentiment,15273,0.7870104769687144,29,0.1484375,17.0,17.05263157894737,128,20
14,positive_sentiment,2475,0.7274971980085465,36,0.109375,15.5,14.642857142857142,128,20
14,positive_sentiment,29229,2.110051122810378,1,1.0,2.0,1.9296875,128,20
14,positive_sentiment,14766,1.972924178345604,2,1.0,3.0,3.1875,128,20
14,positive_sentiment,175,0.5213726759552467,66,0.0078125,19.0,19.0,128,20
14,positive_sentiment,15534,0.53793593490639,59,0.03125,18.5,18.0,128,20
14,positive_sentiment,7350,1.2286875300134892,12,0.84375,12.0,12.37962962962963,128,20
14,positive_sentiment,7735,0.6329672911503146,49,0.0234375,19.0,19.0,128,20
14,positive_sentiment,2621,0.44031143550460256,82,0.0078125,20.0,20.0,128,20
14,positive_sentiment,28480,1.9504443636307394,4,1.0,3.0,3.2734375,128,20
14,positive_sentiment,19266,0.6174341064510142,52,0.0625,18.0,16.875,128,20
14,positive_sentiment,27843,0.592491243805083,56,0.0390625,18.0,17.6,128,20
14,positive_sentiment,7749,1.3559351662852268,10,0.9140625,9.0,9.35897435897436,128,20
14,positive_sentiment,24901,0.7796566495303359,32,0.2265625,17.0,16.17241379310345,128,20
14,positive_sentiment,9413,0.8262255705421169,26,0.2265625,16.0,15.758620689655173,128,20
14,positive_sentiment,9926,0.4512379517533793,79,0.0078125,18.0,18.0,128,20
14,positive_sentiment,16070,0.599006441937971,53,0.0078125,20.0,20.0,128,20
14,positive_sentiment,23114,0.8635173793085285,22,0.3203125,15.0,14.658536585365853,128,20
14,positive_sentiment,20556,0.5321739920939037,62,0.015625,18.0,18.0,128,20
14,positive_sentiment,23374,1.0336683812784984,16,0.578125,13.0,12.85135135135135,128,20
14,positive_sentiment,19152,1.159466595001265,13,0.6953125,12.0,12.02247191011236,128,20
14,positive_sentiment,10579,0.5315006511187919,63,0.015625,10.5,10.5,128,20
14,positive_sentiment,11348,0.7184321285712993,37,0.078125,17.0,17.1,128,20
14,positive_sentiment,31444,0.5045440821690779,70,0.0078125,16.0,16.0,128,20
14,positive_sentiment,1880,0.829485497512539,25,0.15625,19.0,17.55,128,20
14,positive_sentiment,28249,0.41522590404034976,87,0.0234375,16.0,17.0,128,20
14,positive_sentiment,30042,1.4042349043281654,7,0.953125,8.0,8.69672131147541,128,20
14,positive_sentiment,3930,0.6338760444024027,48,0.1015625,17.0,16.153846153846153,128,20
14,positive_sentiment,349,0.8790759170404528,21,0.3203125,16.0,15.75609756097561,128,20
14,positive_sentiment,30941,0.9984130687967958,17,0.5,15.5,15.390625,128,20
14,positive_sentiment,29791,1.0439320946621924,15,0.6328125,13.0,13.333333333333334,128,20
14,positive_sentiment,7904,0.9101734455484483,19,0.375,16.0,15.895833333333334,128,20
14,positive_sentiment,2149,0.628189183057563,51,0.0625,17.0,16.25,128,20
14,positive_sentiment,14952,0.7125594397172306,39,0.03125,16.0,15.5,128,20
14,positive_sentiment,32618,0.6701021769898918,42,0.046875,17.5,17.166666666666668,128,20
14,positive_sentiment,20715,0.2824035963964628,120,0.03125,16.0,15.5,128,20
14,positive_sentiment,12012,0.7625932138317713,34,0.125,17.0,17.25,128,20
14,positive_sentiment,21102,1.380855822454855,8,0.921875,8.0,9.576271186440678,128,20
14,positive_sentiment,32494,0.7960579029955898,28,0.328125,11.5,11.452380952380953,128,20
14,positive_sentiment,4335,0.6317066476411084,50,0.0390625,18.0,17.6,128,20
14,positive_sentiment,2927,0.6921664730508571,41,0.0234375,18.0,17.666666666666668,128,20
14,positive_sentiment,14448,0.8473993602118125,23,0.0859375,19.0,18.0,128,20
14,positive_sentiment,2932,1.2438064328114538,11,0.890625,12.0,11.657894736842104,128,20
14,positive_sentiment,23669,0.9129780761752088,18,0.3359375,14.0,14.395348837209303,128,20
14,positive_sentiment,6389,0.7563507980118532,35,0.15625,18.0,16.5,128,20
14,positive_sentiment,32628,0.4672054718498589,73,0.0078125,20.0,20.0,128,20
14,positive_sentiment,25077,0.3178976053193765,107,0.0078125,15.0,15.0,128,20
14,positive_sentiment,15099,0.6416727733143722,46,0.0546875,18.0,17.428571428571427,128,20
14,uncertainty,7680,2.166862960816144,4,1.0,4.0,3.921875,128,20
14,uncertainty,4618,1.1309174914565403,16,0.546875,15.0,14.542857142857143,128,20
14,uncertainty,5132,0.7586975511307941,36,0.0703125,17.0,16.77777777777778,128,20
14,uncertainty,15389,0.6353136695737521,57,0.046875,18.5,18.666666666666668,128,20
14,uncertainty,9760,0.5486717058652919,67,0.0078125,16.0,16.0,128,20
14,uncertainty,5672,0.846345251625941,30,0.1640625,16.0,16.38095238095238,128,20
14,uncertainty,8236,0.4989777025722181,83,0.0078125,20.0,20.0,128,20
14,uncertainty,19503,1.3600768751485874,10,0.7734375,11.0,11.292929292929292,128,20
14,uncertainty,28215,1.0644834652114743,18,0.5546875,15.0,15.070422535211268,128,20
14,uncertainty,8264,0.6942371555395562,47,0.0703125,15.0,15.777777777777779,128,20
14,uncertainty,30281,1.157887650715218,15,0.578125,13.0,13.391891891891891,128,20
14,uncertainty,4693,0.8793392712381736,29,0.1015625,17.0,16.384615384615383,128,20
14,uncertainty,31319,0.6846807035293022,50,0.0390625,20.0,18.6,128,20
14,uncertainty,23128,1.2280855507209656,13,0.6796875,12.0,13.275862068965518,128,20
14,uncertainty,8791,0.2270453207491896,227,0.0078125,17.0,17.0,128,20
14,uncertainty,26717,0.3776050118361955,133,0.015625,17.0,17.0,128,20
14,uncertainty,25695,0.6964700003749431,46,0.0625,16.5,17.0,128,20
14,uncertainty,22632,1.08072683395845,17,0.53125,14.5,14.132352941176471,128,20
14,uncertainty,8302,2.356750136413425,2,1.0,2.0,2.5078125,128,20
14,uncertainty,14448,0.9352238773020012,23,0.1015625,19.0,18.384615384615383,128,20
14,uncertainty,23673,0.636707959870581,56,0.015625,15.5,15.5,128,20
14,uncertainty,18561,2.0998789879382187,5,1.0,4.0,4.3203125,128,20
14,uncertainty,14978,0.6771522082289099,52,0.0390625,18.0,16.8,128,20
14,uncertainty,16004,0.5252401392676703,74,0.015625,16.5,16.5,128,20
14,uncertainty,6795,0.6065448489192331,60,0.0078125,19.0,19.0,128,20
14,uncertainty,8344,0.48884288901903067,88,0.0078125,15.0,15.0,128,20
14,uncertainty,4766,0.550920187106472,66,0.0234375,14.0,14.666666666666666,128,20
14,uncertainty,25772,0.5429945977489442,68,0.0078125,20.0,20.0,128,20
14,uncertainty,27316,0.7184207457086945,40,0.0703125,17.0,16.88888888888889,128,20
14,uncertainty,9910,0.34974966344503067,142,0.0078125,19.0,19.0,128,20
14,uncertainty,9407,0.6997628808232719,45,0.0390625,19.0,17.6,128,20
14,uncertainty,11462,1.351726442267879,12,0.828125,12.0,12.31132075471698,128,20
14,uncertainty,22215,0.4895564192930455,87,0.0078125,18.0,18.0,128,20
14,uncertainty,17612,0.5044084916431227,82,0.0078125,20.0,20.0,128,20
14,uncertainty,6353,0.8842394476129484,28,0.15625,17.0,15.8,128,20
14,uncertainty,31444,0.9971589485105078,20,0.3671875,15.0,15.085106382978724,128,20
14,uncertainty,24794,1.4409352373697788,9,0.9453125,11.0,11.24793388429752,128,20
14,uncertainty,14056,1.8290155205091956,7,0.9921875,7.0,7.31496062992126,128,20
14,uncertainty,5866,0.509250975658227,80,0.015625,17.5,17.5,128,20
14,uncertainty,20715,0.7184886076252683,39,0.1953125,14.0,14.16,128,20
14,uncertainty,16622,0.8920807636388511,27,0.1953125,15.0,15.2,128,20
14,uncertainty,32494,0.9567388805667709,21,0.46875,12.0,12.566666666666666,128,20
14,uncertainty,8430,0.7036714808602852,44,0.0546875,16.0,16.857142857142858,128,20
14,uncertainty,1280,1.2038621312007098,14,0.6484375,14.0,14.349397590361447,128,20
14,uncertainty,14597,0.6230769856718558,58,0.0078125,20.0,20.0,128,20
14,uncertainty,7448,0.3894415617807284,124,0.0078125,20.0,20.0,128,20
14,uncertainty,10527,0.781898599916471,35,0.1015625,14.0,15.0,128,20
14,uncertainty,20255,1.518302319298143,8,0.984375,9.0,10.11111111111111,128,20
14,uncertainty,15647,0.8363499995701926,33,0.171875,17.0,16.454545454545453,128,20
14,uncertainty,31521,0.5793461973401997,63,0.0078125,19.0,19.0,128,20
14,uncertainty,804,0.5826136648448788,61,0.0234375,20.0,17.666666666666668,128,20
14,uncertainty,3375,0.4453686454232798,106,0.0078125,19.0,19.0,128,20
14,uncertainty,17204,0.4755052889103029,96,0.0078125,20.0,20.0,128,20
14,uncertainty,10049,0.9450928748596289,22,0.359375,15.5,14.673913043478262,128,20
14,uncertainty,16708,0.6863016747301498,49,0.0703125,17.0,16.22222222222222,128,20
14,uncertainty,21317,2.292148139145097,3,1.0,3.0,2.8515625,128,20
14,uncertainty,22860,1.351767108264191,11,0.8984375,12.0,12.356521739130434,128,20
14,uncertainty,9042,0.5141732201384546,78,0.0078125,20.0,20.0,128,20
14,uncertainty,31587,0.5557054314371679,65,0.0390625,19.0,18.4,128,20
14,uncertainty,1384,2.3875682924137642,1,1.0,2.0,2.203125,128,20
14,uncertainty,31593,0.8371325879642689,32,0.1328125,18.0,15.764705882352942,128,20
14,uncertainty,1388,0.8224649856643533,34,0.1640625,17.0,16.80952380952381,128,20
14,uncertainty,32620,0.713744327981132,42,0.0546875,19.0,18.142857142857142,128,20
14,uncertainty,2927,0.8414931055419942,31,0.0625,18.0,18.125,128,20
14,uncertainty,12152,0.610103249439147,59,0.0078125,14.0,14.0,128,20
14,uncertainty,16249,0.682914069061086,51,0.046875,17.0,17.166666666666668,128,20
14,uncertainty,19321,0.9013417280333669,24,0.15625,18.0,17.85,128,20
14,uncertainty,21887,0.7118801224154295,43,0.0546875,17.0,16.428571428571427,128,20
14,uncertainty,25474,0.8977978664845234,25,0.2578125,16.0,15.606060606060606,128,20
14,uncertainty,23945,0.6732396922170371,53,0.015625,18.5,18.5,128,20
14,uncertainty,19855,0.8964812206497927,26,0.15625,17.0,16.2,128,20
14,uncertainty,21913,0.5072281307409895,81,0.015625,19.5,19.5,128,20
14,uncertainty,10652,0.6919595193630225,48,0.0234375,18.0,17.666666666666668,128,20
14,uncertainty,13741,0.5223504255670702,75,0.0078125,17.0,17.0,128,20
14,uncertainty,2482,0.4783861699383735,94,0.0078125,16.0,16.0,128,20
14,uncertainty,16309,1.8770556571356571,6,0.9921875,6.0,6.748031496062992,128,20
14,uncertainty,7606,0.6615279405453169,54,0.0703125,14.0,14.777777777777779,128,20
14,uncertainty,16322,0.34378191447175943,146,0.0078125,19.0,19.0,128,20
14,uncertainty,16839,0.7526782359191437,37,0.0625,19.0,18.0,128,20
14,uncertainty,9672,0.7160236791614114,41,0.0234375,18.0,18.0,128,20
14,uncertainty,22995,0.7355515328434576,38,0.0703125,16.0,16.22222222222222,128,20
14,uncertainty,3028,1.004199037530697,19,0.3828125,15.0,15.020408163265307,128,20
14,uncertainty,11234,0.5794144053278851,62,0.0234375,17.0,16.333333333333332,128,20
14,uncertainty,9193,0.4725914298403889,98,0.015625,18.5,18.5,128,20
14,uncertainty,3562,0.5583346531935107,64,0.015625,19.0,19.0,128,20
26,code,12545,2.7114501481726574,15,0.75,11.0,11.239583333333334,128,20
26,code,1794,3.1739316239918565,5,0.8984375,6.0,7.139130434782609,128,20
26,code,21251,2.794648496385471,10,0.8515625,11.0,11.385321100917432,128,20
26,code,12291,2.7935387836009116,11,0.7421875,10.0,10.221052631578948,128,20
26,code,1797,1.6437551049698216,43,0.0390625,18.0,18.4,128,20
26,code,27908,2.3398290698551483,20,0.3203125,17.0,16.75609756097561,128,20
26,code,4999,2.737141040651546,13,0.7421875,9.0,10.368421052631579,128,20
26,code,15620,1.6785966909144678,40,0.015625,18.5,18.5,128,20
26,code,21889,1.3408608986388328,58,0.0078125,20.0,20.0,128,20
26,code,22667,2.1677795254298764,25,0.3359375,15.0,14.790697674418604,128,20
26,code,1548,2.053919351065145,30,0.1015625,18.0,17.53846153846154,128,20
26,code,19342,2.2068029022575084,23,0.34375,15.5,15.090909090909092,128,20
26,code,9359,1.9428492127081318,33,0.1328125,17.0,16.235294117647058,128,20
26,code,5778,2.7361979813710713,14,0.90625,12.5,12.706896551724139,128,20
26,code,19346,0.9138499420037968,134,0.0078125,19.0,19.0,128,20
26,code,30996,1.231349517590619,70,0.015625,16.5,16.5,128,20
26,code,29590,2.3813818970747747,18,0.4921875,16.0,14.968253968253968,128,20
26,code,22809,1.5808214375881282,48,0.0078125,19.0,19.0,128,20
26,code,30106,1.0114917050269159,111,0.0078125,14.0,14.0,128,20
26,code,5659,2.3603713350051807,19,0.453125,16.0,15.672413793103448,128,20
26,code,28444,1.025816001021571,109,0.0078125,15.0,15.0,128,20
26,code,32669,3.245295823929264,4,1.0,5.0,6.046875,128,20
26,code,2716,2.189460271959499,24,0.203125,16.0,15.346153846153847,128,20
26,code,12060,1.623322758936859,46,0.0,nan,nan,128,20
26,code,13857,1.4966281757322504,49,0.0,nan,nan,128,20
26,code,12066,1.6765232562130514,41,0.03125,17.0,16.25,128,20
26,code,1317,2.058116603682287,28,0.125,17.0,16.875,128,20
26,code,29989,1.7315011046864657,38,0.0625,17.5,17.375,128,20
26,code,16039,1.41627380895645,53,0.03125,12.5,12.0,128,20
26,code,18217,1.8447962668493658,34,0.1171875,15.0,14.666666666666666,128,20
26,code,27817,2.09672652231436,26,0.2734375,15.0,15.17142857142857,128,20
26,code,20649,1.2029391233020423,77,0.015625,17.0,17.0,128,20
26,code,22958,1.626171374792292,45,0.0078125,20.0,20.0,128,20
26,code,26416,1.7275879378430834,39,0.1171875,18.0,16.8,128,20
26,code,31735,3.4586060476395235,2,0.9921875,3.0,4.15748031496063,128,20
26,code,22707,2.0222019365564967,32,0.203125,15.0,14.653846153846153,128,20
26,code,31925,2.980218470900738,7,0.9375,8.0,9.183333333333334,128,20
26,code,32185,1.820484868032591,35,0.0625,17.5,16.25,128,20
26,code,6330,2.2999632758956987,21,0.3828125,16.0,14.551020408163266,128,20
26,code,21306,1.7584127243209797,37,0.09375,15.5,13.916666666666666,128,20
26,code,11066,2.0915563184046015,27,0.21875,16.0,16.035714285714285,128,20
26,code,27895,1.1957109378343185,79,0.0078125,18.0,18.0,128,20
26,code,6463,0.9861771628876893,117,0.0078125,15.0,15.0,128,20
26,code,31808,2.888586906491651,8,0.90625,10.0,10.681034482758621,128,20
26,code,21186,3.3013103159928407,3,1.0,5.0,5.3515625,128,20
26,code,3524,2.056631819411312,29,0.2734375,13.0,12.628571428571428,128,20
26,code,4293,2.78606270929563,12,0.8203125,11.0,11.17142857142857,128,20
26,code,19655,4.144340073157907,1,1.0,1.0,1.171875,128,20
26,code,9166,2.859929513838745,9,0.8984375,10.0,10.147826086956522,128,20
26,code,20559,1.636971483018309,44,0.0625,16.5,15.5,128,20
26,code,30808,1.3264693880344784,59,0.0078125,18.0,18.0,128,20
26,code,9689,1.477954936904687,50,0.0546875,14.0,14.0,128,20
26,code,26329,1.3185773459456838,61,0.0078125,19.0,19.0,128,20
26,code,1372,2.6689207757415323,16,0.7109375,12.0,11.23076923076923,128,20
26,code,12514,2.9802580536175656,6,0.890625,8.0,8.24561403508772,128,20
26,code,13154,1.7666892592331822,36,0.0390625,18.0,18.6,128,20
26,code,11748,1.246412963297165,68,0.015625,19.5,19.5,128,20
26,code,24421,1.6155719836535043,47,0.0546875,14.0,14.0,128,20
26,code,16486,2.2393456755532157,22,0.359375,17.0,15.0,128,20
26,code,8166,1.1307103591217038,85,0.0078125,15.0,15.0,128,20
26,code,21866,2.433754991433719,17,0.5078125,14.0,13.215384615384615,128,20
26,code,8949,0.9468344331292983,122,0.0078125,20.0,20.0,128,20
26,code,30455,2.0485213727029894,31,0.296875,16.0,14.5,128,20
26,code,13178,1.6736170308635783,42,0.0078125,20.0,20.0,128,20
26,factual_entities,17664,1.8472879039129673,24,0.296875,16.0,15.078947368421053,128,20
26,factual_entities,1537,1.0751168750319593,82,0.0078125,19.0,19.0,128,20
26,factual_entities,9730,1.4540137471650738,45,0.0703125,17.0,15.222222222222221,128,20
26,factual_entities,16516,2.2538951706260053,15,0.7109375,13.0,13.637362637362637,128,20
26,factual_entities,27908,1.992596602275223,21,0.421875,17.0,16.666666666666668,128,20
26,factual_entities,16262,3.1189291687027705,4,1.0,4.0,5.109375,128,20
26,factual_entities,16005,1.2000939354390625,69,0.015625,16.0,16.0,128,20
26,factual_entities,25094,1.2062219467064155,68,0.015625,18.5,18.5,128,20
26,factual_entities,22795,1.3997295521703865,50,0.0,nan,nan,128,20
26,factual_entities,24588,2.8567838561803764,6,0.9921875,7.0,7.188976377952756,128,20
26,factual_entities,14223,1.6433141888937375,31,0.1484375,17.0,15.947368421052632,128,20
26,factual_entities,21520,1.5749911428430095,35,0.1640625,16.0,15.095238095238095,128,20
26,factual_entities,32145,1.24237630816781,66,0.03125,17.5,17.75,128,20
26,factual_entities,8083,2.1267741164853846,16,0.4609375,15.0,14.847457627118644,128,20
26,factual_entities,26515,1.3780002756657221,52,0.0078125,18.0,18.0,128,20
26,factual_entities,15124,1.2853319578178402,64,0.015625,19.0,19.0,128,20
26,factual_entities,18453,1.187741930340666,71,0.015625,19.0,19.0,128,20
26,factual_entities,919,1.3340981346892928,57,0.0390625,19.0,17.2,128,20
26,factual_entities,19996,1.3701149466029021,54,0.03125,16.5,16.75,128,20
26,factual_entities,4253,0.9691397071068145,98,0.0078125,20.0,20.0,128,20
26,factual_entities,31772,1.4714996575011432,41,0.0078125,19.0,19.0,128,20
26,factual_entities,27164,1.0098721726400706,88,0.0078125,15.0,15.0,128,20
26,factual_entities,26912,2.0406128101436196,20,0.3671875,18.0,17.21276595744681,128,20
26,factual_entities,8609,1.581491540067138,34,0.140625,16.0,15.0,128,20
26,factual_entities,27298,1.430003906306191,47,0.0703125,15.0,16.11111111111111,128,20
26,factual_entities,18078,1.4197806861433386,48,0.0390625,19.0,17.8,128,20
26,factual_entities,1317,1.5086067127099316,39,0.0,nan,nan,128,20
26,factual_entities,10538,0.9374680147942944,107,0.0078125,17.0,17.0,128,20
26,factual_entities,31659,2.7334759712414667,9,0.9140625,9.0,9.23076923076923,128,20
26,factual_entities,14124,2.0479803434474513,19,0.359375,12.0,12.608695652173912,128,20
26,factual_entities,22316,1.756406165414865,28,0.171875,15.0,14.727272727272727,128,20
26,factual_entities,8881,0.9801354974412928,96,0.015625,17.0,17.0,128,20
26,factual_entities,18871,1.3155566934733733,60,0.0078125,20.0,20.0,128,20
26,factual_entities,10040,3.1594257145989797,3,1.0,5.0,4.6484375,128,20
26,factual_entities,25665,1.401057234253417,49,0.0703125,18.0,16.555555555555557,128,20
26,factual_entities,195,2.2640600332576417,14,0.7578125,15.0,14.824742268041238,128,20
26,factual_entities,9030,2.371951027782298,11,0.6796875,11.0,10.919540229885058,128,20
26,factual_entities,18119,3.8080066830496615,1,1.0,1.0,1.4375,128,20
26,factual_entities,30023,1.461203617414212,43,0.078125,17.5,16.7,128,20
26,factual_entities,22602,0.8173563129985817,121,0.0078125,20.0,20.0,128,20
26,factual_entities,21579,2.337237003397178,13,0.7890625,13.0,13.198019801980198,128,20
26,factual_entities,8395,1.4758366073329723,40,0.09375,18.0,17.0,128,20
26,factual_entities,4302,1.9719032019406815,22,0.3515625,14.0,14.71111111111111,128,20
26,factual_entities,5967,1.4664619168653688,42,0.0546875,18.0,16.285714285714285,128,20
26,factual_entities,21710,1.1188647085504915,77,0.0078125,20.0,20.0,128,20
26,factual_entities,32631,1.5886164852437363,33,0.0859375,13.0,13.454545454545455,128,20
26,factual_entities,18510,1.6237100765597205,32,0.15625,15.0,14.7,128,20
26,factual_entities,3578,1.286972732150634,63,0.03125,17.5,17.25,128,20
26,factual_entities,29781,1.3146218736040252,61,0.0234375,12.0,13.0,128,20
26,factual_entities,8792,2.7400440491717712,8,0.9453125,8.0,8.429752066115702,128,20
26,factual_entities,19033,3.426551609420931,2,0.9921875,3.0,3.559055118110236,128,20
26,factual_entities,19546,0.9196734555545869,109,0.0078125,19.0,19.0,128,20
26,factual_entities,91,2.0877825606730123,18,0.4140625,13.0,13.377358490566039,128,20
26,factual_entities,21725,3.099574812624539,5,0.9921875,5.0,5.417322834645669,128,20
26,factual_entities,31709,1.5704857545043076,36,0.078125,15.5,15.1,128,20
26,factual_entities,16736,1.1714382686959637,73,0.0078125,20.0,20.0,128,20
26,factual_entities,9570,1.2062838411518915,67,0.015625,19.0,19.0,128,20
26,factual_entities,8166,2.4848847139174257,10,0.859375,10.5,10.936363636363636,128,20
26,factual_entities,25831,1.6631353110677691,30,0.1171875,16.0,16.666666666666668,128,20
26,factual_entities,26727,1.3878483485280122,51,0.0625,13.0,14.0,128,20
26,factual_entities,18667,0.9388572106662666,105,0.0078125,16.0,16.0,128,20
26,factual_entities,3949,1.3779333865371244,53,0.0703125,17.0,15.0,128,20
26,factual_entities,28526,1.460052474068633,44,0.0703125,19.0,18.0,128,20
26,factual_entities,18927,1.8233355564394333,25,0.2578125,17.0,15.848484848484848,128,20
26,factual_entities,239,1.5248334806391164,38,0.0546875,18.0,17.428571428571427,128,20
26,factual_entities,10350,1.5291940051171928,37,0.1171875,14.0,13.733333333333333,128,20
26,factual_entities,31986,2.0909644713810067,17,0.5078125,14.0,14.338461538461539,128,20
26,factual_entities,12531,2.8057460581619145,7,0.9921875,8.0,8.496062992125983,128,20
26,factual_entities,2670,1.8672609978309518,23,0.265625,15.0,14.676470588235293,128,20
26,factual_entities,26613,1.7627593598701445,26,0.171875,13.5,14.090909090909092,128,20
26,factual_entities,370,1.020694356329367,86,0.0234375,18.0,18.333333333333332,128,20
26,factual_entities,13303,2.350915028109068,12,0.71875,11.5,11.554347826086957,128,20
26,factual_entities,8824,1.4427048313414066,46,0.0625,19.0,16.125,128,20
26,factual_entities,29178,1.699859330266142,29,0.234375,15.0,14.6,128,20
26,factual_entities,23163,1.761762025485674,27,0.1484375,18.0,16.0,128,20
26,factual_entities,9727,1.3382726292593752,56,0.0546875,17.0,16.714285714285715,128,20
26,german_language,15237,4.86194346529327,16,0.8515625,16.0,16.091743119266056,128,20
26,german_language,13061,3.890658236170646,36,0.046875,19.5,19.0,128,20
26,german_language,30991,3.011895233311679,60,0.0078125,20.0,20.0,128,20
26,german_language,785,3.847836771698845,38,0.0546875,19.0,18.857142857142858,128,20
26,german_language,17302,3.418936218230342,49,0.0,nan,nan,128,20
26,german_language,24215,7.4449505572502,1,1.0,1.0,1.0,128,20
26,german_language,11161,4.16550866039603,28,0.1328125,18.0,17.88235294117647,128,20
26,german_language,3867,5.532171542269049,9,1.0,10.0,10.0703125,128,20
26,german_language,25500,5.334574352987625,12,0.9375,11.0,11.025,128,20
26,german_language,24347,4.297283661507842,21,0.171875,18.0,18.181818181818183,128,20
26,german_language,12831,3.426526893685471,48,0.0,nan,nan,128,20
26,german_language,7203,3.9443876345144364,34,0.0625,18.0,17.875,128,20
26,german_language,3364,4.8202677584732045,17,0.765625,16.0,15.806122448979592,128,20
26,german_language,6563,3.4574334321528704,46,0.0234375,16.0,17.0,128,20
26,german_language,30375,3.8703165604814114,37,0.0703125,19.0,19.11111111111111,128,20
26,german_language,9004,5.284961900160626,13,1.0,13.0,12.78125,128,20
26,german_language,22703,4.323918046088895,20,0.2265625,18.0,18.03448275862069,128,20
26,german_language,7601,4.181719404447034,27,0.1484375,17.0,16.263157894736842,128,20
26,german_language,1202,4.92437282102452,14,0.8515625,16.0,15.623853211009175,128,20
26,german_language,21171,3.9246646716371085,35,0.0625,19.5,18.5,128,20
26,german_language,6837,3.7894529820405722,39,0.0078125,19.0,19.0,128,20
26,german_language,21688,3.7180236961694955,40,0.046875,19.0,19.0,128,20
26,german_language,29501,5.477197934846799,11,1.0,10.0,10.3984375,128,20
26,german_language,24126,5.677883985956695,7,1.0,8.0,7.796875,128,20
26,german_language,5695,5.491764821011313,10,1.0,10.0,10.015625,128,20
26,german_language,26815,3.660679119392834,43,0.0,nan,nan,128,20
26,german_language,12607,3.404108991638393,50,0.0,nan,nan,128,20
26,german_language,12233,3.57125226057559,44,0.015625,20.0,20.0,128,20
26,german_language,20302,3.4346748614390252,47,0.0078125,20.0,20.0,128,20
26,german_language,14674,6.284979186398986,2,1.0,2.0,2.203125,128,20
26,german_language,15442,4.016939223406097,30,0.1171875,19.0,17.8,128,20
26,german_language,15571,4.11334692962201,29,0.1171875,19.0,18.133333333333333,128,20
26,german_language,14169,4.241328606082381,23,0.2109375,18.0,17.25925925925926,128,20
26,german_language,1374,4.222261263784521,25,0.1640625,18.0,17.571428571428573,128,20
26,german_language,31199,5.728599730138875,6,1.0,7.0,7.25,128,20
26,german_language,19041,3.3416670270531554,51,0.015625,19.0,19.0,128,20
26,german_language,10850,4.192597248768732,26,0.1328125,17.0,17.58823529411765,128,20
26,german_language,5094,4.000204160589737,31,0.1484375,19.0,18.57894736842105,128,20
26,german_language,15080,3.9875986433182016,33,0.0859375,18.0,18.272727272727273,128,20
26,german_language,27241,5.632610055234647,8,1.0,8.0,8.5625,128,20
26,german_language,14570,5.934646956528828,5,1.0,5.0,5.09375,128,20
26,german_language,15083,6.239126641461649,3,1.0,3.0,2.90625,128,20
26,german_language,2923,4.262924879457471,22,0.296875,17.0,16.973684210526315,128,20
26,german_language,11117,4.893124913562746,15,0.84375,16.0,15.61111111111111,128,20
26,german_language,21742,6.114131875397524,4,1.0,4.0,3.8984375,128,20
26,german_language,7790,4.240515858712165,24,0.1796875,18.0,17.73913043478261,128,20
26,german_language,32489,3.5658056847830446,45,0.0,nan,nan,128,20
26,german_language,17265,4.000180231186533,32,0.125,19.5,18.6875,128,20
26,german_language,30962,3.6640388842832077,42,0.0078125,18.0,18.0,128,20
26,german_language,31475,4.6015225807918565,19,0.484375,16.0,15.709677419354838,128,20
26,german_language,14329,4.614331524503053,18,0.53125,17.0,16.941176470588236,128,20
26,german_language,27773,3.703288461335914,41,0.046875,17.0,17.0,128,20
26,mathematics,27908,3.32088868136932,8,0.9765625,10.0,10.592,128,20
26,mathematics,27652,2.4425378865365235,33,0.234375,16.0,15.733333333333333,128,20
26,mathematics,22280,3.140153754848951,10,0.8125,11.0,10.875,128,20
26,mathematics,27785,2.073220776538448,49,0.0546875,19.0,18.0,128,20
26,mathematics,12177,5.168914511867268,1,1.0,1.0,1.0,128,20
26,mathematics,29713,2.1860372139963773,43,0.0703125,17.0,16.333333333333332,128,20
26,mathematics,7314,1.8148974959179491,61,0.0234375,19.0,16.333333333333332,128,20
26,mathematics,31124,1.9571587907834602,51,0.0078125,20.0,20.0,128,20
26,mathematics,25242,1.5882389894449964,77,0.015625,14.5,14.5,128,20
26,mathematics,30744,4.048646680424899,3,1.0,3.0,3.765625,128,20
26,mathematics,1433,2.599954619568633,28,0.2421875,16.0,15.225806451612904,128,20
26,mathematics,30618,2.1842253638065268,44,0.015625,15.0,15.0,128,20
26,mathematics,30106,2.538914979112559,31,0.2578125,13.0,12.424242424242424,128,20
26,mathematics,31772,2.861846116212038,16,0.5390625,15.0,15.028985507246377,128,20
26,mathematics,12060,4.111289349841295,2,1.0,3.0,3.140625,128,20
26,mathematics,26778,2.5465927010845206,30,0.1953125,17.0,16.04,128,20
26,mathematics,18334,2.9607150603799703,15,0.5,13.0,12.96875,128,20
26,mathematics,19610,2.445368308612869,32,0.171875,16.0,16.0,128,20
26,mathematics,14618,2.4248627035652897,34,0.1484375,18.0,17.05263157894737,128,20
26,mathematics,671,1.7472063602597354,66,0.0078125,15.0,15.0,128,20
26,mathematics,5917,1.7663322538930764,64,0.0078125,11.0,11.0,128,20
26,mathematics,548,2.189802115640849,42,0.0703125,16.0,15.333333333333334,128,20
26,mathematics,2597,3.9813381132302736,4,1.0,3.0,3.78125,128,20
26,mathematics,1317,2.6831449383628505,21,0.296875,17.0,16.42105263157895,128,20
26,mathematics,6445,2.6345713018174592,26,0.2578125,15.0,14.878787878787879,128,20
26,mathematics,31407,2.418956771659068,35,0.109375,15.5,14.0,128,20
26,mathematics,12336,1.8365641185011912,59,0.0078125,20.0,20.0,128,20
26,mathematics,6322,3.6224661841195904,5,1.0,6.0,6.9140625,128,20
26,mathematics,21556,1.6765110870468853,74,0.0078125,19.0,19.0,128,20
26,mathematics,12855,2.821968162935348,17,0.4609375,13.0,13.169491525423728,128,20
26,mathematics,19769,2.2681077920073176,39,0.0703125,14.0,14.11111111111111,128,20
26,mathematics,10171,3.0625946450138537,11,0.640625,10.0,10.804878048780488,128,20
26,mathematics,7099,2.1351788233164446,47,0.09375,19.0,18.333333333333332,128,20
26,mathematics,16706,1.773071926885711,63,0.0078125,15.0,15.0,128,20
26,mathematics,20931,2.7394716307395504,19,0.390625,14.5,14.14,128,20
26,mathematics,6731,2.333921729686213,38,0.0625,15.5,15.375,128,20
26,mathematics,23294,2.7456090614524484,18,0.4296875,15.0,14.254545454545454,128,20
26,mathematics,11159,1.6303590490000357,76,0.0078125,15.0,15.0,128,20
26,mathematics,24658,2.2631977783572994,40,0.0859375,17.0,15.727272727272727,128,20
26,mathematics,23251,3.2309515671472515,9,0.9375,11.0,11.083333333333334,128,20
26,mathematics,11347,3.4309942347758398,7,0.953125,8.0,8.87704918032787,128,20
26,mathematics,12373,2.7123230326606245,20,0.3984375,15.0,14.450980392156863,128,20
26,mathematics,14294,2.616956378862756,27,0.3046875,16.0,15.487179487179487,128,20
26,mathematics,16211,2.657631884134372,24,0.296875,15.0,14.078947368421053,128,20
26,mathematics,1748,1.9337325302547124,53,0.0234375,18.0,15.0,128,20
26,mathematics,27479,2.10760634219998,48,0.0625,16.5,16.75,128,20
26,mathematics,9947,2.0209891762117924,50,0.015625,16.5,16.5,128,20
26,mathematics,30813,3.0583198362894746,13,0.703125,11.5,11.955555555555556,128,20
26,mathematics,17119,2.261383223829792,41,0.09375,15.0,15.166666666666666,128,20
26,mathematics,15970,2.9920578744889808,14,0.6640625,14.0,14.011764705882353,128,20
26,mathematics,13798,2.65828362758797,23,0.3828125,15.0,14.306122448979592,128,20
26,mathematics,8040,1.9396081460125385,52,0.0078125,18.0,18.0,128,20
26,mathematics,15852,3.5116589350496357,6,0.9765625,7.0,8.312,128,20
26,mathematics,4972,2.6442642609008766,25,0.359375,13.0,13.41304347826087,128,20
26,mathematics,21358,3.062210471015747,12,0.6953125,11.0,11.617977528089888,128,20
26,mathematics,20079,2.1731857846268525,45,0.0234375,17.0,17.666666666666668,128,20
26,mathematics,21360,2.397651290368104,36,0.140625,18.0,16.61111111111111,128,20
26,mathematics,23149,1.2522650593392868,102,0.0078125,20.0,20.0,128,20
26,mathematics,16025,0.9429944957060681,149,0.0078125,18.0,18.0,128,20
26,mathematics,6126,1.7732277927363382,62,0.0078125,20.0,20.0,128,20
26,mathematics,21750,2.3457922263807114,37,0.109375,15.5,13.571428571428571,128,20
26,mathematics,26103,2.1449867807977094,46,0.0546875,16.0,14.857142857142858,128,20
26,mathematics,1020,2.593063600817191,29,0.2265625,16.0,15.172413793103448,128,20
26,mathematics,14462,2.672509614682893,22,0.265625,15.0,14.735294117647058,128,20
26,negative_sentiment,4616,0.9378018420803468,95,0.015625,18.5,18.5,128,20
26,negative_sentiment,12297,0.9626531082173766,88,0.015625,17.0,17.0,128,20
26,negative_sentiment,2060,0.9572799927169096,91,0.0078125,16.0,16.0,128,20
26,negative_sentiment,20494,1.227847040047634,62,0.015625,16.5,16.5,128,20
26,negative_sentiment,11290,3.7443069682008736,1,1.0,1.0,1.765625,128,20
26,negative_sentiment,28188,1.4879318994460755,40,0.1015625,17.0,16.384615384615383,128,20
26,negative_sentiment,20509,1.387545196052897,51,0.0390625,17.0,16.4,128,20
26,negative_sentiment,27169,1.2894919555822557,58,0.0703125,14.0,14.666666666666666,128,20
26,negative_sentiment,554,1.3254787996280217,56,0.046875,10.5,13.333333333333334,128,20
26,negative_sentiment,3627,1.5154035129672547,38,0.1171875,15.0,15.0,128,20
26,negative_sentiment,24111,2.5346104103288103,7,0.8203125,10.0,9.685714285714285,128,20
26,negative_sentiment,13362,1.849767508194729,25,0.2421875,18.0,16.70967741935484,128,20
26,negative_sentiment,18504,1.2254092864197688,63,0.0390625,14.0,15.4,128,20
26,negative_sentiment,12886,1.994489762012485,21,0.421875,13.5,13.981481481481481,128,20
26,negative_sentiment,113,1.1049133842720336,72,0.0078125,9.0,9.0,128,20
26,negative_sentiment,23159,0.9830491736141206,86,0.0078125,10.0,10.0,128,20
26,negative_sentiment,4740,2.01506528797979,18,0.4609375,15.0,14.864406779661017,128,20
26,negative_sentiment,13958,1.1888404400257309,65,0.0078125,13.0,13.0,128,20
26,negative_sentiment,25737,1.514522987450883,39,0.1484375,14.0,13.894736842105264,128,20
26,negative_sentiment,9366,3.220845380918942,3,0.9921875,3.0,4.6299212598425195,128,20
26,negative_sentiment,26266,2.01486553018742,19,0.4140625,17.0,15.924528301886792,128,20
26,negative_sentiment,20634,1.2675551965345804,59,0.0078125,19.0,19.0,128,20
26,negative_sentiment,16549,1.4151009785944528,47,0.09375,16.5,15.583333333333334,128,20
26,negative_sentiment,16040,1.4440491307150645,43,0.015625,16.0,16.0,128,20
26,negative_sentiment,4779,2.4508343057438444,11,0.796875,9.0,8.862745098039216,128,20
26,negative_sentiment,25776,2.474098566124999,10,0.8671875,10.0,9.801801801801801,128,20
26,negative_sentiment,18615,0.5771883649414496,165,0.0078125,20.0,20.0,128,20
26,negative_sentiment,27835,0.7275176721791939,125,0.0078125,18.0,18.0,128,20
26,negative_sentiment,27837,3.6619114833314246,2,1.0,2.0,1.9296875,128,20
26,negative_sentiment,8394,0.950963127361789,93,0.03125,16.0,16.25,128,20
26,negative_sentiment,31950,1.994636974937497,20,0.4140625,13.0,13.150943396226415,128,20
26,negative_sentiment,15570,0.8067615798794507,113,0.0078125,17.0,17.0,128,20
26,negative_sentiment,18140,1.3938320266607773,50,0.03125,18.0,17.75,128,20
26,negative_sentiment,28385,1.5169449377518678,37,0.046875,19.0,18.833333333333332,128,20
26,negative_sentiment,16111,2.064591727151172,17,0.4453125,14.0,13.421052631578947,128,20
26,negative_sentiment,21745,1.1870445333940036,66,0.0390625,16.0,15.6,128,20
26,negative_sentiment,25339,1.9720318154095056,22,0.3828125,15.0,14.612244897959183,128,20
26,negative_sentiment,30461,1.8237954325890229,26,0.3046875,16.0,14.794871794871796,128,20
26,negative_sentiment,4863,1.9456991677409234,23,0.4296875,13.0,13.072727272727272,128,20
26,negative_sentiment,29445,1.4102272245377354,48,0.03125,12.0,12.0,128,20
26,negative_sentiment,13579,1.147100073643788,69,0.0234375,10.0,10.666666666666666,128,20
26,negative_sentiment,15128,1.8000435125924135,27,0.2421875,16.0,15.03225806451613,128,20
26,negative_sentiment,21281,2.5080155977085337,9,0.8828125,9.0,9.56637168141593,128,20
26,negative_sentiment,16162,2.078498017557237,16,0.5234375,15.0,15.26865671641791,128,20
26,negative_sentiment,6437,1.1781503797943225,67,0.0390625,17.0,16.4,128,20
26,negative_sentiment,17195,2.087470257747163,15,0.5390625,14.0,13.318840579710145,128,20
26,negative_sentiment,21809,0.8715906287182233,103,0.015625,15.5,15.5,128,20
26,negative_sentiment,24375,1.4327836352302075,44,0.0625,15.5,14.375,128,20
26,negative_sentiment,25913,1.6319285010893025,30,0.1328125,14.0,13.529411764705882,128,20
26,negative_sentiment,838,1.339321550006926,55,0.0234375,16.0,16.666666666666668,128,20
26,negative_sentiment,31559,0.698967131663589,131,0.0078125,20.0,20.0,128,20
26,negative_sentiment,846,2.793655596487972,5,0.984375,6.0,7.063492063492063,128,20
26,negative_sentiment,32594,2.5171868864033873,8,0.859375,9.0,9.354545454545455,128,20
26,negative_sentiment,2898,1.235475331467686,61,0.0390625,17.0,16.8,128,20
26,negative_sentiment,2388,2.781396962531384,6,0.9609375,6.0,7.211382113821138,128,20
26,negative_sentiment,18772,1.2414340417816614,60,0.03125,15.5,16.0,128,20
26,negative_sentiment,5974,1.5996835369224651,31,0.140625,16.0,15.88888888888889,128,20
26,negative_sentiment,25431,1.5568979124213007,33,0.09375,17.5,16.083333333333332,128,20
26,negative_sentiment,4949,1.198345024019782,64,0.0078125,13.0,13.0,128,20
26,negative_sentiment,13665,2.1261799150038914,14,0.578125,13.0,12.378378378378379,128,20
26,negative_sentiment,17256,1.7003444510321108,28,0.1875,15.5,15.083333333333334,128,20
26,negative_sentiment,369,1.4067143743462487,49,0.078125,17.5,16.0,128,20
26,negative_sentiment,18802,0.6324132122791268,153,0.0078125,20.0,20.0,128,20
26,negative_sentiment,16243,1.420980082673855,45,0.078125,15.5,14.6,128,20
26,negative_sentiment,20342,1.522967323222051,35,0.0078125,20.0,20.0,128,20
26,negative_sentiment,10105,1.4161955790293657,46,0.0,nan,nan,128,20
26,negative_sentiment,8590,1.5218781247536215,36,0.1328125,16.0,15.764705882352942,128,20
26,negative_sentiment,4494,1.6887752522944994,29,0.1484375,15.0,14.578947368421053,128,20
26,negative_sentiment,26512,2.843269493572105,4,0.96875,6.0,7.112903225806452,128,20
26,negative_sentiment,5008,1.474220034952771,41,0.1171875,18.0,16.333333333333332,128,20
26,negative_sentiment,6547,2.285330718563151,12,0.75,12.0,11.760416666666666,128,20
26,negative_sentiment,23960,2.208359317805371,13,0.6875,13.0,13.079545454545455,128,20
26,negative_sentiment,3494,0.9307996544516816,96,0.0234375,17.0,15.0,128,20
26,negative_sentiment,28089,1.06222455785931,77,0.0078125,19.0,19.0,128,20
26,negative_sentiment,15809,1.4597452487381855,42,0.03125,19.0,17.75,128,20
26,negative_sentiment,18884,1.1325974957296088,70,0.0078125,15.0,15.0,128,20
26,negative_sentiment,32204,1.5945422038385295,32,0.1015625,16.0,16.076923076923077,128,20
26,negative_sentiment,29157,1.3551697733720707,54,0.0234375,19.0,18.0,128,20
26,negative_sentiment,26095,1.5388865329530241,34,0.0859375,17.0,16.09090909090909,128,20
26,negative_sentiment,13296,1.93196728509824,24,0.375,15.0,14.604166666666666,128,20
26,negative_sentiment,18418,1.3636155477012248,52,0.0390625,18.0,17.4,128,20
26,positive_sentiment,4616,1.3361487707543613,50,0.046875,18.0,18.333333333333332,128,20
26,positive_sentiment,12297,1.4206090545551555,39,0.1015625,15.0,14.846153846153847,128,20
26,positive_sentiment,12813,1.9977120373899875,21,0.375,14.0,13.979166666666666,128,20
26,positive_sentiment,28188,2.2679319325011402,13,0.703125,12.0,12.255555555555556,128,20
26,positive_sentiment,20509,0.6688739381819575,142,0.0078125,20.0,20.0,128,20
26,positive_sentiment,24605,1.002607280432258,87,0.0234375,18.0,17.666666666666668,128,20
26,positive_sentiment,3627,1.388625371979753,41,0.109375,12.5,14.142857142857142,128,20
26,positive_sentiment,13362,1.776159382072355,29,0.1953125,16.0,15.96,128,20
26,positive_sentiment,29766,1.3483272625157394,49,0.0546875,15.0,14.714285714285714,128,20
26,positive_sentiment,4169,1.3634723498744339,47,0.0390625,16.0,17.2,128,20
26,positive_sentiment,20565,1.1344039560790444,66,0.0078125,20.0,20.0,128,20
26,positive_sentiment,11350,0.9413154181738596,93,0.0078125,20.0,20.0,128,20
26,positive_sentiment,24154,1.8704072280102,23,0.296875,12.5,12.68421052631579,128,20
26,positive_sentiment,4740,1.8390126878594009,26,0.2890625,15.0,14.324324324324325,128,20
26,positive_sentiment,25737,1.0182865157231773,82,0.015625,17.0,17.0,128,20
26,positive_sentiment,20634,1.2266601377270345,57,0.0234375,19.0,18.666666666666668,128,20
26,positive_sentiment,8859,1.234873231607855,55,0.03125,15.5,14.5,128,20
26,positive_sentiment,26266,1.1992181143122436,58,0.015625,19.5,19.5,128,20
26,positive_sentiment,2214,1.318430365143784,53,0.046875,19.0,17.333333333333332,128,20
26,positive_sentiment,16040,1.3722566505722162,44,0.0625,15.5,15.875,128,20
26,positive_sentiment,17578,1.0391413530321836,79,0.0078125,20.0,20.0,128,20
26,positive_sentiment,25776,2.7156771023374437,6,0.9296875,8.0,9.058823529411764,128,20
26,positive_sentiment,20144,2.0067167184651806,19,0.4140625,12.0,11.981132075471699,128,20
26,positive_sentiment,23218,2.8315139141970103,5,0.9765625,6.0,6.96,128,20
26,positive_sentiment,27835,1.3762915080439977,43,0.09375,16.0,15.833333333333334,128,20
26,positive_sentiment,28352,0.8344344471081833,112,0.0078125,16.0,16.0,128,20
26,positive_sentiment,19652,1.3582753780689538,48,0.0078125,20.0,20.0,128,20
26,positive_sentiment,31950,2.0378253580951324,18,0.546875,14.0,13.457142857142857,128,20
26,positive_sentiment,9424,4.020156475353318,1,1.0,1.0,1.421875,128,20
26,positive_sentiment,20691,1.1368251031097556,65,0.0078125,16.0,16.0,128,20
26,positive_sentiment,2259,0.6542760066357063,149,0.0078125,18.0,18.0,128,20
26,positive_sentiment,21211,2.545361926446917,8,0.796875,10.5,10.754901960784315,128,20
26,positive_sentiment,18140,1.3334552870854899,51,0.0390625,18.0,17.6,128,20
26,positive_sentiment,8428,2.0822219923901413,17,0.546875,11.5,11.414285714285715,128,20
26,positive_sentiment,30461,2.1955393313356275,15,0.5859375,11.0,11.226666666666667,128,20
26,positive_sentiment,4863,1.4476981074622868,37,0.046875,19.0,18.666666666666668,128,20
26,positive_sentiment,29445,2.3329657771780674,10,0.671875,11.0,11.825581395348838,128,20
26,positive_sentiment,14605,1.9999544253348416,20,0.4453125,14.0,13.666666666666666,128,20
26,positive_sentiment,30479,2.119879726890222,16,0.6484375,13.0,12.108433734939759,128,20
26,positive_sentiment,22287,0.9267954031714963,96,0.0078125,19.0,19.0,128,20
26,positive_sentiment,787,0.9705517452836815,90,0.0078125,17.0,17.0,128,20
26,positive_sentiment,16155,2.7041154159943077,7,0.9375,8.5,8.95,128,20
26,positive_sentiment,1819,0.7790885620809676,126,0.0078125,13.0,13.0,128,20
26,positive_sentiment,21281,2.4431912567300107,9,0.796875,11.0,11.696078431372548,128,20
26,positive_sentiment,16162,1.7766703685498988,28,0.140625,18.5,18.333333333333332,128,20
26,positive_sentiment,25899,2.2713279802026083,12,0.65625,11.5,11.511904761904763,128,20
26,positive_sentiment,2347,1.0706237569016737,72,0.0078125,16.0,16.0,128,20
26,positive_sentiment,21809,1.1804250985880196,60,0.046875,16.5,16.666666666666668,128,20
26,positive_sentiment,2880,1.0073222235192942,86,0.015625,15.0,15.0,128,20
26,positive_sentiment,27459,1.3701583445951697,45,0.046875,17.5,14.833333333333334,128,20
26,positive_sentiment,23365,1.2303741544992917,56,0.0078125,16.0,16.0,128,20
26,positive_sentiment,846,2.2114421513136038,14,0.671875,13.0,12.604651162790697,128,20
26,positive_sentiment,18772,1.0359315276269117,80,0.0078125,16.0,16.0,128,20
26,positive_sentiment,19802,1.0765414006512282,71,0.0078125,8.0,8.0,128,20
26,positive_sentiment,9563,1.045307118164152,77,0.0078125,14.0,14.0,128,20
26,positive_sentiment,27482,0.994403029717844,89,0.0078125,14.0,14.0,128,20
26,positive_sentiment,369,1.3666820935276038,46,0.0546875,18.0,16.857142857142858,128,20
26,positive_sentiment,18802,1.5136848727875252,36,0.1328125,18.0,17.41176470588235,128,20
26,positive_sentiment,13683,1.0863700934314362,70,0.015625,18.5,18.5,128,20
26,positive_sentiment,20342,1.676001359784625,31,0.0234375,19.0,19.0,128,20
26,positive_sentiment,10621,1.9360116140946193,22,0.34375,15.0,14.636363636363637,128,20
26,positive_sentiment,4484,1.8624190945716312,25,0.28125,16.0,16.333333333333332,128,20
26,positive_sentiment,3469,1.7707700513542863,30,0.3203125,14.0,14.024390243902438,128,20
26,positive_sentiment,4494,1.417590398638232,40,0.078125,19.0,17.9,128,20
26,positive_sentiment,8590,1.5331374478341182,33,0.0234375,16.0,16.333333333333332,128,20
26,positive_sentiment,5008,1.3053833974709899,54,0.0390625,19.0,19.2,128,20
26,positive_sentiment,7569,1.8653567094422023,24,0.3828125,15.0,14.306122448979592,128,20
26,positive_sentiment,6547,3.175825605339788,4,1.0,4.0,4.8359375,128,20
26,positive_sentiment,17813,1.046458135648731,76,0.015625,19.5,19.5,128,20
26,positive_sentiment,19361,0.850276949418471,106,0.0078125,19.0,19.0,128,20
26,positive_sentiment,932,1.015585774238119,84,0.0078125,17.0,17.0,128,20
26,positive_sentiment,3494,1.383969397393795,42,0.1015625,16.0,16.076923076923077,128,20
26,positive_sentiment,28089,0.9961354897688368,88,0.0078125,14.0,14.0,128,20
26,positive_sentiment,15809,1.4382669130984558,38,0.0390625,19.0,18.4,128,20
26,positive_sentiment,18884,1.1529166849585668,64,0.0078125,17.0,17.0,128,20
26,positive_sentiment,456,1.3222931401683622,52,0.03125,13.5,13.75,128,20
26,positive_sentiment,32713,1.804924112368636,27,0.296875,16.0,15.263157894736842,128,20
26,positive_sentiment,6612,1.6326292984276582,32,0.21875,16.0,14.714285714285714,128,20
26,positive_sentiment,29157,1.5267270380467644,34,0.09375,14.0,14.083333333333334,128,20
26,positive_sentiment,10732,3.225355621146601,3,1.0,4.0,4.5,128,20
26,positive_sentiment,26095,1.5218660397980233,35,0.1171875,16.0,16.333333333333332,128,20
26,positive_sentiment,18418,3.8252811677617315,2,1.0,2.0,1.984375,128,20
26,positive_sentiment,12279,2.3028378159184175,11,0.7421875,12.0,11.48421052631579,128,20
26,uncertainty,16898,1.3614855114129292,70,0.0234375,14.0,14.333333333333334,128,20
26,uncertainty,2054,1.971930036530993,23,0.328125,11.0,11.404761904761905,128,20
26,uncertainty,26630,1.4658826059962817,57,0.0078125,19.0,19.0,128,20
26,uncertainty,19982,1.9500365835348126,25,0.28125,14.0,13.722222222222221,128,20
26,uncertainty,16413,1.0627902250326322,110,0.0078125,17.0,17.0,128,20
26,uncertainty,30757,1.5799958476950382,49,0.0390625,16.0,16.4,128,20
26,uncertainty,20005,1.8681218747618564,31,0.0078125,17.0,17.0,128,20
26,uncertainty,7724,1.4883970500901416,52,0.1015625,16.0,14.384615384615385,128,20
26,uncertainty,14381,1.591490540682695,48,0.0859375,19.0,16.636363636363637,128,20
26,uncertainty,3628,1.743578571224382,36,0.1640625,16.0,15.952380952380953,128,20
26,uncertainty,12336,2.196958931904751,18,0.390625,15.0,14.52,128,20
26,uncertainty,24123,1.1496362162594358,94,0.0078125,15.0,15.0,128,20
26,uncertainty,2150,1.6146060093706154,45,0.09375,14.5,15.166666666666666,128,20
26,uncertainty,30823,2.6720818776350486,9,0.8203125,10.0,9.666666666666666,128,20
26,uncertainty,32366,2.6649785096924212,10,0.8984375,9.0,10.017391304347827,128,20
26,uncertainty,631,1.8766525198761,30,0.1640625,17.0,15.619047619047619,128,20
26,uncertainty,28289,1.4205567130319992,61,0.015625,19.5,19.5,128,20
26,uncertainty,22150,1.0716513420557532,108,0.0078125,17.0,17.0,128,20
26,uncertainty,8331,1.338327491252879,73,0.0546875,17.0,14.857142857142858,128,20
26,uncertainty,3724,2.769669866416801,5,0.8359375,9.0,9.598130841121495,128,20
26,uncertainty,14476,0.9738958836304565,127,0.0078125,15.0,15.0,128,20
26,uncertainty,20107,0.9656054494415421,129,0.0078125,20.0,20.0,128,20
26,uncertainty,25231,1.4749913653611786,56,0.0546875,16.0,15.428571428571429,128,20
26,uncertainty,1165,1.1646547405977892,91,0.0078125,15.0,15.0,128,20
26,uncertainty,25745,0.8734217272418906,151,0.0078125,15.0,15.0,128,20
26,uncertainty,24214,1.9214265036553198,26,0.2578125,14.0,13.424242424242424,128,20
26,uncertainty,11935,1.3201011615472422,74,0.0234375,19.0,18.666666666666668,128,20
26,uncertainty,6819,1.56339378391197,51,0.0859375,10.0,12.363636363636363,128,20
26,uncertainty,29351,1.6526963965998707,42,0.1171875,13.0,13.6,128,20
26,uncertainty,21166,1.65108095046115,43,0.109375,15.0,13.928571428571429,128,20
26,uncertainty,18606,1.3975145639726883,65,0.015625,19.5,19.5,128,20
26,uncertainty,14006,2.5685200475050842,12,0.6953125,9.0,10.067415730337078,128,20
26,uncertainty,24246,1.480596516674457,55,0.0546875,15.0,16.571428571428573,128,20
26,uncertainty,7863,1.1830400598317312,87,0.0078125,20.0,20.0,128,20
26,uncertainty,31423,2.7007669683226028,8,0.8984375,8.0,8.539130434782608,128,20
26,uncertainty,1215,2.4087751207193975,13,0.6015625,10.0,11.064935064935066,128,20
26,uncertainty,8386,2.7093362338930627,7,0.890625,8.0,9.43859649122807,128,20
26,uncertainty,25800,1.2115877602651566,82,0.0078125,19.0,19.0,128,20
26,uncertainty,30924,1.7679447560582553,35,0.0546875,17.0,15.857142857142858,128,20
26,uncertainty,9431,2.276770375272512,16,0.4921875,14.0,13.555555555555555,128,20
26,uncertainty,21734,1.404049624626175,62,0.0078125,19.0,19.0,128,20
26,uncertainty,7914,1.253117424415154,77,0.0078125,16.0,16.0,128,20
26,uncertainty,9453,2.060124225857595,20,0.296875,16.5,15.368421052631579,128,20
26,uncertainty,9462,4.258446098266508,2,1.0,2.0,1.78125,128,20
26,uncertainty,9464,1.1872058305734936,85,0.0078125,17.0,17.0,128,20
26,uncertainty,22780,0.9967501924490276,117,0.0078125,17.0,17.0,128,20
26,uncertainty,6917,1.4808975610518877,54,0.0703125,19.0,18.22222222222222,128,20
26,uncertainty,26374,2.6616470890848785,11,0.9140625,9.0,9.735042735042734,128,20
26,uncertainty,7953,1.398825160381809,64,0.0078125,20.0,20.0,128,20
26,uncertainty,13605,1.0788151367269452,104,0.0078125,18.0,18.0,128,20
26,uncertainty,28460,1.980690156555672,22,0.2734375,14.0,14.571428571428571,128,20
26,uncertainty,7990,1.0068958969553463,115,0.015625,15.0,15.0,128,20
26,uncertainty,29495,3.113538966454469,3,0.984375,4.0,6.2936507936507935,128,20
26,uncertainty,1338,2.3007705550183917,15,0.5390625,12.0,11.478260869565217,128,20
26,uncertainty,12604,1.4032962638614739,63,0.0234375,15.0,14.333333333333334,128,20
26,uncertainty,21312,1.2621862776285508,76,0.03125,13.0,12.75,128,20
26,uncertainty,4433,1.6725800516332618,39,0.046875,18.5,18.0,128,20
26,uncertainty,18772,2.30486911580095,14,0.6015625,11.0,11.246753246753247,128,20
26,uncertainty,25950,2.0223839241530515,21,0.375,16.0,15.020833333333334,128,20
26,uncertainty,11619,1.7979483486009624,34,0.140625,14.0,14.0,128,20
26,uncertainty,26984,1.865536041741478,32,0.2109375,17.0,15.851851851851851,128,20
26,uncertainty,23402,2.267753225321221,17,0.546875,15.0,14.742857142857142,128,20
26,uncertainty,24431,1.1652494116620296,90,0.0078125,18.0,18.0,128,20
26,uncertainty,31603,1.881396044119331,29,0.203125,15.0,14.307692307692308,128,20
26,uncertainty,10105,1.6702943483390083,40,0.0,nan,nan,128,20
26,uncertainty,13178,1.4539797810189075,59,0.03125,19.0,18.5,128,20
26,uncertainty,29563,1.482113959325815,53,0.0078125,10.0,10.0,128,20
26,uncertainty,29570,1.6571404796881715,41,0.078125,13.5,14.3,128,20
26,uncertainty,10126,0.9771561907095337,126,0.0078125,19.0,19.0,128,20
26,uncertainty,26512,1.2445762170956132,80,0.0234375,16.0,15.333333333333334,128,20
26,uncertainty,8593,4.540414296375081,1,1.0,1.0,1.2265625,128,20
26,uncertainty,31121,1.3109616640703234,75,0.03125,15.5,15.5,128,20
26,uncertainty,10138,1.60657649754035,46,0.0859375,12.0,12.727272727272727,128,20
26,uncertainty,3994,1.4345054001675304,60,0.0078125,20.0,20.0,128,20
26,uncertainty,15774,1.3940923500346092,67,0.0703125,17.0,15.666666666666666,128,20
26,uncertainty,23458,1.8645627904857156,33,0.2890625,15.0,13.945945945945946,128,20
26,uncertainty,18871,1.1767655288631915,89,0.0078125,17.0,17.0,128,20
26,uncertainty,31161,0.9372481939444093,134,0.0078125,20.0,20.0,128,20
26,uncertainty,23994,1.896161016211144,27,0.234375,17.0,15.9,128,20
26,uncertainty,18367,1.6744943711803952,38,0.109375,15.0,15.071428571428571,128,20
26,uncertainty,15304,2.724451945799226,6,0.875,8.0,8.964285714285714,128,20
26,uncertainty,19918,1.1550809908236837,93,0.0078125,20.0,20.0,128,20
26,uncertainty,4047,1.6300506136258286,44,0.0859375,16.0,15.727272727272727,128,20
26,uncertainty,16852,1.6029319256064414,47,0.046875,18.0,17.333333333333332,128,20
26,uncertainty,7648,1.6977086495254083,37,0.125,16.0,15.75,128,20
26,uncertainty,29666,0.7732381274366116,181,0.0078125,17.0,17.0,128,20
26,uncertainty,13798,2.1715167132760786,19,0.328125,14.5,14.19047619047619,128,20
26,uncertainty,27112,2.9172749589172673,4,0.953125,6.0,6.827868852459017,128,20
26,uncertainty,5609,0.8611305912240247,153,0.0078125,20.0,20.0,128,20
26,uncertainty,9709,1.1300905049027068,97,0.0078125,19.0,19.0,128,20
26,uncertainty,14834,1.9560168218474536,24,0.25,13.0,13.59375,128,20
26,uncertainty,25587,1.568434406410836,50,0.0625,17.5,17.0,128,20
26,uncertainty,32248,1.2469385097716856,78,0.0078125,13.0,13.0,128,20
26,uncertainty,32767,1.8899256810279181,28,0.1796875,15.0,14.521739130434783,128,20
